source_row_number,scope_group,classification,source_country,source_country_name,ror_id,ror_name,ror_status,geonames_id,locality,subdivision_name,latitude,longitude,match_method
1,global_backlog,safe_active,AD,Andorra,https://ror.org/00w7mf142,University of Andorra,active,3039163,Sant Julià de Lòria,Sant Julià de Loria,42.46372,1.49129,safe_active_exact_name_site_agreement
38,global_backlog,unmatched,AF,Afghanistan,,,,,,,,,unmatched
39,global_backlog,review,AF,Afghanistan,,,,,,,,,held_review_site_only
40,global_backlog,safe_active,AF,Afghanistan,https://ror.org/04fe8b875,American University of Afghanistan,active,1138958,Kabul,Kabul,34.52813,69.17233,safe_active_exact_name_site_agreement
41,global_backlog,unmatched,AF,Afghanistan,,,,,,,,,unmatched
42,global_backlog,safe_active,AF,Afghanistan,https://ror.org/029sbsp57,Badakhshan University,active,1142170,Fayzabad,Badakhshan,37.11664,70.58002,safe_active_exact_name_site_agreement
43,global_backlog,safe_active,AF,Afghanistan,https://ror.org/04742pk47,Baghlan University,active,1130490,Pul-e Khumrī,Baghlan,35.94458,68.71512,safe_active_exact_name_only
44,global_backlog,safe_active,AF,Afghanistan,https://ror.org/05v7khz67,Bakhtar University,active,1138958,Kabul,Kabul,34.52813,69.17233,safe_active_exact_name_site_agreement
45,global_backlog,safe_active,AF,Afghanistan,https://ror.org/059zvbg42,Balkh University,active,1133616,Mazari Sharif,Balkh,36.70904,67.11087,safe_active_exact_name_site_agreement
46,global_backlog,review,AF,Afghanistan,,,,,,,,,held_review_site_only
47,global_backlog,safe_active,AF,Afghanistan,https://ror.org/04yk1tp18,Bost University,active,1134720,Lashkar Gah,Helmand,31.59382,64.37161,safe_active_exact_name_site_agreement
48,global_backlog,safe_active,AF,Afghanistan,https://ror.org/03eczrc37,Dawat University,active,1138958,Kabul,Kabul,34.52813,69.17233,safe_active_exact_name_site_agreement
49,global_backlog,unmatched,AF,Afghanistan,,,,,,,,,unmatched
50,global_backlog,safe_active,AF,Afghanistan,https://ror.org/05gk2b650,Faryab University,active,1133453,Maymana,Faryab,35.92139,64.78361,safe_active_exact_name_site_agreement
51,global_backlog,safe_active,AF,Afghanistan,https://ror.org/0075h8406,Ghazni University,active,1141269,Ghazni,Ghazni,33.55391,68.42096,safe_active_exact_name_site_agreement
52,global_backlog,safe_active,AF,Afghanistan,https://ror.org/050zs3956,Herat University,active,1140026,Herat,Herat,34.34817,62.19967,safe_active_exact_name_site_agreement
53,global_backlog,unmatched,AF,Afghanistan,,,,,,,,,unmatched
54,global_backlog,review,AF,Afghanistan,,,,,,,,,held_inactive_name_conflict
55,global_backlog,unmatched,AF,Afghanistan,,,,,,,,,unmatched
56,global_backlog,safe_active,AF,Afghanistan,https://ror.org/00jpzfk69,Kabul Education University,active,1138958,Kabul,Kabul,34.52813,69.17233,safe_active_exact_name_site_agreement
57,global_backlog,unmatched,AF,Afghanistan,,,,,,,,,unmatched
58,global_backlog,review,AF,Afghanistan,,,,,,,,,held_alias_without_clean_domain_agreement
59,global_backlog,safe_active,AF,Afghanistan,https://ror.org/02ht5pq60,Kabul University,active,1138958,Kabul,Kabul,34.52813,69.17233,safe_active_exact_name_site_agreement
60,global_backlog,safe_active,AF,Afghanistan,https://ror.org/0157yqb81,Kandahar University,active,1138336,Kandahar,Kandahar,31.61332,65.71013,safe_active_exact_name_only
61,global_backlog,safe_active,AF,Afghanistan,https://ror.org/04vts6h49,Kardan University,active,1138958,Kabul,Kabul,34.52813,69.17233,safe_active_exact_name_site_agreement
62,global_backlog,unmatched,AF,Afghanistan,,,,,,,,,unmatched
63,global_backlog,review,AF,Afghanistan,,,,,,,,,held_review_site_only
64,global_backlog,unmatched,AF,Afghanistan,,,,,,,,,unmatched
65,global_backlog,safe_active,AF,Afghanistan,https://ror.org/050k1mp73,Khurasan University,active,1139715,Jalalabad,Nangarhar,34.42647,70.45153,safe_active_exact_name_only
66,global_backlog,unmatched,AF,Afghanistan,,,,,,,,,unmatched
67,global_backlog,safe_active,AF,Afghanistan,https://ror.org/05n47cs30,Nangarhar University,active,1139715,Jalalabad,Nangarhar,34.42647,70.45153,safe_active_exact_name_site_agreement
68,global_backlog,unmatched,AF,Afghanistan,,,,,,,,,unmatched
69,global_backlog,safe_active,AF,Afghanistan,https://ror.org/02re2pw48,Paktia University,active,1141857,Gardez,Paktia,33.59744,69.22592,safe_active_exact_name_site_agreement
70,global_backlog,safe_active,AF,Afghanistan,https://ror.org/03xgsk889,Pamir University,active,1136469,Khōst,Khowst,33.33951,69.92041,safe_active_exact_name_only
71,global_backlog,safe_active,AF,Afghanistan,https://ror.org/02jkgrk30,Parwan University,active,1145352,Charikar,Parwan,35.01361,69.17139,safe_active_exact_name_site_agreement
72,global_backlog,safe_active,AF,Afghanistan,https://ror.org/0451w9n55,Polytechnical University of Kabul,active,1138958,Kabul,Kabul,34.52813,69.17233,safe_active_exact_name_only
73,global_backlog,unmatched,AF,Afghanistan,,,,,,,,,unmatched
74,global_backlog,unmatched,AF,Afghanistan,,,,,,,,,unmatched
75,global_backlog,safe_active,AF,Afghanistan,https://ror.org/01g0sat63,Salam University,active,1138958,Kabul,Kabul,34.52813,69.17233,safe_active_exact_name_site_agreement
76,global_backlog,safe_active,AF,Afghanistan,https://ror.org/016jrh007,Khost University,active,1136469,Khōst,Khowst,33.33951,69.92041,safe_active_exact_name_site_agreement
77,global_backlog,unmatched,AF,Afghanistan,,,,,,,,,unmatched
78,global_backlog,safe_active,AF,Afghanistan,https://ror.org/02rvbpq83,Takhar University,active,1123004,Taloqan,Takhar,36.73605,69.53451,safe_active_exact_name_site_agreement
79,global_backlog,safe_active,AG,Antigua and Barbuda,https://ror.org/001shqf12,American University of Antigua,active,3576022,St John's,Saint John Parish,17.12096,-61.84329,safe_active_exact_name_site_agreement
80,global_backlog,safe_active,AG,Antigua and Barbuda,https://ror.org/01wdhap14,University of Health Sciences Antigua,active,3576260,Falmouth,Saint Paul Parish,17.02741,-61.78136,safe_active_exact_name_site_agreement
81,global_backlog,review,AL,Albania,,,,,,,,,held_alias_without_clean_domain_agreement
82,global_backlog,unmatched,AL,Albania,,,,,,,,,unmatched
83,global_backlog,review,AL,Albania,,,,,,,,,held_review_site_only
84,global_backlog,unmatched,AL,Albania,,,,,,,,,unmatched
85,global_backlog,review,AL,Albania,,,,,,,,,held_review_site_only
86,global_backlog,safe_active,AL,Albania,https://ror.org/04xgcc957,Epoka University,active,3183875,Tirana,Tirana,41.3275,19.81889,safe_active_exact_name_site_agreement
87,global_backlog,review,AL,Albania,,,,,,,,,held_review_site_only
88,global_backlog,review,AL,Albania,,,,,,,,,held_review_site_only
89,global_backlog,review,AL,Albania,,,,,,,,,held_review_site_only
90,global_backlog,review,AL,Albania,,,,,,,,,held_review_site_only
91,global_backlog,safe_active,AL,Albania,https://ror.org/01d3tej48,University of New York Tirana,active,3183875,Tirana,Tirana,41.3275,19.81889,safe_active_exact_name_site_agreement
92,global_backlog,safe_active,AL,Albania,https://ror.org/05jsntm46,"University of Shkodra ""Luigj Gurakuqi""",active,3184081,Shkodër,Shkodër County,42.06828,19.51258,safe_active_exact_name_site_agreement
93,global_backlog,safe_active,AL,Albania,https://ror.org/03g9v2404,University of Tirana,active,3183875,Tirana,Tirana,41.3275,19.81889,safe_active_exact_name_site_agreement
94,global_backlog,safe_active,AL,Albania,https://ror.org/05ger6s34,"University of Vlora ""Ismail Qemali""",active,3183719,Vlorë,Vlorë County,40.4686,19.48318,safe_active_exact_name_site_agreement
95,global_backlog,safe_active,AL,Albania,https://ror.org/05dg6kp30,University Pavaresia Vlore,active,3183719,Vlorë,Vlorë County,40.4686,19.48318,safe_active_exact_name_site_agreement
96,global_backlog,safe_active,AM,Armenia,https://ror.org/04dngzj56,American University of Armenia,active,616052,Yerevan,Yerevan,40.18111,44.51361,safe_active_exact_name_site_agreement
97,global_backlog,unmatched,AM,Armenia,,,,,,,,,unmatched
98,global_backlog,safe_active,AM,Armenia,https://ror.org/01e6gz331,Armenian State University of Economics,active,616052,Yerevan,Yerevan,40.18111,44.51361,safe_active_exact_name_site_agreement
99,global_backlog,safe_active,AM,Armenia,https://ror.org/04z37sn09,Eurasia International University,active,616052,Yerevan,Yerevan,40.18111,44.51361,safe_active_exact_name_site_agreement
100,global_backlog,unmatched,AM,Armenia,,,,,,,,,unmatched
101,global_backlog,review,AM,Armenia,,,,,,,,,held_review_site_only
102,global_backlog,unmatched,AM,Armenia,,,,,,,,,unmatched
103,global_backlog,review,AM,Armenia,,,,,,,,,held_review_site_only
104,global_backlog,review,AM,Armenia,,,,,,,,,held_alias_without_clean_domain_agreement
105,global_backlog,unmatched,AM,Armenia,,,,,,,,,unmatched
106,global_backlog,safe_active,AM,Armenia,https://ror.org/01vkzj587,Yerevan State Medical University,active,616052,Yerevan,Yerevan,40.18111,44.51361,safe_active_exact_name_only
107,global_backlog,safe_active,AM,Armenia,https://ror.org/00s8vne50,Yerevan State University,active,616052,Yerevan,Yerevan,40.17765,44.5126,safe_active_exact_name_site_agreement
108,global_backlog,review,AN,,,,,,,,,,held_review_site_only
109,global_backlog,review,AN,,,,,,,,,,held_review_site_only
110,global_backlog,unmatched,AN,,,,,,,,,,unmatched
111,global_backlog,unmatched,AN,,,,,,,,,,unmatched
112,global_backlog,unmatched,AN,,,,,,,,,,unmatched
113,global_backlog,safe_active,AO,Angola,https://ror.org/0547s4559,Catholic University of Angola,active,2240449,Luanda,Luanda,-8.83682,13.23432,safe_active_exact_name_site_agreement
114,global_backlog,review,AO,Angola,,,,,,,,,held_review_site_only
115,global_backlog,safe_active,AO,Angola,https://ror.org/02ghs4671,Universidade Independente de Angola,active,2240449,Luanda,Luanda,-8.83682,13.23432,safe_active_exact_name_site_agreement
116,global_backlog,safe_active,AO,Angola,https://ror.org/05hx26488,Universidade Lusíada de Angola,active,2240449,Luanda,Luanda,-8.83682,13.23432,safe_active_exact_name_only
117,global_backlog,safe_active,AO,Angola,https://ror.org/02y4de895,Methodist University of Angola,active,2240449,Luanda,Luanda,-8.83682,13.23432,safe_active_exact_name_site_agreement
118,global_backlog,unmatched,AO,Angola,,,,,,,,,unmatched
119,global_backlog,review,AO,Angola,,,,,,,,,held_review_site_only
120,global_backlog,review,AO,Angola,,,,,,,,,held_review_site_only
121,global_backlog,unmatched,AR,Argentina,,,,,,,,,unmatched
122,global_backlog,review,AR,Argentina,,,,,,,,,held_review_site_only
123,global_backlog,safe_active,AR,Argentina,https://ror.org/02qwadn23,Instituto Tecnológico de Buenos Aires (ITBA),active,3435910,Buenos Aires,Buenos Aires F.D.,-34.61315,-58.37723,safe_active_exact_name_site_agreement
124,global_backlog,safe_active,AR,Argentina,https://ror.org/038t6d126,Instituto Universitario Aeronáutico,active,3860259,Córdoba,Cordoba,-31.4135,-64.18105,safe_active_exact_name_site_agreement
125,global_backlog,unmatched,AR,Argentina,,,,,,,,,unmatched
126,global_backlog,review,AR,Argentina,,,,,,,,,held_review_site_only
127,global_backlog,unmatched,AR,Argentina,,,,,,,,,unmatched
128,global_backlog,unmatched,AR,Argentina,,,,,,,,,unmatched
129,global_backlog,unmatched,AR,Argentina,,,,,,,,,unmatched
130,global_backlog,safe_active,AR,Argentina,https://ror.org/02xm06c56,Universidad Abierta Interamericana,active,3435910,Buenos Aires,Buenos Aires F.D.,-34.61315,-58.37723,safe_active_exact_name_only
131,global_backlog,safe_active,AR,Argentina,https://ror.org/003byr264,Universidad Adventista del Plata,active,11288006,Libertador San Martín,Entre Rios,-32.07079,-60.46403,safe_active_exact_name_only
132,global_backlog,safe_active,AR,Argentina,https://ror.org/00vgfzn51,Universidad Argentina de la Empresa,active,3435910,Buenos Aires,Buenos Aires F.D.,-34.61315,-58.37723,safe_active_exact_name_site_agreement
133,global_backlog,safe_active,AR,Argentina,https://ror.org/03e47dk66,Universidad Argentina John F. Kennedy,active,3435910,Buenos Aires,Buenos Aires F.D.,-34.61315,-58.37723,safe_active_exact_name_site_agreement
134,global_backlog,review,AR,Argentina,,,,,,,,,held_review_site_only
135,global_backlog,review,AR,Argentina,,,,,,,,,held_review_site_only
136,global_backlog,safe_active,AR,Argentina,https://ror.org/040kpmb93,Universidad Autónoma de Entre Ríos,active,3841956,Paraná,Entre Rios,-31.73271,-60.52897,safe_active_exact_name_site_agreement
137,global_backlog,safe_active,AR,Argentina,https://ror.org/04z80e107,Universidad Blas Pascal,active,3860259,Córdoba,Cordoba,-31.40648,-64.18853,safe_active_exact_name_site_agreement
138,global_backlog,unmatched,AR,Argentina,,,,,,,,,unmatched
139,global_backlog,review,AR,Argentina,,,,,,,,,held_review_site_only
140,global_backlog,safe_active,AR,Argentina,https://ror.org/04hehwn14,Universidad Católica de Córdoba,active,3860259,Córdoba,Cordoba,-31.4135,-64.18105,safe_active_exact_name_only
141,global_backlog,safe_active,AR,Argentina,https://ror.org/02yn5by09,Universidad Católica de Cuyo,active,3837213,San Juan,San Juan,-31.5375,-68.53639,safe_active_exact_name_only
142,global_backlog,safe_active,AR,Argentina,https://ror.org/03k552p43,Universidad Católica de La Plata,active,3432043,La Plata,Buenos Aires,-34.92145,-57.95453,safe_active_exact_name_site_agreement
143,global_backlog,safe_active,AR,Argentina,https://ror.org/01n006s45,Universidad Católica de Salta,active,3838233,Salta,Salta,-24.7859,-65.41166,safe_active_exact_name_site_agreement
144,global_backlog,review,AR,Argentina,,,,,,,,,held_review_site_only
145,global_backlog,safe_active,AR,Argentina,https://ror.org/027840k02,Catholic University of Santiago del Estero,active,3835869,Santiago del Estero,Santiago del Estero,-27.79511,-64.26149,safe_active_exact_name_only
146,global_backlog,safe_active,AR,Argentina,https://ror.org/030b93p62,Universidad Champagnat,active,3836669,San Rafael,Mendoza,-34.61531,-68.33238,safe_active_exact_name_site_agreement
147,global_backlog,safe_active,AR,Argentina,https://ror.org/03v5ycz03,University of Belgrano,active,3435910,Buenos Aires,Buenos Aires F.D.,-34.61315,-58.37723,safe_active_exact_name_site_agreement
148,global_backlog,unmatched,AR,Argentina,,,,,,,,,unmatched
149,global_backlog,safe_active,AR,Argentina,https://ror.org/0081fs513,Universidad de Buenos Aires,active,3435910,Buenos Aires,Buenos Aires F.D.,-34.61315,-58.37723,safe_active_exact_name_site_agreement
150,global_backlog,safe_active,AR,Argentina,https://ror.org/04g7dxn12,Universidad de Ciencias Empresariales y Sociales,active,3435910,Buenos Aires,Buenos Aires F.D.,-34.61315,-58.37723,safe_active_exact_name_site_agreement
151,global_backlog,safe_active,AR,Argentina,https://ror.org/00b37sa87,Universidad de Concepción del Uruguay,active,3435264,Concepción del Uruguay,Entre Rios,-32.48463,-58.23217,safe_active_exact_name_site_agreement
152,global_backlog,safe_active,AR,Argentina,https://ror.org/01tnfvr41,Universidad de Congreso,active,3844421,Mendoza,Mendoza,-32.88946,-68.84582,safe_active_exact_name_only
153,global_backlog,review,AR,Argentina,,,,,,,,,held_review_site_only
154,global_backlog,safe_active,AR,Argentina,https://ror.org/03dr5vm44,Aconcagua University,active,3844421,Mendoza,Mendoza,-32.88946,-68.84582,safe_active_exact_name_site_agreement
155,global_backlog,safe_active,AR,Argentina,https://ror.org/00d7rqp94,University of Cuenca del Plata,active,3435217,Corrientes,Corrientes,-27.46784,-58.8344,safe_active_exact_name_site_agreement
156,global_backlog,review,AR,Argentina,,,,,,,,,held_review_site_only
157,global_backlog,safe_active,AR,Argentina,https://ror.org/03g867362,Universidad de la Marina Mercante,active,3435910,Buenos Aires,Buenos Aires F.D.,-34.61315,-58.37723,safe_active_exact_name_site_agreement
158,global_backlog,review,AR,Argentina,,,,,,,,,held_review_site_only
159,global_backlog,review,AR,Argentina,,,,,,,,,held_review_site_only
160,global_backlog,safe_active,AR,Argentina,https://ror.org/02n094r49,University of Argentine Social Museum,active,3435910,Buenos Aires,Buenos Aires F.D.,-34.61315,-58.37723,safe_active_exact_name_site_agreement
161,global_backlog,safe_active,AR,Argentina,https://ror.org/0198n3j25,Saint Thomas Aquinas North University,active,3836873,Tucumán,Tucuman,-26.82414,-65.2226,safe_active_exact_name_site_agreement
162,global_backlog,safe_active,AR,Argentina,https://ror.org/029efta16,Universidad del Salvador,active,3435910,Buenos Aires,Buenos Aires F.D.,-34.61315,-58.37723,safe_active_exact_name_only
163,global_backlog,safe_active,AR,Argentina,https://ror.org/01es6dz53,University of Mendoza,active,3844421,Mendoza,Mendoza,-32.89084,-68.82717,safe_active_exact_name_site_agreement
164,global_backlog,safe_active,AR,Argentina,https://ror.org/00r54sf44,Universidad de Morón,active,3430545,Morón,Buenos Aires,-34.65118,-58.62205,safe_active_exact_name_site_agreement
165,global_backlog,safe_active,AR,Argentina,https://ror.org/04fz79c74,University of Palermo,active,3435910,Buenos Aires,Buenos Aires F.D.,-34.61315,-58.37723,safe_active_exact_name_only
166,global_backlog,review,AR,Argentina,,,,,,,,,held_review_site_only
167,global_backlog,unmatched,AR,Argentina,,,,,,,,,unmatched
168,global_backlog,safe_active,AR,Argentina,https://ror.org/01sewfq88,Universidad Isalud,active,3435910,Buenos Aires,Buenos Aires F.D.,-34.61315,-58.37723,safe_active_exact_name_site_agreement
169,global_backlog,safe_active,AR,Argentina,https://ror.org/03w1cw951,Juan Agustín Maza University,active,3844421,Mendoza,Mendoza,-32.88946,-68.84582,safe_active_exact_name_site_agreement
170,global_backlog,safe_active,AR,Argentina,https://ror.org/01tkmq646,Universidad Maimónides,active,3435910,Buenos Aires,Buenos Aires F.D.,-34.61315,-58.37723,safe_active_exact_name_only
171,global_backlog,safe_active,AR,Argentina,https://ror.org/01za8kp04,National University of Catamarca,active,3837702,Catamarca,Catamarca,-28.46957,-65.78524,safe_active_exact_name_site_agreement
172,global_backlog,safe_active,AR,Argentina,https://ror.org/056tb7j80,Universidad Nacional de Córdoba,active,3860259,Córdoba,Cordoba,-31.40648,-64.18853,safe_active_exact_name_only
173,global_backlog,safe_active,AR,Argentina,https://ror.org/05sn8wf81,Universidad Nacional de Cuyo,active,3844421,Mendoza,Mendoza,-32.88946,-68.84582,safe_active_exact_name_only
174,global_backlog,safe_active,AR,Argentina,https://ror.org/01wgfva68,Universidad Nacional de Entre Ríos,active,3435264,Concepción del Uruguay,Entre Rios,-32.48463,-58.23217,safe_active_exact_name_site_agreement
175,global_backlog,safe_active,AR,Argentina,https://ror.org/05wrc0w56,National University of Formosa,active,3433899,Formosa,Formosa,-26.18489,-58.17313,safe_active_exact_name_site_agreement
176,global_backlog,safe_active,AR,Argentina,https://ror.org/00v29jp57,National University of General San Martín,active,3435910,Buenos Aires,Buenos Aires F.D.,-34.61315,-58.37723,safe_active_exact_name_only
177,global_backlog,safe_active,AR,Argentina,https://ror.org/01k6h2m87,National University of General Sarmiento,active,3431057,Los Polvorines,Buenos Aires,-34.50316,-58.70596,safe_active_exact_name_only
178,global_backlog,safe_active,AR,Argentina,https://ror.org/024yfzm72,National University of Jujuy,active,3836564,San Salvador de Jujuy,Jujuy,-24.1928,-65.29342,safe_active_exact_name_site_agreement
179,global_backlog,safe_active,AR,Argentina,https://ror.org/01bmj8t37,Universidad Nacional de La Matanza,active,3435910,Buenos Aires,Buenos Aires F.D.,-34.61315,-58.37723,safe_active_exact_name_site_agreement
180,global_backlog,review,AR,Argentina,,,,,,,,,held_review_site_only
181,global_backlog,safe_active,AR,Argentina,https://ror.org/02c21vy68,Universidad Nacional de La Pampa,active,3835994,Santa Rosa,La Pampa,-36.61667,-64.28333,safe_active_exact_name_site_agreement
182,global_backlog,safe_active,AR,Argentina,https://ror.org/023f76417,National University of Austral Patagonia,active,3838859,Río Gallegos,Santa Cruz,-51.62261,-69.21813,safe_active_exact_name_only
183,global_backlog,safe_active,AR,Argentina,https://ror.org/022g6pv04,National University of Patagonia San Juan Bosco,active,3833883,Trelew,Chubut,-43.24895,-65.30505,safe_active_exact_name_site_agreement
184,global_backlog,safe_active,AR,Argentina,https://ror.org/01tjs6929,Universidad Nacional de La Plata,active,3432043,La Plata,Buenos Aires,-34.92126,-57.95442,safe_active_exact_name_site_agreement
185,global_backlog,safe_active,AR,Argentina,https://ror.org/03qvyzg66,National University of La Rioja,active,3848950,La Rioja,La Rioja,-29.41105,-66.85067,safe_active_exact_name_site_agreement
186,global_backlog,safe_active,AR,Argentina,https://ror.org/011gakh74,Universidad Nacional del Centro de la Provincia de Buenos Aires,active,3427833,Tandil,Buenos Aires,-37.3287,-59.1369,safe_active_exact_name_site_agreement
187,global_backlog,safe_active,AR,Argentina,https://ror.org/02zvkba47,National University of Comahue,active,3843123,Neuquén,Neuquen,-38.95161,-68.0591,safe_active_exact_name_site_agreement
188,global_backlog,review,AR,Argentina,,,,,,,,,held_review_site_only
189,global_backlog,safe_active,AR,Argentina,https://ror.org/057ecva72,National University of the Northeast,active,3435217,Corrientes,Corrientes,-27.46784,-58.8344,safe_active_exact_name_site_agreement
190,global_backlog,safe_active,AR,Argentina,https://ror.org/00c8e6e47,National University of Northwestern Buenos Aires,active,3853354,Junín,Buenos Aires,-34.59391,-60.94644,safe_active_exact_name_site_agreement
191,global_backlog,safe_active,AR,Argentina,https://ror.org/03phg1t06,National University of Lomas de Zamora,active,3431271,Lomas de Zamora,Buenos Aires,-34.7574,-58.40279,safe_active_exact_name_site_agreement
192,global_backlog,safe_active,AR,Argentina,https://ror.org/028crwz56,Universidad Nacional del Sur,active,3865086,Bahía Blanca,Buenos Aires,-38.7176,-62.26545,safe_active_exact_name_site_agreement
193,global_backlog,safe_active,AR,Argentina,https://ror.org/01yjy8p80,National University of Luján,active,3430988,Luján,Buenos Aires,-34.5664,-59.11478,safe_active_exact_name_site_agreement
194,global_backlog,safe_active,AR,Argentina,https://ror.org/055eqsb67,National University of Mar del Plata,active,3430863,Mar del Plata,Buenos Aires,-38.00042,-57.5562,safe_active_exact_name_site_agreement
195,global_backlog,safe_active,AR,Argentina,https://ror.org/03kr8x191,National University of Misiones,active,3429886,Posadas,Misiones,-27.36708,-55.89608,safe_active_exact_name_site_agreement
196,global_backlog,safe_active,AR,Argentina,https://ror.org/01r53hz59,National University of Quilmes,active,3436033,Bernal,Buenos Aires,-34.7109,-58.2833,safe_active_exact_name_site_agreement
197,global_backlog,safe_active,AR,Argentina,https://ror.org/0002pcv65,Universidad Nacional de Río Cuarto,active,3838874,Río Cuarto,Cordoba,-33.13044,-64.35272,safe_active_exact_name_site_agreement
198,global_backlog,safe_active,AR,Argentina,https://ror.org/02tphfq59,National University of Rosario,active,3838583,Rosario,Santa Fe,-32.94682,-60.63932,safe_active_exact_name_site_agreement
199,global_backlog,safe_active,AR,Argentina,https://ror.org/00htwgm11,National University of Salta,active,3838233,Salta,Salta,-24.80645,-65.41999,safe_active_exact_name_site_agreement
200,global_backlog,safe_active,AR,Argentina,https://ror.org/02rsnav77,National University of San Juan,active,3837213,San Juan,San Juan,-31.5375,-68.53639,safe_active_exact_name_site_agreement
201,global_backlog,safe_active,AR,Argentina,https://ror.org/00mczdx43,National University of San Luis,active,3837056,San Luis,San Luis,-33.29501,-66.33563,safe_active_exact_name_site_agreement
202,global_backlog,safe_active,AR,Argentina,https://ror.org/01v9p7c03,National University of Santiago del Estero,active,3835869,Santiago del Estero,Santiago del Estero,-27.79511,-64.26149,safe_active_exact_name_site_agreement
203,global_backlog,safe_active,AR,Argentina,https://ror.org/051zrh047,National University of Tres de Febrero,active,3435611,Caseros,Buenos Aires,-34.60688,-58.56392,safe_active_exact_name_site_agreement
204,global_backlog,safe_active,AR,Argentina,https://ror.org/04chzd762,National University of Tucumán,active,3836873,Tucumán,Tucuman,-26.82414,-65.2226,safe_active_exact_name_site_agreement
205,global_backlog,safe_active,AR,Argentina,https://ror.org/031m0fr54,National University of Villa María,active,3832694,Villa María,Cordoba,-32.40751,-63.24016,safe_active_exact_name_site_agreement
206,global_backlog,safe_active,AR,Argentina,https://ror.org/03r487h15,Universidad Notarial Argentina,active,3432043,La Plata,Buenos Aires,-34.92145,-57.95453,safe_active_exact_name_site_agreement
207,global_backlog,safe_active,AR,Argentina,https://ror.org/04t730v47,National Technological University,active,3435910,Buenos Aires,Buenos Aires F.D.,-34.61315,-58.37723,safe_active_exact_name_site_agreement
208,global_backlog,safe_active,AR,Argentina,https://ror.org/04sxme922,Universidad Torcuato Di Tella,active,3435910,Buenos Aires,Buenos Aires F.D.,-34.61315,-58.37723,safe_active_exact_name_site_agreement
302,global_backlog,safe_active,AZ,Azerbaijan,https://ror.org/054fdbt51,Academy of Public Administration,active,587084,Baku,Baki,40.37767,49.89201,safe_active_exact_name_site_agreement
303,global_backlog,review,AZ,Azerbaijan,,,,,,,,,held_review_site_only
304,global_backlog,safe_active,AZ,Azerbaijan,https://ror.org/00rq5kg69,Azerbaijan International University,active,587084,Baku,Baki,40.37767,49.89201,safe_active_exact_name_site_agreement
305,global_backlog,safe_active,AZ,Azerbaijan,https://ror.org/016a0n751,Azerbaijan Medical University,active,587084,Baku,Baki,40.37767,49.89201,safe_active_exact_name_site_agreement
306,global_backlog,unmatched,AZ,Azerbaijan,,,,,,,,,unmatched
307,global_backlog,unmatched,AZ,Azerbaijan,,,,,,,,,unmatched
308,global_backlog,review,AZ,Azerbaijan,,,,,,,,,held_alias_without_clean_domain_agreement
309,global_backlog,safe_active,AZ,Azerbaijan,https://ror.org/01qe1a488,Azerbaijan Technical University,active,587084,Baku,Baki,40.37767,49.89201,safe_active_exact_name_only
310,global_backlog,review,AZ,Azerbaijan,,,,,,,,,held_review_site_only
311,global_backlog,unmatched,AZ,Azerbaijan,,,,,,,,,unmatched
312,global_backlog,safe_active,AZ,Azerbaijan,https://ror.org/00g1psz15,Azerbaijan University,active,587084,Baku,Baki,40.37767,49.89201,safe_active_exact_name_site_agreement
313,global_backlog,review,AZ,Azerbaijan,,,,,,,,,held_review_site_only
314,global_backlog,review,AZ,Azerbaijan,,,,,,,,,held_review_site_only
315,global_backlog,safe_active,AZ,Azerbaijan,https://ror.org/026gk3798,Baku Slavic University,active,587084,Baku,Baki,40.37767,49.89201,safe_active_exact_name_only
316,global_backlog,safe_active,AZ,Azerbaijan,https://ror.org/054gw3b40,Baku State University,active,587084,Baku,Baki,40.37767,49.89201,safe_active_exact_name_only
317,global_backlog,safe_active,AZ,Azerbaijan,https://ror.org/0451bvc41,Ganja State University,active,586523,Ganja,Gǝncǝ,40.68278,46.36056,safe_active_exact_name_only
318,global_backlog,safe_active,AZ,Azerbaijan,https://ror.org/014te7048,Khazar University,active,587084,Baku,Baki,40.37767,49.89201,safe_active_exact_name_site_agreement
319,global_backlog,safe_active,AZ,Azerbaijan,https://ror.org/0518w5j31,Lankaran State University,active,147622,Lankaran,Lənkəran,38.75428,48.85062,safe_active_exact_name_site_agreement
320,global_backlog,unmatched,AZ,Azerbaijan,,,,,,,,,unmatched
321,global_backlog,safe_active,AZ,Azerbaijan,https://ror.org/02wne9d91,Nakhchivan State University,active,147429,Nakhchivan,Nakhchivan,39.20889,45.41222,safe_active_exact_name_site_agreement
322,global_backlog,safe_active,AZ,Azerbaijan,https://ror.org/05vad5q49,National Aviation Academy,active,587084,Baku,Baki,40.37767,49.89201,safe_active_exact_name_only
323,global_backlog,safe_active,AZ,Azerbaijan,https://ror.org/00sew4x53,Odlar Yurdu University,active,587084,Baku,Baki,40.37767,49.89201,safe_active_exact_name_site_agreement
324,global_backlog,unmatched,AZ,Azerbaijan,,,,,,,,,unmatched
325,global_backlog,safe_active,AZ,Azerbaijan,https://ror.org/0538j0209,Qafqaz University,active,587084,Baku,Baki,40.37767,49.89201,safe_active_exact_name_only
326,global_backlog,review,AZ,Azerbaijan,,,,,,,,,held_review_site_only
327,global_backlog,review,AZ,Azerbaijan,,,,,,,,,held_alias_without_clean_domain_agreement
328,global_backlog,unmatched,BA,Bosnia and Herzegovina,,,,,,,,,unmatched
329,global_backlog,safe_active,BA,Bosnia and Herzegovina,https://ror.org/040cm8d21,International Burch University,active,3191281,Sarajevo,Federation of B&H,43.84864,18.35644,safe_active_exact_name_site_agreement
330,global_backlog,safe_active,BA,Bosnia and Herzegovina,https://ror.org/01aa4jj71,International University of Sarajevo,active,3191281,Sarajevo,Federation of B&H,43.84864,18.35644,safe_active_exact_name_site_agreement
331,global_backlog,safe_active,BA,Bosnia and Herzegovina,https://ror.org/03hw0dp08,International University of Travnik,active,3188924,Travnik,Federation of B&H,44.22637,17.66583,safe_active_exact_name_site_agreement
332,global_backlog,unmatched,BA,Bosnia and Herzegovina,,,,,,,,,unmatched
333,global_backlog,safe_active,BA,Bosnia and Herzegovina,https://ror.org/047r2sc84,Slobomir P University,active,3204186,Bijeljina,Srpska,44.75874,19.21437,safe_active_exact_name_site_agreement
334,global_backlog,safe_active,BA,Bosnia and Herzegovina,https://ror.org/0282m7c06,University of Banja Luka,active,3204541,Banja Luka,Srpska,44.77842,17.19386,safe_active_exact_name_site_agreement
335,global_backlog,review,BA,Bosnia and Herzegovina,,,,,,,,,held_review_site_only
336,global_backlog,unmatched,BA,Bosnia and Herzegovina,,,,,,,,,unmatched
337,global_backlog,safe_active,BA,Bosnia and Herzegovina,https://ror.org/00v89p354,University of Mostar,active,3194828,Mostar,Federation of B&H,43.34333,17.80806,safe_active_exact_name_only
338,global_backlog,safe_active,BA,Bosnia and Herzegovina,https://ror.org/02hhwgd43,University of Sarajevo,active,3191281,Sarajevo,Federation of B&H,43.84864,18.35644,safe_active_exact_name_site_agreement
339,global_backlog,safe_active,BA,Bosnia and Herzegovina,https://ror.org/036gzhj81,University of Tuzla,active,3188582,Tuzla,Federation of B&H,44.53842,18.66709,safe_active_exact_name_site_agreement
340,global_backlog,safe_active,BA,Bosnia and Herzegovina,https://ror.org/02s9jxg24,University of Zenica,active,3186573,Zenica,Federation of B&H,44.20169,17.90397,safe_active_exact_name_site_agreement
341,global_backlog,review,BA,Bosnia and Herzegovina,,,,,,,,,held_review_site_only
342,global_backlog,review,BA,Bosnia and Herzegovina,,,,,,,,,held_review_site_only
343,global_backlog,unmatched,BB,Barbados,,,,,,,,,unmatched
344,global_backlog,safe_active,BD,Bangladesh,https://ror.org/04wfbp123,Ahsanullah University of Science and Technology,active,1185241,Dhaka,Dhaka Division,23.7104,90.40744,safe_active_exact_name_site_agreement
345,global_backlog,safe_active,BD,Bangladesh,https://ror.org/02j8ga255,American International University-Bangladesh,active,1185241,Dhaka,Dhaka Division,23.7104,90.40744,safe_active_exact_name_site_agreement
346,global_backlog,safe_active,BD,Bangladesh,https://ror.org/05ahxa252,ASA University Bangladesh,active,1185241,Dhaka,Dhaka Division,23.7104,90.40744,safe_active_exact_name_site_agreement
347,global_backlog,safe_active,BD,Bangladesh,https://ror.org/03aw0bz08,Asian University of Bangladesh,active,1185241,Dhaka,Dhaka Division,23.7104,90.40744,safe_active_exact_name_only
348,global_backlog,unmatched,BD,Bangladesh,,,,,,,,,unmatched
349,global_backlog,safe_active,BD,Bangladesh,https://ror.org/04tgrx733,Gazipur Agricultural University,active,1185241,Dhaka,Dhaka Division,23.7104,90.40744,safe_active_exact_name_site_agreement
350,global_backlog,unmatched,BD,Bangladesh,,,,,,,,,unmatched
351,global_backlog,safe_active,BD,Bangladesh,https://ror.org/03k5zb271,Bangladesh Agricultural University,active,1185162,Mymensingh,Mymensingh Division,24.75636,90.40646,safe_active_exact_name_site_agreement
352,global_backlog,safe_active,BD,Bangladesh,https://ror.org/05s3ca234,Bangladesh Open University,active,1185241,Dhaka,Dhaka Division,23.7104,90.40744,safe_active_exact_name_site_agreement
353,global_backlog,safe_active,BD,Bangladesh,https://ror.org/03zta4r50,Bangladesh University,active,1185241,Dhaka,Dhaka Division,23.7104,90.40744,safe_active_exact_name_site_agreement
354,global_backlog,safe_active,BD,Bangladesh,https://ror.org/0400am365,Bangladesh University of Business and Technology,active,1185241,Dhaka,Dhaka Division,23.7104,90.40744,safe_active_exact_name_site_agreement
355,global_backlog,safe_active,BD,Bangladesh,https://ror.org/05a1qpv97,Bangladesh University of Engineering and Technology,active,1185241,Dhaka,Dhaka Division,23.7104,90.40744,safe_active_exact_name_site_agreement
356,global_backlog,safe_active,BD,Bangladesh,https://ror.org/01zphyp78,Bangladesh University of Professionals,active,1185241,Dhaka,Dhaka Division,23.7104,90.40744,safe_active_exact_name_site_agreement
357,global_backlog,safe_active,BD,Bangladesh,https://ror.org/031evmb56,Bangladesh University of Textiles,active,1185241,Dhaka,Dhaka Division,23.7104,90.40744,safe_active_exact_name_site_agreement
358,global_backlog,review,BD,Bangladesh,,,,,,,,,held_review_site_only
359,global_backlog,safe_active,BD,Bangladesh,https://ror.org/05s2ecw65,BGC Trust University Bangladesh,active,1205733,Chittagong,Chittagong,22.3384,91.83168,safe_active_exact_name_only
360,global_backlog,safe_active,BD,Bangladesh,https://ror.org/00sge8677,BRAC University,active,1185241,Dhaka,Dhaka Division,23.7104,90.40744,safe_active_exact_name_only
361,global_backlog,safe_active,BD,Bangladesh,https://ror.org/05fcm5569,Chittagong Independent University,active,1205733,Chittagong,Chittagong,22.3384,91.83168,safe_active_exact_name_site_agreement
362,global_backlog,safe_active,BD,Bangladesh,https://ror.org/052qsay17,Chittagong University of Engineering & Technology,active,1205733,Chittagong,Chittagong,22.3384,91.83168,safe_active_exact_name_site_agreement
363,global_backlog,safe_active,BD,Bangladesh,https://ror.org/00r1j9q42,City University,active,1185241,Dhaka,Dhaka Division,23.7104,90.40744,safe_active_exact_name_site_agreement
364,global_backlog,safe_active,BD,Bangladesh,https://ror.org/02bnddg69,Comilla University,active,1185186,Comilla,Chittagong,23.46186,91.18503,safe_active_exact_name_site_agreement
365,global_backlog,safe_active,BD,Bangladesh,https://ror.org/052t4a858,Daffodil International University,active,1185241,Dhaka,Dhaka Division,23.7104,90.40744,safe_active_exact_name_site_agreement
366,global_backlog,safe_active,BD,Bangladesh,https://ror.org/01vg6n598,Darul Ihsan University,active,1185241,Dhaka,Dhaka Division,23.7104,90.40744,safe_active_exact_name_only
367,global_backlog,safe_active,BD,Bangladesh,https://ror.org/05nsh7a69,Dhaka International University,active,1185241,Dhaka,Dhaka Division,23.7104,90.40744,safe_active_exact_name_only
368,global_backlog,safe_active,BD,Bangladesh,https://ror.org/03qxvyy35,Dhaka University of Engineering & Technology,active,1185241,Dhaka,Dhaka Division,23.7104,90.40744,safe_active_exact_name_site_agreement
369,global_backlog,safe_active,BD,Bangladesh,https://ror.org/022j25y55,East Delta University,active,1205733,Chittagong,Chittagong,22.3384,91.83168,safe_active_exact_name_site_agreement
370,global_backlog,safe_active,BD,Bangladesh,https://ror.org/05e2ncr14,Eastern University,active,1185241,Dhaka,Dhaka Division,23.7104,90.40744,safe_active_exact_name_site_agreement
371,global_backlog,safe_active,BD,Bangladesh,https://ror.org/05p0tzt32,East West University,active,1185241,Dhaka,Dhaka Division,23.7104,90.40744,safe_active_exact_name_site_agreement
372,global_backlog,review,BD,Bangladesh,,,,,,,,,held_review_site_only
373,global_backlog,safe_active,BD,Bangladesh,https://ror.org/04f7afq11,Green University of Bangladesh,active,1185241,Dhaka,Dhaka Division,23.7104,90.40744,safe_active_exact_name_site_agreement
374,global_backlog,safe_active,BD,Bangladesh,https://ror.org/00kvxt616,Hajee Mohammad Danesh Science and Technology University,active,1203891,Dinajpur,Rangpur Division,25.62745,88.63779,safe_active_exact_name_site_agreement
375,global_backlog,safe_active,BD,Bangladesh,https://ror.org/038kxvq41,IBAIS University,active,1185241,Dhaka,Dhaka Division,23.7104,90.40744,safe_active_exact_name_site_agreement
376,global_backlog,safe_active,BD,Bangladesh,https://ror.org/05qbbf772,"Independent University, Bangladesh",active,1185241,Dhaka,Dhaka Division,23.7104,90.40744,safe_active_exact_name_site_agreement
377,global_backlog,safe_active,BD,Bangladesh,https://ror.org/00wws3648,International Culture University,active,1185241,Dhaka,Dhaka Division,23.7104,90.40744,safe_active_exact_name_site_agreement
378,global_backlog,safe_active,BD,Bangladesh,https://ror.org/00eda4j42,International Islamic University Chittagong,active,1205733,Chittagong,Chittagong,22.3384,91.83168,safe_active_exact_name_site_agreement
379,global_backlog,safe_active,BD,Bangladesh,https://ror.org/02m32cr13,International University of Business Agriculture and Technology,active,1185241,Dhaka,Dhaka Division,23.7104,90.40744,safe_active_exact_name_site_agreement
380,global_backlog,review,BD,Bangladesh,,,,,,,,,held_review_site_only
381,global_backlog,safe_active,BD,Bangladesh,https://ror.org/057gnqw22,Islamic University of Technology,active,1185241,Dhaka,Dhaka Division,23.7104,90.40744,safe_active_exact_name_site_agreement
382,global_backlog,safe_active,BD,Bangladesh,https://ror.org/02c4z7527,Jagannath University,active,1185241,Dhaka,Dhaka Division,23.7104,90.40744,safe_active_exact_name_site_agreement
383,global_backlog,safe_active,BD,Bangladesh,https://ror.org/04ywb0864,Jahangirnagar University,active,1185241,Dhaka,Dhaka Division,23.7104,90.40744,safe_active_exact_name_site_agreement
384,global_backlog,safe_active,BD,Bangladesh,https://ror.org/009kcw598,Jatiya Kabi Kazi Nazrul Islam University,active,1185241,Dhaka,Dhaka Division,23.7104,90.40744,safe_active_exact_name_site_agreement
385,global_backlog,safe_active,BD,Bangladesh,https://ror.org/05pny7s12,Khulna University,active,1336135,Khulna,Khulna Division,22.80979,89.56439,safe_active_exact_name_site_agreement
386,global_backlog,safe_active,BD,Bangladesh,https://ror.org/04y58d606,Khulna University of Engineering and Technology,active,1336135,Khulna,Khulna Division,22.80979,89.56439,safe_active_exact_name_site_agreement
387,global_backlog,safe_active,BD,Bangladesh,https://ror.org/03eb1ae70,Leading University,active,1185099,Sylhet,Sylhet Division,24.89904,91.87198,safe_active_exact_name_site_agreement
388,global_backlog,safe_active,BD,Bangladesh,https://ror.org/05rce5g70,Manarat International University,active,1185241,Dhaka,Dhaka Division,23.7104,90.40744,safe_active_exact_name_site_agreement
389,global_backlog,safe_active,BD,Bangladesh,https://ror.org/00gvj4587,Mawlana Bhashani Science and Technology University,active,1185241,Dhaka,Dhaka Division,23.7104,90.40744,safe_active_exact_name_site_agreement
390,global_backlog,safe_active,BD,Bangladesh,https://ror.org/04hdrrs71,Metropolitan University,active,1185099,Sylhet,Sylhet Division,24.89904,91.87198,safe_active_exact_name_site_agreement
391,global_backlog,safe_active,BD,Bangladesh,https://ror.org/007jk3x13,Military Institute of Science and Technology,active,1185241,Dhaka,Dhaka Division,23.7104,90.40744,safe_active_exact_name_site_agreement
392,global_backlog,unmatched,BD,Bangladesh,,,,,,,,,unmatched
393,global_backlog,review,BD,Bangladesh,,,,,,,,,held_review_site_only
394,global_backlog,review,BD,Bangladesh,,,,,,,,,held_review_site_only
395,global_backlog,safe_active,BD,Bangladesh,https://ror.org/01jc1xp35,Northern University Bangladesh,active,1185241,Dhaka,Dhaka Division,23.7104,90.40744,safe_active_exact_name_site_agreement
396,global_backlog,safe_active,BD,Bangladesh,https://ror.org/05wdbfp45,North South University,active,1185241,Dhaka,Dhaka Division,23.7104,90.40744,safe_active_exact_name_site_agreement
397,global_backlog,safe_active,BD,Bangladesh,https://ror.org/01vxg3438,Pabna University of Science and Technology,active,1336143,Pābna,Rajshahi Division,24.00644,89.2372,safe_active_exact_name_site_agreement
398,global_backlog,safe_active,BD,Bangladesh,https://ror.org/03m50n726,Patuakhali Science and Technology University,active,1337216,Patuakhali,Barisal Division,22.33333,90.33333,safe_active_exact_name_site_agreement
399,global_backlog,safe_active,BD,Bangladesh,https://ror.org/00194tb08,People's University of Bangladesh,active,1185241,Dhaka,Dhaka Division,23.7104,90.40744,safe_active_exact_name_site_agreement
400,global_backlog,safe_active,BD,Bangladesh,https://ror.org/02j96nm37,Premier University,active,1205733,Chittagong,Chittagong,22.3384,91.83168,safe_active_exact_name_site_agreement
401,global_backlog,safe_active,BD,Bangladesh,https://ror.org/03vzjn737,Presidency University,active,1185241,Dhaka,Dhaka Division,23.7104,90.40744,safe_active_exact_name_site_agreement
402,global_backlog,safe_active,BD,Bangladesh,https://ror.org/00strmv13,Queens University,active,1185241,Dhaka,Dhaka Division,23.7104,90.40744,safe_active_exact_name_site_agreement
403,global_backlog,safe_active,BD,Bangladesh,https://ror.org/049ysg747,Rajshahi University of Engineering and Technology,active,1185128,Rajshahi,Rajshahi Division,24.374,88.60114,safe_active_exact_name_site_agreement
404,global_backlog,safe_active,BD,Bangladesh,https://ror.org/05hm0vv72,Shahjalal University of Science and Technology,active,1185099,Sylhet,Sylhet Division,24.89904,91.87198,safe_active_exact_name_site_agreement
405,global_backlog,safe_active,BD,Bangladesh,https://ror.org/00cf0ab87,Southeast University,active,1185241,Dhaka,Dhaka Division,23.7104,90.40744,safe_active_exact_name_only
406,global_backlog,review,BD,Bangladesh,,,,,,,,,held_review_site_only
407,global_backlog,review,BD,Bangladesh,,,,,,,,,held_review_site_only
408,global_backlog,safe_active,BD,Bangladesh,https://ror.org/000n1k313,Sylhet Agricultural University,active,1185099,Sylhet,Sylhet Division,24.89904,91.87198,safe_active_exact_name_site_agreement
409,global_backlog,safe_active,BD,Bangladesh,https://ror.org/00vaxb994,Sylhet Engineering College,active,1185099,Sylhet,Sylhet Division,24.89904,91.87198,safe_active_exact_name_site_agreement
410,global_backlog,safe_active,BD,Bangladesh,https://ror.org/05y4r9290,Sylhet International University,active,1185099,Sylhet,Sylhet Division,24.89904,91.87198,safe_active_exact_name_site_agreement
411,global_backlog,safe_active,BD,Bangladesh,https://ror.org/01tqv1p28,United International University,active,1185241,Dhaka,Dhaka Division,23.7104,90.40744,safe_active_exact_name_site_agreement
412,global_backlog,review,BD,Bangladesh,,,,,,,,,held_review_site_only
413,global_backlog,safe_active,BD,Bangladesh,https://ror.org/01173vs27,University of Chittagong,active,1205733,Chittagong,Chittagong,22.3384,91.83168,safe_active_exact_name_site_agreement
414,global_backlog,safe_active,BD,Bangladesh,https://ror.org/00sxnz850,University of Development Alternative,active,1185241,Dhaka,Dhaka Division,23.7104,90.40744,safe_active_exact_name_site_agreement
415,global_backlog,safe_active,BD,Bangladesh,https://ror.org/05wv2vq37,University of Dhaka,active,1185241,Dhaka,Dhaka Division,23.7104,90.40744,safe_active_exact_name_site_agreement
416,global_backlog,safe_active,BD,Bangladesh,https://ror.org/04j1jjs80,University of Information Technology and Sciences,active,1185241,Dhaka,Dhaka Division,23.7104,90.40744,safe_active_exact_name_site_agreement
417,global_backlog,review,BD,Bangladesh,,,,,,,,,held_review_site_only
418,global_backlog,safe_active,BD,Bangladesh,https://ror.org/05nnyr510,University of Rajshahi,active,1185128,Rajshahi,Rajshahi Division,24.374,88.60114,safe_active_exact_name_site_agreement
419,global_backlog,safe_active,BD,Bangladesh,https://ror.org/00w9tx359,University of Science and Technology Chittagong,active,1205733,Chittagong,Chittagong,22.3384,91.83168,safe_active_exact_name_site_agreement
420,global_backlog,safe_active,BD,Bangladesh,https://ror.org/0324fh017,World University of Bangladesh,active,1185241,Dhaka,Dhaka Division,23.7104,90.40744,safe_active_exact_name_only
465,global_backlog,safe_active,BF,Burkina Faso,https://ror.org/00t5e2y66,Université Joseph Ki-Zerbo,active,2357048,Ouagadougou,Centre,12.36566,-1.53388,safe_active_exact_name_only
502,global_backlog,unmatched,BH,Bahrain,,,,,,,,,unmatched
503,global_backlog,review,BH,Bahrain,,,,,,,,,held_alias_without_clean_domain_agreement
504,global_backlog,safe_active,BH,Bahrain,https://ror.org/059zrbe49,Applied Science University,active,290104,Sitrah,Manama,26.15472,50.62056,safe_active_exact_name_site_agreement
505,global_backlog,safe_active,BH,Bahrain,https://ror.org/04gd4wn47,Arabian Gulf University,active,290340,Manama,Manama,26.22787,50.58565,safe_active_exact_name_site_agreement
506,global_backlog,safe_active,BH,Bahrain,https://ror.org/02yyxkw16,Arab Open University,active,290340,Manama,Manama,26.22787,50.58565,safe_active_exact_name_site_agreement
507,global_backlog,safe_active,BH,Bahrain,https://ror.org/01dv0vw10,Bahrain Polytechnic,active,290187,Isa Town,Southern Governorate,26.17361,50.54778,safe_active_exact_name_site_agreement
508,global_backlog,unmatched,BH,Bahrain,,,,,,,,,unmatched
509,global_backlog,unmatched,BH,Bahrain,,,,,,,,,unmatched
510,global_backlog,review,BH,Bahrain,,,,,,,,,held_review_site_only
511,global_backlog,review,BH,Bahrain,,,,,,,,,held_review_site_only
512,global_backlog,review,BH,Bahrain,,,,,,,,,held_review_site_only
513,global_backlog,safe_active,BH,Bahrain,https://ror.org/0317ekv86,University of Bahrain,active,290187,Isa Town,Southern Governorate,26.17361,50.54778,safe_active_exact_name_site_agreement
514,global_backlog,safe_active,BI,Burundi,https://ror.org/05x1fgy66,Hope Africa University,active,425378,Bujumbura,Bujumbura Mairie,-3.38193,29.36142,safe_active_exact_name_only
515,global_backlog,safe_active,BI,Burundi,https://ror.org/003vfy751,Université du Burundi,active,425378,Bujumbura,Bujumbura Mairie,-3.38193,29.36142,safe_active_exact_name_site_agreement
516,global_backlog,unmatched,BI,Burundi,,,,,,,,,unmatched
517,global_backlog,safe_active,BJ,Benin,https://ror.org/011jv2x91,Espam Formation University,active,2394819,Cotonou,Littoral,6.36536,2.41833,safe_active_exact_name_only
518,global_backlog,unmatched,BJ,Benin,,,,,,,,,unmatched
519,global_backlog,review,BJ,Benin,,,,,,,,,held_review_site_only
520,global_backlog,safe_active,BM,Bermuda,https://ror.org/05nfte436,Bermuda College,active,3573197,Hamilton,Hamilton city,32.2949,-64.78303,safe_active_exact_name_only
524,global_backlog,safe_active,BO,Bolivia,https://ror.org/00pfv5508,Escuela Militar de Ingeniería,active,3911925,La Paz,La Paz Department,-16.5,-68.15,safe_active_exact_name_site_agreement
525,global_backlog,safe_active,BO,Bolivia,https://ror.org/02x6tcp11,Bolivia Adventist University,active,3919968,Cochabamba,Cochabamba,-17.3895,-66.1568,safe_active_exact_name_site_agreement
526,global_backlog,safe_active,BO,Bolivia,https://ror.org/05mx53e97,Universidad Amazonica de Pando,active,3919998,Cobija,Pando,-11.02671,-68.76918,safe_active_exact_name_only
527,global_backlog,review,BO,Bolivia,,,,,,,,,held_review_site_only
528,global_backlog,review,BO,Bolivia,,,,,,,,,held_review_site_only
529,global_backlog,safe_active,BO,Bolivia,https://ror.org/01w17ks16,Gabriel René Moreno Autonomous University,active,3904906,Santa Cruz,Santa Cruz Department,-17.78629,-63.18117,safe_active_exact_name_site_agreement
530,global_backlog,safe_active,BO,Bolivia,https://ror.org/02r7t0d73,Universidad Autónoma Juan Misael Saracho,active,3903320,Tarija,Tarija Department,-21.53549,-64.72956,safe_active_exact_name_site_agreement
531,global_backlog,safe_active,BO,Bolivia,https://ror.org/00j0prg66,Tomás Frías Autonomous University,active,3907584,Potosí,Potosí Department,-19.58361,-65.75306,safe_active_exact_name_site_agreement
532,global_backlog,unmatched,BO,Bolivia,,,,,,,,,unmatched
533,global_backlog,review,BO,Bolivia,,,,,,,,,held_review_site_only
534,global_backlog,unmatched,BO,Bolivia,,,,,,,,,unmatched
535,global_backlog,unmatched,BO,Bolivia,,,,,,,,,unmatched
536,global_backlog,safe_active,BO,Bolivia,https://ror.org/01kyyzm82,Universidad Central,active,3919968,Cochabamba,Cochabamba,-17.3895,-66.1568,safe_active_exact_name_site_agreement
537,global_backlog,safe_active,BO,Bolivia,https://ror.org/045m3v459,Universidad De Aquino Bolivia,active,3904906,Santa Cruz,Santa Cruz Department,-17.78629,-63.18117,safe_active_exact_name_site_agreement
538,global_backlog,review,BO,Bolivia,,,,,,,,,held_review_site_only
539,global_backlog,unmatched,BO,Bolivia,,,,,,,,,unmatched
540,global_backlog,review,BO,Bolivia,,,,,,,,,held_review_site_only
541,global_backlog,unmatched,BO,Bolivia,,,,,,,,,unmatched
542,global_backlog,safe_active,BO,Bolivia,https://ror.org/00k4v9x79,Universidad Mayor de San Andrés,active,3911925,La Paz,La Paz Department,-16.5,-68.15,safe_active_exact_name_only
543,global_backlog,safe_active,BO,Bolivia,https://ror.org/03z27es23,Universidad Mayor de San Simón,active,3919968,Cochabamba,Cochabamba,-17.38195,-66.15995,safe_active_exact_name_site_agreement
544,global_backlog,unmatched,BO,Bolivia,,,,,,,,,unmatched
545,global_backlog,review,BO,Bolivia,,,,,,,,,held_review_site_only
546,global_backlog,safe_active,BO,Bolivia,https://ror.org/03y5p5264,Nur University,active,3904906,Santa Cruz,Santa Cruz Department,-17.78629,-63.18117,safe_active_exact_name_site_agreement
547,global_backlog,safe_active,BO,Bolivia,https://ror.org/0565qcy75,Universidad Privada Abierta Latinoamericana,active,3919968,Cochabamba,Cochabamba,-17.3895,-66.1568,safe_active_exact_name_only
548,global_backlog,safe_active,BO,Bolivia,https://ror.org/03758j340,Universidad Privada Boliviana,active,3919968,Cochabamba,Cochabamba,-17.3895,-66.1568,safe_active_exact_name_site_agreement
549,global_backlog,safe_active,BO,Bolivia,https://ror.org/03wjn2094,Universidad Privada del Valle,active,3919968,Cochabamba,Cochabamba,-17.3895,-66.1568,safe_active_exact_name_site_agreement
550,global_backlog,safe_active,BO,Bolivia,https://ror.org/004nyzb81,Universidad Privada de Santa Cruz de la Sierra,active,3904906,Santa Cruz,Santa Cruz Department,-17.78629,-63.18117,safe_active_exact_name_site_agreement
551,global_backlog,review,BO,Bolivia,,,,,,,,,held_review_site_only
552,global_backlog,safe_active,BO,Bolivia,https://ror.org/00vh0dr83,Universidad Salesiana de Bolivia,active,3911925,La Paz,La Paz Department,-16.5,-68.15,safe_active_exact_name_site_agreement
553,global_backlog,unmatched,BO,Bolivia,,,,,,,,,unmatched
554,global_backlog,unmatched,BO,Bolivia,,,,,,,,,unmatched
555,global_backlog,safe_active,BO,Bolivia,https://ror.org/019c89h28,Oruro Technical University,active,3909234,Oruro,Oruro,-17.98333,-67.15,safe_active_exact_name_site_agreement
556,global_backlog,unmatched,BR,Brazil,,,,,,,,,unmatched
557,global_backlog,safe_active,BR,Brazil,https://ror.org/00vtwt580,Centro Universitário Adventista de São Paulo,active,3448439,São Paulo,São Paulo,-23.5475,-46.63611,safe_active_exact_name_only
558,global_backlog,review,BR,Brazil,,,,,,,,,held_review_site_only
559,global_backlog,safe_active,BR,Brazil,https://ror.org/00cvckk37,Centro Universitário Claretiano,active,3470324,Batatais,São Paulo,-20.89111,-47.585,safe_active_exact_name_site_agreement
560,global_backlog,safe_active,BR,Brazil,https://ror.org/04qxpma28,Centro Universitário de Araraquara,active,3471766,Araraquara,São Paulo,-21.79444,-48.17556,safe_active_exact_name_site_agreement
561,global_backlog,safe_active,BR,Brazil,https://ror.org/04pnqcx66,Centro Universitário de João Pessoa,active,3397277,João Pessoa,Paraíba,-7.115,-34.86306,safe_active_exact_name_only
562,global_backlog,safe_active,BR,Brazil,https://ror.org/03ye93e96,Centro Universitário Monte Serrat,active,3449433,Santos,São Paulo,-23.96083,-46.33361,safe_active_exact_name_site_agreement
563,global_backlog,safe_active,BR,Brazil,https://ror.org/012wtwr40,Centro Universitário Newton Paiva,active,3470127,Belo Horizonte,Minas Gerais,-19.92083,-43.93778,safe_active_exact_name_site_agreement
564,global_backlog,review,BR,Brazil,,,,,,,,,held_review_site_only
565,global_backlog,safe_active,BR,Brazil,https://ror.org/04m4fy391,Senac University Center,active,3448439,São Paulo,São Paulo,-23.5475,-46.63611,safe_active_exact_name_site_agreement
566,global_backlog,safe_active,BR,Brazil,https://ror.org/03618vx64,Centro Universitário Serra dos Órgãos,active,3446606,Teresópolis,Rio de Janeiro,-22.4167,-42.97822,safe_active_exact_name_site_agreement
567,global_backlog,review,BR,Brazil,,,,,,,,,held_review_site_only
568,global_backlog,review,BR,Brazil,,,,,,,,,held_review_site_only
569,global_backlog,unmatched,BR,Brazil,,,,,,,,,unmatched
570,global_backlog,unmatched,BR,Brazil,,,,,,,,,unmatched
571,global_backlog,unmatched,BR,Brazil,,,,,,,,,unmatched
572,global_backlog,unmatched,BR,Brazil,,,,,,,,,unmatched
573,global_backlog,review,BR,Brazil,,,,,,,,,held_review_site_only
574,global_backlog,unmatched,BR,Brazil,,,,,,,,,unmatched
575,global_backlog,unmatched,BR,Brazil,,,,,,,,,unmatched
576,global_backlog,review,BR,Brazil,,,,,,,,,held_review_site_only
577,global_backlog,review,BR,Brazil,,,,,,,,,held_non_education_identity
578,global_backlog,safe_active,BR,Brazil,https://ror.org/01crvtj80,Instituto Mauá de Tecnologia,active,3449324,São Caetano do Sul,São Paulo,-23.62306,-46.55111,safe_active_exact_name_site_agreement
579,global_backlog,review,BR,Brazil,,,,,,,,,held_review_site_only
580,global_backlog,safe_active,BR,Brazil,https://ror.org/05vh67662,Instituto Tecnológico de Aeronáutica,active,3448636,São José dos Campos,São Paulo,-23.17944,-45.88694,safe_active_exact_name_site_agreement
581,global_backlog,safe_active,BR,Brazil,https://ror.org/01wjxn842,Pontifícia Universidade Católica de Campinas,active,3467865,Campinas,São Paulo,-22.90556,-47.06083,safe_active_exact_name_only
582,global_backlog,safe_active,BR,Brazil,https://ror.org/03j1rr444,Pontifícia Universidade Católica de Minas Gerais,active,3470127,Belo Horizonte,Minas Gerais,-19.92083,-43.93778,safe_active_exact_name_site_agreement
583,global_backlog,safe_active,BR,Brazil,https://ror.org/00sfmx060,Pontifícia Universidade Católica de São Paulo,active,3448439,São Paulo,São Paulo,-23.5475,-46.63611,safe_active_exact_name_only
584,global_backlog,review,BR,Brazil,,,,,,,,,held_review_site_only
585,global_backlog,safe_active,BR,Brazil,https://ror.org/01dg47b60,Pontifícia Universidade Católica do Rio de Janeiro,active,3451190,Rio de Janeiro,Rio de Janeiro,-22.90642,-43.18223,safe_active_exact_name_site_agreement
586,global_backlog,safe_active,BR,Brazil,https://ror.org/025vmq686,Pontifícia Universidade Católica do Rio Grande do Sul,active,3452925,Porto Alegre,Rio Grande do Sul,-30.03283,-51.23019,safe_active_exact_name_site_agreement
587,global_backlog,unmatched,BR,Brazil,,,,,,,,,unmatched
588,global_backlog,safe_active,BR,Brazil,https://ror.org/00fyj0e42,Universidade Braz Cubas,active,3457001,Mogi das Cruzes,São Paulo,-23.52278,-46.18833,safe_active_exact_name_site_agreement
589,global_backlog,review,BR,Brazil,,,,,,,,,held_alias_without_clean_domain_agreement
590,global_backlog,safe_active,BR,Brazil,https://ror.org/011tj4033,Universidade Candido Mendes,active,3451190,Rio de Janeiro,Rio de Janeiro,-22.90642,-43.18223,safe_active_exact_name_only
591,global_backlog,safe_active,BR,Brazil,https://ror.org/01pn2rg09,Universidade Castelo Branco,active,3451190,Rio de Janeiro,Rio de Janeiro,-22.90642,-43.18223,safe_active_exact_name_site_agreement
592,global_backlog,safe_active,BR,Brazil,https://ror.org/0058wy590,Universidade Católica de Brasília,active,3469058,Brasília,Federal District,-15.77972,-47.92972,safe_active_exact_name_site_agreement
593,global_backlog,review,BR,Brazil,,,,,,,,,held_review_site_only
594,global_backlog,safe_active,BR,Brazil,https://ror.org/0376myh60,Universidade Católica de Pelotas,active,3454244,Pelotas,Rio Grande do Sul,-31.76997,-52.34101,safe_active_exact_name_only
595,global_backlog,safe_active,BR,Brazil,https://ror.org/02ktfmz27,Universidade Católica de Pernambuco,active,3390760,Recife,Pernambuco,-8.05389,-34.88111,safe_active_exact_name_only
596,global_backlog,safe_active,BR,Brazil,https://ror.org/01j56e062,Universidade Católica de Petrópolis,active,3454031,Petrópolis,Rio de Janeiro,-22.505,-43.17861,safe_active_exact_name_site_agreement
597,global_backlog,safe_active,BR,Brazil,https://ror.org/042k2q423,Universidade Católica do Salvador,active,3450554,Salvador,Bahia,-12.97563,-38.49096,safe_active_exact_name_site_agreement
598,global_backlog,safe_active,BR,Brazil,https://ror.org/00vcyhn10,Universidade Católica de Santos,active,3449433,Santos,São Paulo,-23.96083,-46.33361,safe_active_exact_name_only
599,global_backlog,safe_active,BR,Brazil,https://ror.org/02q070r42,Universidade Católica Dom Bosco,active,3467747,Campo Grande,Mato Grosso do Sul,-20.44278,-54.64639,safe_active_exact_name_only
600,global_backlog,safe_active,BR,Brazil,https://ror.org/012gg9483,Universidade Cidade de São Paulo,active,3448439,São Paulo,São Paulo,-23.5475,-46.63611,safe_active_exact_name_only
601,global_backlog,safe_active,BR,Brazil,https://ror.org/05k8pq072,Universidade Cruzeiro do Sul,active,3448439,São Paulo,São Paulo,-23.5475,-46.63611,safe_active_exact_name_only
602,global_backlog,safe_active,BR,Brazil,https://ror.org/003vxvw45,Universidade da Amazônia,active,3405870,Belém,Pará,-1.45583,-48.50444,safe_active_exact_name_site_agreement
603,global_backlog,safe_active,BR,Brazil,https://ror.org/03dnx8x22,Universidade da Região da Campanha,active,3471196,Bagé,Rio Grande do Sul,-31.33139,-54.10694,safe_active_exact_name_only
604,global_backlog,review,BR,Brazil,,,,,,,,,held_review_site_only
605,global_backlog,safe_active,BR,Brazil,https://ror.org/02xfp8v59,Universidade de Brasília,active,3469058,Brasília,Federal District,-15.77972,-47.92972,safe_active_exact_name_site_agreement
606,global_backlog,safe_active,BR,Brazil,https://ror.org/05rpzs058,Universidade de Caxias do Sul,active,3466537,Caxias do Sul,Rio Grande do Sul,-29.16806,-51.17944,safe_active_exact_name_only
607,global_backlog,safe_active,BR,Brazil,https://ror.org/043vxnh96,University of Cruz Alta,active,3465108,Cruz Alta,Rio Grande do Sul,-28.64397,-53.60633,safe_active_exact_name_only
608,global_backlog,safe_active,BR,Brazil,https://ror.org/02ynbzc81,Universidade de Fortaleza,active,3399415,Fortaleza,Ceará,-3.71722,-38.54306,safe_active_exact_name_site_agreement
609,global_backlog,safe_active,BR,Brazil,https://ror.org/04zyja509,Universidade de Franca,active,3463011,Franca,São Paulo,-20.53861,-47.40083,safe_active_exact_name_only
610,global_backlog,review,BR,Brazil,,,,,,,,,held_review_site_only
611,global_backlog,safe_active,BR,Brazil,https://ror.org/05sw4bn05,Universidade de Itaúna,active,3460584,Itaúna,Minas Gerais,-20.07528,-44.57639,safe_active_exact_name_only
612,global_backlog,safe_active,BR,Brazil,https://ror.org/01w96sp43,Universidade de Marília,active,3457692,Marília,São Paulo,-22.21389,-49.94583,safe_active_exact_name_site_agreement
613,global_backlog,safe_active,BR,Brazil,https://ror.org/04hnrs676,Universidade de Mogi das Cruzes,active,3457001,Mogi das Cruzes,São Paulo,-23.52278,-46.18833,safe_active_exact_name_site_agreement
614,global_backlog,review,BR,Brazil,,,,,,,,,held_review_site_only
615,global_backlog,safe_active,BR,Brazil,https://ror.org/01cwd8p12,Universidade de Passo Fundo,active,3454857,Passo Fundo,Rio Grande do Sul,-28.26278,-52.40667,safe_active_exact_name_only
616,global_backlog,safe_active,BR,Brazil,https://ror.org/00gtcbp88,Universidade de Pernambuco,active,3390760,Recife,Pernambuco,-8.05389,-34.88111,safe_active_exact_name_only
617,global_backlog,safe_active,BR,Brazil,https://ror.org/00ey54k21,Universidade de Ribeirão Preto,active,3451328,Ribeirão Preto,São Paulo,-21.1775,-47.81028,safe_active_exact_name_site_agreement
618,global_backlog,safe_active,BR,Brazil,https://ror.org/04zayvt43,Universidade de Santa Cruz do Sul,active,3450269,Santa Cruz do Sul,Rio Grande do Sul,-29.7175,-52.42583,safe_active_exact_name_site_agreement
619,global_backlog,safe_active,BR,Brazil,https://ror.org/05nvmzs58,Universidade de Santo Amaro,active,3448439,São Paulo,São Paulo,-23.5475,-46.63611,safe_active_exact_name_site_agreement
620,global_backlog,safe_active,BR,Brazil,https://ror.org/036rp1748,Universidade de São Paulo,active,3448439,São Paulo,São Paulo,-23.5475,-46.63611,safe_active_exact_name_only
621,global_backlog,safe_active,BR,Brazil,https://ror.org/01gt7sg63,Universidade de Taubaté,active,3446682,Taubaté,São Paulo,-23.02639,-45.55528,safe_active_exact_name_site_agreement
622,global_backlog,unmatched,BR,Brazil,,,,,,,,,unmatched
623,global_backlog,safe_active,BR,Brazil,https://ror.org/05hzgxd58,Universidade de Uberaba,active,3445839,Uberaba,Minas Gerais,-19.74833,-47.93194,safe_active_exact_name_site_agreement
624,global_backlog,review,BR,Brazil,,,,,,,,,held_review_site_only
625,global_backlog,unmatched,BR,Brazil,,,,,,,,,unmatched
626,global_backlog,safe_active,BR,Brazil,https://ror.org/015n1m812,Universidade do Estado da Bahia,active,3450554,Salvador,Bahia,-12.97563,-38.49096,safe_active_exact_name_only
627,global_backlog,safe_active,BR,Brazil,https://ror.org/03ztsbk67,Universidade do Estado de Santa Catarina,active,3463237,Florianópolis,Santa Catarina,-27.59667,-48.54917,safe_active_exact_name_site_agreement
628,global_backlog,safe_active,BR,Brazil,https://ror.org/0198v2949,Universidade do Estado do Rio de Janeiro,active,3451190,Rio de Janeiro,Rio de Janeiro,-22.90642,-43.18223,safe_active_exact_name_site_agreement
629,global_backlog,safe_active,BR,Brazil,https://ror.org/01ee0g236,Universidade do Estado do Rio Grande do Norte,active,3394682,Mossoró,Rio Grande do Norte,-5.1875,-37.34417,safe_active_exact_name_only
630,global_backlog,safe_active,BR,Brazil,https://ror.org/052z2q786,Universidade do Extremo Sul Catarinense,active,3465196,Criciúma,Santa Catarina,-28.6775,-49.36972,safe_active_exact_name_only
631,global_backlog,safe_active,BR,Brazil,https://ror.org/001fypf81,Universidade Unigranrio,active,3451190,Rio de Janeiro,Rio de Janeiro,-22.90642,-43.18223,safe_active_exact_name_site_agreement
632,global_backlog,safe_active,BR,Brazil,https://ror.org/03a6a0a65,Universidade do Oeste de Santa Catarina,active,3459869,Joaçaba,Santa Catarina,-27.17806,-51.50472,safe_active_exact_name_site_agreement
633,global_backlog,safe_active,BR,Brazil,https://ror.org/00ccec020,Universidade do Oeste Paulista,active,3452324,Presidente Prudente,São Paulo,-22.12556,-51.38889,safe_active_exact_name_site_agreement
634,global_backlog,review,BR,Brazil,,,,,,,,,held_review_site_only
635,global_backlog,review,BR,Brazil,,,,,,,,,held_review_site_only
636,global_backlog,review,BR,Brazil,,,,,,,,,held_review_site_only
637,global_backlog,safe_active,BR,Brazil,https://ror.org/006qssd78,Universidade do Sul de Santa Catarina,active,3445993,Tubarão,Santa Catarina,-28.46667,-49.00694,safe_active_exact_name_site_agreement
638,global_backlog,safe_active,BR,Brazil,https://ror.org/041pjwa23,Universidade do Vale do Itajaí,active,3460845,Itajaí,Santa Catarina,-26.90778,-48.66194,safe_active_exact_name_only
639,global_backlog,unmatched,BR,Brazil,,,,,,,,,unmatched
640,global_backlog,safe_active,BR,Brazil,https://ror.org/02cm65z11,Universidade Estadual da Paraíba,active,3403642,Campina Grande,Paraíba,-7.23056,-35.88111,safe_active_exact_name_site_agreement
641,global_backlog,safe_active,BR,Brazil,https://ror.org/04wffgt70,Universidade Estadual de Campinas (UNICAMP),active,3467865,Campinas,São Paulo,-22.90556,-47.06083,safe_active_exact_name_site_agreement
642,global_backlog,safe_active,BR,Brazil,https://ror.org/04ygk5j35,Universidade Estadual de Feira de Santana,active,3463478,Feira de Santana,Bahia,-12.26667,-38.96667,safe_active_exact_name_site_agreement
643,global_backlog,review,BR,Brazil,,,,,,,,,held_site_name_conflict
644,global_backlog,safe_active,BR,Brazil,https://ror.org/04bqqa360,Universidade Estadual de Maringá,active,3457671,Maringá,Paraná,-23.42528,-51.93861,safe_active_exact_name_site_agreement
645,global_backlog,safe_active,BR,Brazil,https://ror.org/01hewbk46,Universidade Estadual de Montes Claros,active,3456814,Montes Claros,Minas Gerais,-16.735,-43.86167,safe_active_exact_name_site_agreement
646,global_backlog,safe_active,BR,Brazil,https://ror.org/027s08w94,Universidade Estadual de Ponta Grossa,active,3453186,Ponta Grossa,Paraná,-25.095,-50.16194,safe_active_exact_name_only
647,global_backlog,safe_active,BR,Brazil,https://ror.org/01zwq4y59,Universidade Estadual de Santa Cruz,active,3461408,Ilhéus,Bahia,-14.79364,-39.03949,safe_active_exact_name_site_agreement
648,global_backlog,safe_active,BR,Brazil,https://ror.org/00sec1m50,Universidade Estadual do Ceará,active,3399415,Fortaleza,Ceará,-3.71722,-38.54306,safe_active_exact_name_site_agreement
649,global_backlog,safe_active,BR,Brazil,https://ror.org/03cxsty68,Universidade Estadual do Centro-Oeste,active,3461879,Guarapuava,Paraná,-25.39048,-51.46541,safe_active_exact_name_only
650,global_backlog,safe_active,BR,Brazil,https://ror.org/04ja5n907,Universidade Estadual do Maranhão,active,3388368,São Luís,Maranhão,-2.52972,-44.30278,safe_active_exact_name_site_agreement
651,global_backlog,review,BR,Brazil,,,,,,,,,held_review_site_only
652,global_backlog,safe_active,BR,Brazil,https://ror.org/05ne20t07,Universidade Estadual do Oeste do Paraná,active,3466779,Cascavel,Paraná,-24.95583,-53.45528,safe_active_exact_name_site_agreement
653,global_backlog,safe_active,BR,Brazil,https://ror.org/02na6tz09,Universidade Estadual do Piauí,active,3386496,Teresina,Piauí,-5.08917,-42.80194,safe_active_exact_name_site_agreement
654,global_backlog,review,BR,Brazil,,,,,,,,,held_review_site_only
655,global_backlog,review,BR,Brazil,,,,,,,,,held_site_name_conflict
656,global_backlog,review,BR,Brazil,,,,,,,,,held_review_site_only
657,global_backlog,safe_active,BR,Brazil,https://ror.org/03k3p7647,Universidade Federal da Bahia,active,3450554,Salvador,Bahia,-12.97563,-38.49096,safe_active_exact_name_site_agreement
658,global_backlog,safe_active,BR,Brazil,https://ror.org/0310smc09,Universidade Federal da Grande Dourados,active,3464460,Dourados,Mato Grosso do Sul,-22.22111,-54.80556,safe_active_exact_name_site_agreement
659,global_backlog,safe_active,BR,Brazil,https://ror.org/00p9vpz11,Universidade Federal da Paraíba,active,3397277,João Pessoa,Paraíba,-7.115,-34.86306,safe_active_exact_name_site_agreement
660,global_backlog,safe_active,BR,Brazil,https://ror.org/00dna7t83,Universidade Federal de Alagoas,active,3395981,Maceió,Alagoas,-9.66583,-35.73528,safe_active_exact_name_site_agreement
661,global_backlog,safe_active,BR,Brazil,https://ror.org/00eftnx64,Universidade Federal de Campina Grande,active,3403642,Campina Grande,Paraíba,-7.23056,-35.88111,safe_active_exact_name_site_agreement
662,global_backlog,safe_active,BR,Brazil,https://ror.org/0039d5757,Universidade Federal de Goiás,active,3462377,Goiânia,Goiás,-16.67861,-49.25389,safe_active_exact_name_site_agreement
663,global_backlog,safe_active,BR,Brazil,https://ror.org/04yqw9c44,Universidade Federal de Juiz de Fora,active,3459505,Juiz de Fora,Minas Gerais,-21.76417,-43.35028,safe_active_exact_name_site_agreement
664,global_backlog,safe_active,BR,Brazil,https://ror.org/0122bmm03,Universidade Federal de Lavras,active,3458696,Lavras,Minas Gerais,-21.24528,-44.99972,safe_active_exact_name_site_agreement
665,global_backlog,safe_active,BR,Brazil,https://ror.org/01mqvjv41,Universidade Federal de Mato Grosso,active,3465038,Cuiabá,Mato Grosso,-15.59611,-56.09667,safe_active_exact_name_site_agreement
666,global_backlog,safe_active,BR,Brazil,https://ror.org/0366d2847,Universidade Federal de Mato Grosso do Sul,active,3467747,Campo Grande,Mato Grosso do Sul,-20.44278,-54.64639,safe_active_exact_name_site_agreement
667,global_backlog,safe_active,BR,Brazil,https://ror.org/0176yjw32,Universidade Federal de Minas Gerais,active,3470127,Belo Horizonte,Minas Gerais,-19.92083,-43.93778,safe_active_exact_name_site_agreement
668,global_backlog,safe_active,BR,Brazil,https://ror.org/056s65p46,Universidade Federal de Ouro Preto,active,3455671,Ouro Preto,Minas Gerais,-20.39484,-43.50517,safe_active_exact_name_site_agreement
669,global_backlog,safe_active,BR,Brazil,https://ror.org/05msy9z54,Universidade Federal de Pelotas,active,3454244,Pelotas,Rio Grande do Sul,-31.76997,-52.34101,safe_active_exact_name_only
670,global_backlog,safe_active,BR,Brazil,https://ror.org/047908t24,Universidade Federal de Pernambuco,active,3390760,Recife,Pernambuco,-8.05389,-34.88111,safe_active_exact_name_site_agreement
671,global_backlog,safe_active,BR,Brazil,https://ror.org/02842cb31,Universidade Federal de Rondônia,active,3662762,Porto Velho,Rondônia,-8.76194,-63.90389,safe_active_exact_name_site_agreement
672,global_backlog,safe_active,BR,Brazil,https://ror.org/03ehp1h78,Universidade Federal de Roraima,active,3664980,Boa Vista,Roraima,2.81972,-60.67333,safe_active_exact_name_only
673,global_backlog,safe_active,BR,Brazil,https://ror.org/041akq887,Universidade Federal de Santa Catarina,active,3463237,Florianópolis,Santa Catarina,-27.59667,-48.54917,safe_active_exact_name_only
674,global_backlog,safe_active,BR,Brazil,https://ror.org/01b78mz79,Universidade Federal de Santa Maria,active,3450083,Santa Maria,Rio Grande do Sul,-29.68417,-53.80694,safe_active_exact_name_only
675,global_backlog,safe_active,BR,Brazil,https://ror.org/00qdc6m37,Universidade Federal de São Carlos,active,3449319,São Carlos,São Paulo,-22.0175,-47.89083,safe_active_exact_name_site_agreement
676,global_backlog,safe_active,BR,Brazil,https://ror.org/02k5swt12,Universidade Federal de São Paulo,active,3448439,São Paulo,São Paulo,-23.5475,-46.63611,safe_active_exact_name_only
677,global_backlog,safe_active,BR,Brazil,https://ror.org/028ka0n85,Universidade Federal de Sergipe,active,3471872,Aracaju,Sergipe,-10.91111,-37.07167,safe_active_exact_name_site_agreement
678,global_backlog,safe_active,BR,Brazil,https://ror.org/04x3wvr31,Universidade Federal de Uberlândia,active,3445831,Uberlândia,Minas Gerais,-18.91861,-48.27722,safe_active_exact_name_site_agreement
679,global_backlog,safe_active,BR,Brazil,https://ror.org/0409dgb37,Universidade Federal de Viçosa,active,3445133,Viçosa,Minas Gerais,-20.75389,-42.88194,safe_active_exact_name_site_agreement
680,global_backlog,safe_active,BR,Brazil,https://ror.org/028kg9j04,Universidade Federal do ABC,active,3449701,Santo André,São Paulo,-23.66389,-46.53833,safe_active_exact_name_site_agreement
681,global_backlog,safe_active,BR,Brazil,https://ror.org/05hag2y10,Universidade Federal do Acre,active,3662574,Rio Branco,Acre,-9.97472,-67.81,safe_active_exact_name_site_agreement
682,global_backlog,safe_active,BR,Brazil,https://ror.org/031va9m79,Universidade Federal do Amapá,active,3396016,Macapá,Amapá,0.03889,-51.06639,safe_active_exact_name_site_agreement
683,global_backlog,safe_active,BR,Brazil,https://ror.org/03srtnf24,Universidade Federal do Ceará,active,3399415,Fortaleza,Ceará,-3.71722,-38.54306,safe_active_exact_name_site_agreement
684,global_backlog,safe_active,BR,Brazil,https://ror.org/05sxf4h28,Universidade Federal do Espírito Santo,active,3444924,Vitória,Espírito Santo,-20.31944,-40.33778,safe_active_exact_name_only
685,global_backlog,safe_active,BR,Brazil,https://ror.org/043fhe951,Universidade Federal do Maranhão,active,3388368,São Luís,Maranhão,-2.52972,-44.30278,safe_active_exact_name_only
686,global_backlog,safe_active,BR,Brazil,https://ror.org/03q9sr818,Universidade Federal do Pará,active,3405870,Belém,Pará,-1.45583,-48.50444,safe_active_exact_name_only
687,global_backlog,safe_active,BR,Brazil,https://ror.org/05syd6y78,Universidade Federal do Paraná,active,3464975,Curitiba,Paraná,-25.42778,-49.27306,safe_active_exact_name_site_agreement
688,global_backlog,safe_active,BR,Brazil,https://ror.org/00kwnx126,Universidade Federal do Piauí,active,3386496,Teresina,Piauí,-5.08917,-42.80194,safe_active_exact_name_site_agreement
689,global_backlog,safe_active,BR,Brazil,https://ror.org/03490as77,Universidade Federal do Rio de Janeiro,active,3451190,Rio de Janeiro,Rio de Janeiro,-22.90642,-43.18223,safe_active_exact_name_site_agreement
690,global_backlog,safe_active,BR,Brazil,https://ror.org/04wn09761,Universidade Federal do Rio Grande do Norte,active,3394023,Natal,Rio Grande do Norte,-5.795,-35.20944,safe_active_exact_name_site_agreement
691,global_backlog,safe_active,BR,Brazil,https://ror.org/041yk2d64,Universidade Federal do Rio Grande do Sul,active,3452925,Porto Alegre,Rio Grande do Sul,-30.03283,-51.23019,safe_active_exact_name_only
692,global_backlog,safe_active,BR,Brazil,https://ror.org/00devjr72,Universidade Federal do Vale do São Francisco,active,3392242,Petrolina,Pernambuco,-9.39861,-40.50083,safe_active_exact_name_site_agreement
693,global_backlog,safe_active,BR,Brazil,https://ror.org/02rjhbb08,Universidade Federal Fluminense,active,3456283,Niterói,Rio de Janeiro,-22.88333,-43.10361,safe_active_exact_name_site_agreement
694,global_backlog,safe_active,BR,Brazil,https://ror.org/02ksmb993,Universidade Federal Rural de Pernambuco,active,3390760,Recife,Pernambuco,-8.05389,-34.88111,safe_active_exact_name_site_agreement
695,global_backlog,safe_active,BR,Brazil,https://ror.org/00xwgyp12,Universidade Federal Rural do Rio de Janeiro,active,3447785,Seropédica,Rio de Janeiro,-22.74389,-43.7075,safe_active_exact_name_site_agreement
696,global_backlog,safe_active,BR,Brazil,https://ror.org/05x2svh05,Universidade Federal Rural do Semi-Árido,active,3394682,Mossoró,Rio Grande do Norte,-5.1875,-37.34417,safe_active_exact_name_site_agreement
697,global_backlog,safe_active,BR,Brazil,https://ror.org/00kays408,University Gama Filho,active,3451190,Rio de Janeiro,Rio de Janeiro,-22.90642,-43.18223,safe_active_exact_name_site_agreement
698,global_backlog,safe_active,BR,Brazil,https://ror.org/01v0xk274,Universidade Ibirapuera,active,3448439,São Paulo,São Paulo,-23.5475,-46.63611,safe_active_exact_name_only
699,global_backlog,safe_active,BR,Brazil,https://ror.org/00kde4z41,Universidade Luterana do Brasil,active,3467467,Canoas,Rio Grande do Sul,-29.91778,-51.18361,safe_active_exact_name_site_agreement
700,global_backlog,unmatched,BR,Brazil,,,,,,,,,unmatched
701,global_backlog,safe_active,BR,Brazil,https://ror.org/00shzgx32,Methodist University of Piracicaba,active,3453643,Piracicaba,São Paulo,-22.72528,-47.64917,safe_active_exact_name_site_agreement
702,global_backlog,safe_active,BR,Brazil,https://ror.org/035mpnm25,Universidade Metropolitana de Santos,active,3449433,Santos,São Paulo,-23.96083,-46.33361,safe_active_exact_name_only
703,global_backlog,safe_active,BR,Brazil,https://ror.org/03ny5wp25,Universidade para o Desenvolvimento do Alto Vale do Itajaí,active,3451152,Rio do Sul,Santa Catarina,-27.21417,-49.64306,safe_active_exact_name_only
704,global_backlog,safe_active,BR,Brazil,https://ror.org/020v13m88,Universidade Paulista,active,3448439,São Paulo,São Paulo,-23.5475,-46.63611,safe_active_exact_name_only
705,global_backlog,safe_active,BR,Brazil,https://ror.org/00315pw02,Universidade Potiguar,active,3394023,Natal,Rio Grande do Norte,-5.795,-35.20944,safe_active_exact_name_site_agreement
706,global_backlog,safe_active,BR,Brazil,https://ror.org/01nsn0t21,Universidade Regional de Blumenau,active,3469968,Blumenau,Santa Catarina,-26.91944,-49.06611,safe_active_exact_name_only
707,global_backlog,safe_active,BR,Brazil,https://ror.org/05y26ar20,Universidade Regional do Cariri,active,3401545,Crato,Ceará,-7.23417,-39.40944,safe_active_exact_name_site_agreement
708,global_backlog,safe_active,BR,Brazil,https://ror.org/03pxqyk55,Universidade Regional do Noroeste do Estado do Rio Grande do Sul,active,3461444,Ijuí,Rio Grande do Sul,-28.38778,-53.91472,safe_active_exact_name_only
709,global_backlog,safe_active,BR,Brazil,https://ror.org/05bnh4739,Universidade Regional Integrada do Alto Uruguai e das Missões,active,3464073,Erechim,Rio Grande do Sul,-27.63461,-52.2754,safe_active_exact_name_only
710,global_backlog,safe_active,BR,Brazil,https://ror.org/0305nje64,Universidade Salgado de Oliveira,active,3449072,São Gonçalo,Rio de Janeiro,-22.82694,-43.05389,safe_active_exact_name_only
711,global_backlog,safe_active,BR,Brazil,https://ror.org/01afz2176,Universidade Salvador,active,3450554,Salvador,Bahia,-12.97563,-38.49096,safe_active_exact_name_site_agreement
712,global_backlog,unmatched,BR,Brazil,,,,,,,,,unmatched
713,global_backlog,safe_active,BR,Brazil,https://ror.org/0149j8908,Universidade Santa Úrsula,active,3451190,Rio de Janeiro,Rio de Janeiro,-22.90642,-43.18223,safe_active_exact_name_site_agreement
714,global_backlog,safe_active,BR,Brazil,https://ror.org/045ae7j03,Universidade São Francisco,active,3469092,Bragança Paulista,São Paulo,-22.9527,-46.54418,safe_active_exact_name_only
715,global_backlog,safe_active,BR,Brazil,https://ror.org/00ttbwp87,Universidade São Judas Tadeu,active,3448439,São Paulo,São Paulo,-23.5475,-46.63611,safe_active_exact_name_only
716,global_backlog,safe_active,BR,Brazil,https://ror.org/02sfdnr59,Universidade São Marcos,active,3448439,São Paulo,São Paulo,-23.5475,-46.63611,safe_active_exact_name_only
717,global_backlog,safe_active,BR,Brazil,https://ror.org/015xjsg96,Universidade Tiradentes,active,3471872,Aracaju,Sergipe,-10.91111,-37.07167,safe_active_exact_name_site_agreement
718,global_backlog,review,BR,Brazil,,,,,,,,,held_review_site_only
719,global_backlog,safe_active,BR,Brazil,https://ror.org/01b9eka53,Universidade Vale do Rio Doce,active,3462315,Governador Valadares,Minas Gerais,-18.85111,-41.94944,safe_active_exact_name_site_agreement
720,global_backlog,review,BR,Brazil,,,,,,,,,held_review_site_only
721,global_backlog,safe_active,BR,Brazil,https://ror.org/02xj89f04,Universidade Veiga de Almeida,active,3468615,Cabo Frio,Rio de Janeiro,-22.88717,-42.02622,safe_active_exact_name_site_agreement
722,global_backlog,unmatched,BS,Bahamas,,,,,,,,,unmatched
723,global_backlog,safe_active,BT,Bhutan,https://ror.org/03hqan520,Royal University of Bhutan,active,1252416,Thimphu,Thimphu District,27.46609,89.64191,safe_active_exact_name_site_agreement
724,global_backlog,safe_active,BW,Botswana,https://ror.org/03vs1ak92,ABM University College,active,933773,Gaborone,Gaborone,-24.65451,25.90859,safe_active_exact_name_site_agreement
725,global_backlog,safe_active,BW,Botswana,https://ror.org/00nfn7821,Botho University,active,933773,Gaborone,Gaborone,-24.65451,25.90859,safe_active_exact_name_only
726,global_backlog,safe_active,BW,Botswana,https://ror.org/050nwww65,Botswana Accountancy College,active,933773,Gaborone,Gaborone,-24.65451,25.90859,safe_active_exact_name_site_agreement
727,global_backlog,review,BW,Botswana,,,,,,,,,held_review_site_only
728,global_backlog,safe_active,BW,Botswana,https://ror.org/04cr2sq58,Botswana International University of Science and Technology,active,933182,Palapye,Central,-22.54605,27.12507,safe_active_exact_name_site_agreement
729,global_backlog,safe_active,BW,Botswana,https://ror.org/00b9m5f16,Gaborone University College Of Law and Professional Studies,active,933773,Gaborone,Gaborone,-24.65451,25.90859,safe_active_exact_name_site_agreement
730,global_backlog,safe_active,BW,Botswana,https://ror.org/05jdahh16,New Era College,active,933773,Gaborone,Gaborone,-24.65451,25.90859,safe_active_exact_name_site_agreement
731,global_backlog,safe_active,BW,Botswana,https://ror.org/01encsj80,University of Botswana,active,933773,Gaborone,Gaborone,-24.65451,25.90859,safe_active_exact_name_site_agreement
732,global_backlog,review,BY,Belarus,,,,,,,,,held_review_site_only
733,global_backlog,unmatched,BY,Belarus,,,,,,,,,unmatched
734,global_backlog,safe_active,BY,Belarus,https://ror.org/0551qsw90,Belarusian Russian University,active,625665,Mogilev,Mogilev,53.9168,30.3449,safe_active_exact_name_only
735,global_backlog,review,BY,Belarus,,,,,,,,,held_review_site_only
736,global_backlog,unmatched,BY,Belarus,,,,,,,,,unmatched
737,global_backlog,unmatched,BY,Belarus,,,,,,,,,unmatched
738,global_backlog,review,BY,Belarus,,,,,,,,,held_review_site_only
739,global_backlog,review,BY,Belarus,,,,,,,,,held_review_site_only
740,global_backlog,review,BY,Belarus,,,,,,,,,held_review_site_only
741,global_backlog,unmatched,BY,Belarus,,,,,,,,,unmatched
742,global_backlog,unmatched,BY,Belarus,,,,,,,,,unmatched
743,global_backlog,unmatched,BY,Belarus,,,,,,,,,unmatched
744,global_backlog,review,BY,Belarus,,,,,,,,,held_review_site_only
745,global_backlog,review,BY,Belarus,,,,,,,,,held_review_site_only
746,global_backlog,review,BY,Belarus,,,,,,,,,held_review_site_only
747,global_backlog,unmatched,BY,Belarus,,,,,,,,,unmatched
748,global_backlog,safe_active,BY,Belarus,https://ror.org/007rxxd52,Brest State Technical University,active,629634,Brest,Brest,52.10894,23.71749,safe_active_exact_name_site_agreement
749,global_backlog,review,BY,Belarus,,,,,,,,,held_alias_without_clean_domain_agreement
750,global_backlog,unmatched,BY,Belarus,,,,,,,,,unmatched
751,global_backlog,safe_active,BY,Belarus,https://ror.org/02hrree94,Gomel State Medical University,active,627907,Homyel,Homyel’ Voblasc’,52.4345,30.9754,safe_active_exact_name_only
752,global_backlog,unmatched,BY,Belarus,,,,,,,,,unmatched
753,global_backlog,unmatched,BY,Belarus,,,,,,,,,unmatched
754,global_backlog,safe_active,BY,Belarus,https://ror.org/03pv9jn63,Grodno State Agrarian University,active,627904,Hrodna,Grodnenskaya,53.6884,23.8258,safe_active_exact_name_only
755,global_backlog,safe_active,BY,Belarus,https://ror.org/039ryp971,Grodno State Medical University,active,627904,Hrodna,Grodnenskaya,53.6758,23.82887,safe_active_exact_name_site_agreement
756,global_backlog,review,BY,Belarus,,,,,,,,,held_review_site_only
757,global_backlog,unmatched,BY,Belarus,,,,,,,,,unmatched
758,global_backlog,review,BY,Belarus,,,,,,,,,held_alias_without_clean_domain_agreement
759,global_backlog,safe_active,BY,Belarus,https://ror.org/047dxs002,Minsk Institute of Management,active,625144,Minsk,Minsk City,53.9,27.56667,safe_active_exact_name_site_agreement
760,global_backlog,safe_active,BY,Belarus,https://ror.org/04t2ykm02,Minsk State Linguistic University,active,625144,Minsk,Minsk City,53.9,27.56667,safe_active_exact_name_site_agreement
761,global_backlog,unmatched,BY,Belarus,,,,,,,,,unmatched
762,global_backlog,unmatched,BY,Belarus,,,,,,,,,unmatched
763,global_backlog,safe_active,BY,Belarus,https://ror.org/03nhq5b06,Euphrosyne Polotskaya State University,active,624784,Navapolatsk,Vitebsk,55.52618,28.59308,safe_active_exact_name_site_agreement
764,global_backlog,safe_active,BY,Belarus,https://ror.org/027t90e82,Vitebsk State Academy of Veterinary Medicine,active,620127,Vitebsk,Vitebsk,55.1904,30.2049,safe_active_exact_name_only
765,global_backlog,safe_active,BY,Belarus,https://ror.org/02d8ecr17,Vitebsk State Medical University,active,620127,Vitebsk,Vitebsk,55.1904,30.2049,safe_active_exact_name_only
766,global_backlog,safe_active,BY,Belarus,https://ror.org/00q96wx12,Vitebsk State Technological University,active,620127,Vitebsk,Vitebsk,55.1904,30.2049,safe_active_exact_name_only
767,global_backlog,review,BY,Belarus,,,,,,,,,held_review_site_only
768,global_backlog,review,BZ,Belize,,,,,,,,,held_review_site_only
769,global_backlog,review,BZ,Belize,,,,,,,,,held_review_site_only
770,global_backlog,unmatched,BZ,Belize,,,,,,,,,unmatched
771,global_backlog,safe_active,BZ,Belize,https://ror.org/00fgcap50,University of Belize,active,3582672,Belmopan,Cayo District,17.25,-88.76667,safe_active_exact_name_site_agreement
772,global_backlog,unmatched,BZ,Belize,,,,,,,,,unmatched
918,global_backlog,safe_active,CD,DR Congo,https://ror.org/03cg80535,Université Catholique de Bukavu,active,217831,Bukavu,South Kivu,-2.49077,28.84281,safe_active_exact_name_site_agreement
919,global_backlog,safe_active,CD,DR Congo,https://ror.org/002c8b395,Christian Bilingual University of Congo,active,219057,Beni,Nord Kivu,0.49113,29.47306,safe_active_exact_name_site_agreement
920,global_backlog,unmatched,CD,DR Congo,,,,,,,,,unmatched
921,global_backlog,safe_active,CD,DR Congo,https://ror.org/01ff1ev27,University of Kamina,active,214614,Kamina,Haut-Lomami,-8.73508,24.99798,safe_active_exact_name_only
922,global_backlog,unmatched,CD,DR Congo,,,,,,,,,unmatched
923,global_backlog,safe_active,CD,DR Congo,https://ror.org/05rrz2q74,University of Kinshasa,active,2314302,Kinshasa,Kinshasa,-4.32758,15.31357,safe_active_exact_name_only
924,global_backlog,safe_active,CD,DR Congo,https://ror.org/028svp844,Université de Kisangani,active,212730,Kisangani,Tshopo,0.51528,25.19099,safe_active_exact_name_site_agreement
925,global_backlog,safe_active,CD,DR Congo,https://ror.org/00y1v7386,University of Kolwezi,active,922773,Kolwezi,Lualaba,-10.71484,25.46674,safe_active_exact_name_site_agreement
926,global_backlog,safe_active,CD,DR Congo,https://ror.org/01mn7k054,University of Lubumbashi,active,922704,Lubumbashi,Haut-Katanga,-11.66089,27.47938,safe_active_exact_name_site_agreement
927,global_backlog,safe_active,CD,DR Congo,https://ror.org/053dxh363,Université de l'Uélé,active,215771,Isiro,Haut-Uele,2.77391,27.61603,safe_active_exact_name_site_agreement
928,global_backlog,safe_active,CD,DR Congo,https://ror.org/04j9dfg85,Kongo University,active,2312888,Mbanza-Ngungu,Bas-Congo,-5.25837,14.85838,safe_active_exact_name_site_agreement
929,global_backlog,safe_active,CD,DR Congo,https://ror.org/0117q7625,Université Protestante au Congo,active,2314302,Kinshasa,Kinshasa,-4.32758,15.31357,safe_active_exact_name_site_agreement
930,global_backlog,safe_active,CD,DR Congo,https://ror.org/0346q5236,Université Shalom de Bunia,active,217695,Bunia,Ituri,1.55941,30.25224,safe_active_exact_name_site_agreement
931,global_backlog,safe_active,CF,Central African Republic,https://ror.org/020q46z35,University of Bangui,active,2389853,Bangui,Bangui,4.36122,18.55496,safe_active_exact_name_only
932,global_backlog,unmatched,CG,Congo Republic,,,,,,,,,unmatched
933,global_backlog,safe_active,CH,Switzerland,https://ror.org/03xzhx774,Business and Hotel Management School,active,2659811,Lucerne,Lucerne,47.05048,8.30635,safe_active_exact_name_site_agreement
934,global_backlog,review,CH,Switzerland,,,,,,,,,held_review_site_only
935,global_backlog,review,CH,Switzerland,,,,,,,,,held_review_site_only
936,global_backlog,unmatched,CH,Switzerland,,,,,,,,,unmatched
937,global_backlog,review,CH,Switzerland,,,,,,,,,held_review_site_only
938,global_backlog,review,CH,Switzerland,,,,,,,,,held_review_site_only
939,global_backlog,unmatched,CH,Switzerland,,,,,,,,,unmatched
940,global_backlog,review,CH,Switzerland,,,,,,,,,held_review_site_only
941,global_backlog,unmatched,CH,Switzerland,,,,,,,,,unmatched
942,global_backlog,unmatched,CH,Switzerland,,,,,,,,,unmatched
943,global_backlog,safe_active,CH,Switzerland,https://ror.org/057gs9r51,Glion Institute of Higher Education,active,2659601,Montreux,Vaud,46.43301,6.91143,safe_active_exact_name_site_agreement
944,global_backlog,unmatched,CH,Switzerland,,,,,,,,,unmatched
945,global_backlog,unmatched,CH,Switzerland,,,,,,,,,unmatched
946,global_backlog,unmatched,CH,Switzerland,,,,,,,,,unmatched
947,global_backlog,unmatched,CH,Switzerland,,,,,,,,,unmatched
948,global_backlog,unmatched,CH,Switzerland,,,,,,,,,unmatched
949,global_backlog,safe_active,CH,Switzerland,https://ror.org/05dg8sq97,International University in Geneva,active,2660646,Geneva,Geneva,46.20222,6.14569,safe_active_exact_name_site_agreement
950,global_backlog,review,CH,Switzerland,,,,,,,,,held_review_site_only
951,global_backlog,inactive_history,CH,Switzerland,,,,,,,,,held_inactive_exact_name
952,global_backlog,safe_active,CH,Switzerland,https://ror.org/008tr1381,Les Roches International School of Hotel Management,active,6559506,Crans-Montana,Valais,46.31316,7.47914,safe_active_exact_name_only
953,global_backlog,review,CH,Switzerland,,,,,,,,,held_review_site_only
954,global_backlog,safe_active,CH,Switzerland,https://ror.org/04nd0xd48,Lucerne University of Applied Sciences and Arts,active,2659811,Lucerne,Lucerne,47.05048,8.30635,safe_active_exact_name_site_agreement
955,global_backlog,review,CH,Switzerland,,,,,,,,,held_review_site_only
956,global_backlog,review,CH,Switzerland,,,,,,,,,held_review_site_only
957,global_backlog,unmatched,CH,Switzerland,,,,,,,,,unmatched
958,global_backlog,safe_active,CH,Switzerland,https://ror.org/01sejnw50,School of Management Fribourg,active,2660718,Fribourg,Fribourg,46.80237,7.15128,safe_active_exact_name_site_agreement
959,global_backlog,review,CH,Switzerland,,,,,,,,,held_review_site_only
960,global_backlog,review,CH,Switzerland,,,,,,,,,held_review_site_only
961,global_backlog,review,CH,Switzerland,,,,,,,,,held_review_site_only
962,global_backlog,unmatched,CH,Switzerland,,,,,,,,,unmatched
963,global_backlog,unmatched,CH,Switzerland,,,,,,,,,unmatched
964,global_backlog,unmatched,CH,Switzerland,,,,,,,,,unmatched
965,global_backlog,unmatched,CH,Switzerland,,,,,,,,,unmatched
966,global_backlog,unmatched,CH,Switzerland,,,,,,,,,unmatched
967,global_backlog,inactive_history,CH,Switzerland,,,,,,,,,held_inactive_exact_name
968,global_backlog,unmatched,CH,Switzerland,,,,,,,,,unmatched
969,global_backlog,safe_active,CH,Switzerland,https://ror.org/02s6k3f65,University of Basel,active,2661604,Basel,Basel-City,47.55839,7.57327,safe_active_exact_name_site_agreement
970,global_backlog,review,CH,Switzerland,,,,,,,,,held_review_site_only
971,global_backlog,safe_active,CH,Switzerland,https://ror.org/022fs9h90,University of Fribourg,active,2660718,Fribourg,Fribourg,46.80237,7.15128,safe_active_exact_name_site_agreement
972,global_backlog,safe_active,CH,Switzerland,https://ror.org/01swzsf04,University of Geneva,active,2660646,Geneva,Geneva,46.20222,6.14569,safe_active_exact_name_site_agreement
973,global_backlog,safe_active,CH,Switzerland,https://ror.org/019whta54,University of Lausanne,active,2659994,Lausanne,Vaud,46.516,6.63282,safe_active_exact_name_only
974,global_backlog,safe_active,CH,Switzerland,https://ror.org/00kgrkn83,University of Lucerne,active,2659811,Lucerne,Lucerne,47.05048,8.30635,safe_active_exact_name_site_agreement
975,global_backlog,review,CH,Switzerland,,,,,,,,,held_review_site_only
976,global_backlog,safe_active,CH,Switzerland,https://ror.org/0561a3s31,University of St.Gallen,active,2658822,Saint Gallen,Saint Gallen,47.42391,9.37477,safe_active_exact_name_site_agreement
977,global_backlog,unmatched,CH,Switzerland,,,,,,,,,unmatched
978,global_backlog,unmatched,CH,Switzerland,,,,,,,,,unmatched
979,global_backlog,unmatched,CH,Switzerland,,,,,,,,,unmatched
980,global_backlog,review,CH,Switzerland,,,,,,,,,held_alias_without_clean_domain_agreement
981,global_backlog,safe_active,CH,Switzerland,https://ror.org/0533m8c72,Webster University Geneva,active,2660646,Geneva,Geneva,46.20222,6.14569,safe_active_exact_name_site_agreement
982,global_backlog,unmatched,CH,Switzerland,,,,,,,,,unmatched
983,global_backlog,review,CI,Ivory Coast,,,,,,,,,held_alias_without_clean_domain_agreement
984,global_backlog,review,CI,Ivory Coast,,,,,,,,,held_alias_without_clean_domain_agreement
985,global_backlog,review,CI,Ivory Coast,,,,,,,,,held_alias_without_clean_domain_agreement
1051,global_backlog,safe_active,CM,Cameroon,https://ror.org/005et7b18,Bamenda University of Science and Technology,active,2234974,Bamenda,North-West,5.9597,10.14597,safe_active_exact_name_site_agreement
1052,global_backlog,review,CM,Cameroon,,,,,,,,,held_review_site_only
1053,global_backlog,safe_active,CM,Cameroon,https://ror.org/031ahrf94,University of Bamenda,active,2234974,Bamenda,North-West,5.9597,10.14597,safe_active_exact_name_only
1054,global_backlog,review,CM,Cameroon,,,,,,,,,held_review_site_only
1055,global_backlog,safe_active,CM,Cameroon,https://ror.org/02zr5jr81,University of Douala,active,2232593,Douala,Littoral,4.04827,9.70428,safe_active_exact_name_only
1056,global_backlog,safe_active,CM,Cameroon,https://ror.org/0566t4z20,Université de Dschang,active,2232444,Dschang,West,5.44397,10.05332,safe_active_exact_name_site_agreement
1057,global_backlog,safe_active,CM,Cameroon,https://ror.org/03gq1d339,University of Ngaoundéré,active,2224827,Ngaoundéré,Adamaoua,7.32765,13.58472,safe_active_exact_name_site_agreement
1058,global_backlog,safe_active,CM,Cameroon,https://ror.org/027n9q071,Université des Montagnes,active,2234865,Bangangté,West,5.14079,10.52535,safe_active_exact_name_only
1059,global_backlog,safe_active,CM,Cameroon,https://ror.org/022zbs961,Université de Yaoundé I,active,2220957,Yaoundé,Centre,3.86667,11.51667,safe_active_exact_name_site_agreement
1060,global_backlog,safe_active,CM,Cameroon,https://ror.org/0479azd18,Université de Yaoundé II,active,2223226,Okoa,Centre,3.98333,11.6,safe_active_exact_name_only
1450,global_backlog,unmatched,CO,Colombia,,,,,,,,,unmatched
1451,global_backlog,review,CO,Colombia,,,,,,,,,held_review_site_only
1452,global_backlog,safe_active,CO,Colombia,https://ror.org/02v042q73,Conservatory of Tolima,active,3680656,Ibagué,Tolima Department,4.43573,-75.20289,safe_active_exact_name_only
1453,global_backlog,unmatched,CO,Colombia,,,,,,,,,unmatched
1454,global_backlog,unmatched,CO,Colombia,,,,,,,,,unmatched
1455,global_backlog,review,CO,Colombia,,,,,,,,,held_review_site_only
1456,global_backlog,review,CO,Colombia,,,,,,,,,held_review_site_only
1457,global_backlog,unmatched,CO,Colombia,,,,,,,,,unmatched
1458,global_backlog,safe_active,CO,Colombia,https://ror.org/01vf7gd47,Escuela Colombiana de Carreras Industriales,active,3688689,Bogotá,Bogota D.C.,4.60971,-74.08175,safe_active_exact_name_site_agreement
1459,global_backlog,review,CO,Colombia,,,,,,,,,held_review_site_only
1460,global_backlog,review,CO,Colombia,,,,,,,,,held_alias_without_clean_domain_agreement
1461,global_backlog,safe_active,CO,Colombia,https://ror.org/04wwz3282,EIA University,active,3682631,Envigado,Antioquia,6.17591,-75.59174,safe_active_exact_name_site_agreement
1462,global_backlog,unmatched,CO,Colombia,,,,,,,,,unmatched
1463,global_backlog,review,CO,Colombia,,,,,,,,,held_review_site_only
1464,global_backlog,review,CO,Colombia,,,,,,,,,held_review_site_only
1465,global_backlog,review,CO,Colombia,,,,,,,,,held_review_site_only
1466,global_backlog,unmatched,CO,Colombia,,,,,,,,,unmatched
1467,global_backlog,review,CO,Colombia,,,,,,,,,held_review_site_only
1468,global_backlog,review,CO,Colombia,,,,,,,,,held_review_site_only
1469,global_backlog,safe_active,CO,Colombia,https://ror.org/010ps5r85,Saint Martin University,active,3688689,Bogotá,Bogota D.C.,4.60971,-74.08175,safe_active_exact_name_site_agreement
1470,global_backlog,review,CO,Colombia,,,,,,,,,held_review_site_only
1471,global_backlog,unmatched,CO,Colombia,,,,,,,,,unmatched
1472,global_backlog,safe_active,CO,Colombia,https://ror.org/03zb5p722,Instituto Tecnológico Metropolitano,active,3674962,Medellín,Antioquia,6.25184,-75.56359,safe_active_exact_name_site_agreement
1473,global_backlog,safe_active,CO,Colombia,https://ror.org/0034jpk25,Instituto Universitario de La Paz,active,3688465,Bucaramanga,Santander Department,7.12539,-73.1198,safe_active_exact_name_site_agreement
1474,global_backlog,unmatched,CO,Colombia,,,,,,,,,unmatched
1475,global_backlog,unmatched,CO,Colombia,,,,,,,,,unmatched
1476,global_backlog,safe_active,CO,Colombia,https://ror.org/03etyjw28,Pontificia Universidad Javeriana,active,3688689,Bogotá,Bogota D.C.,4.60971,-74.08175,safe_active_exact_name_site_agreement
1477,global_backlog,review,CO,Colombia,,,,,,,,,held_review_site_only
1478,global_backlog,safe_active,CO,Colombia,https://ror.org/014hpw227,Universidad Antonio Nariño,active,3688689,Bogotá,Bogota D.C.,4.60971,-74.08175,safe_active_exact_name_only
1479,global_backlog,safe_active,CO,Colombia,https://ror.org/00gkhpw57,Universidad Autónoma de Bucaramanga,active,3688465,Bucaramanga,Santander Department,7.12539,-73.1198,safe_active_exact_name_site_agreement
1480,global_backlog,safe_active,CO,Colombia,https://ror.org/0576s0350,Universidad Autónoma de Colombia,active,3688689,Bogotá,Bogota D.C.,4.60971,-74.08175,safe_active_exact_name_site_agreement
1481,global_backlog,review,CO,Colombia,,,,,,,,,held_review_site_only
1482,global_backlog,safe_active,CO,Colombia,https://ror.org/05gqfsf87,Universidad Autónoma del Caribe,active,3689147,Barranquilla,Atlántico,10.96854,-74.78132,safe_active_exact_name_site_agreement
1483,global_backlog,review,CO,Colombia,,,,,,,,,held_review_site_only
1484,global_backlog,safe_active,CO,Colombia,https://ror.org/02drkkh02,Universidad Autónoma de Occidente,active,3687925,Santiago de Cali,Valle del Cauca Department,3.43722,-76.5225,safe_active_exact_name_only
1485,global_backlog,safe_active,CO,Colombia,https://ror.org/05tkb8v92,Universidad Autónoma Latinoamericana,active,3674962,Medellín,Antioquia,6.25184,-75.56359,safe_active_exact_name_site_agreement
1486,global_backlog,review,CO,Colombia,,,,,,,,,held_review_site_only
1487,global_backlog,safe_active,CO,Colombia,https://ror.org/01scwqh06,Catholic University of Colombia,active,3688689,Bogotá,Bogota D.C.,4.60971,-74.08175,safe_active_exact_name_only
1488,global_backlog,review,CO,Colombia,,,,,,,,,held_review_site_only
1489,global_backlog,unmatched,CO,Colombia,,,,,,,,,unmatched
1490,global_backlog,safe_active,CO,Colombia,https://ror.org/05kaxtp50,Universidad Católica de Manizales,active,3675443,Manizales,Caldas Department,5.0668,-75.50684,safe_active_exact_name_only
1491,global_backlog,review,CO,Colombia,,,,,,,,,held_alias_without_clean_domain_agreement
1492,global_backlog,safe_active,CO,Colombia,https://ror.org/01mdm1v36,Central University,active,3688689,Bogotá,Bogota D.C.,4.60971,-74.08175,safe_active_exact_name_site_agreement
1493,global_backlog,review,CO,Colombia,,,,,,,,,held_review_site_only
1494,global_backlog,safe_active,CO,Colombia,https://ror.org/037p13h95,Universidad CES,active,3674962,Medellín,Antioquia,6.25184,-75.56359,safe_active_exact_name_site_agreement
1495,global_backlog,safe_active,CO,Colombia,https://ror.org/04td15k45,Universidad Cooperativa de Colombia,active,3688689,Bogotá,Bogota D.C.,4.60971,-74.08175,safe_active_exact_name_site_agreement
1496,global_backlog,review,CO,Colombia,,,,,,,,,held_review_site_only
1497,global_backlog,safe_active,CO,Colombia,https://ror.org/03bp5hc83,Universidad de Antioquia,active,3674962,Medellín,Antioquia,6.25184,-75.56359,safe_active_exact_name_site_agreement
1498,global_backlog,review,CO,Colombia,,,,,,,,,held_review_site_only
1499,global_backlog,safe_active,CO,Colombia,https://ror.org/04wbzgn90,Universidad de Bogotá Jorge Tadeo Lozano,active,3688689,Bogotá,Bogota D.C.,4.60971,-74.08175,safe_active_exact_name_site_agreement
1500,global_backlog,safe_active,CO,Colombia,https://ror.org/049n68p64,University of Caldas,active,3675443,Manizales,Caldas Department,5.06889,-75.51738,safe_active_exact_name_site_agreement
1501,global_backlog,safe_active,CO,Colombia,https://ror.org/0409zd934,University of Cartagena,active,3687238,Cartagena,Bolívar,10.39817,-75.49328,safe_active_exact_name_site_agreement
1502,global_backlog,review,CO,Colombia,,,,,,,,,held_review_site_only
1503,global_backlog,safe_active,CO,Colombia,https://ror.org/04nmbd607,University of Córdoba,active,3674453,Montería,Córdoba,8.75081,-75.87823,safe_active_exact_name_site_agreement
1504,global_backlog,safe_active,CO,Colombia,https://ror.org/03gsgk545,University of the Amazon,active,3682426,Florencia,Caquetá,1.61549,-75.60412,safe_active_exact_name_only
1505,global_backlog,safe_active,CO,Colombia,https://ror.org/04cjjhh62,University of La Guajira,active,3670745,Riohacha,La Guajira Department,11.54444,-72.90722,safe_active_exact_name_site_agreement
1506,global_backlog,safe_active,CO,Colombia,https://ror.org/02sqgkj21,Universidad de La Sabana,active,3686675,Chía,Cundinamarca,4.85876,-74.05866,safe_active_exact_name_site_agreement
1507,global_backlog,review,CO,Colombia,,,,,,,,,held_review_site_only
1508,global_backlog,safe_active,CO,Colombia,https://ror.org/05mm1w714,University of Atlántico,active,3689147,Barranquilla,Atlántico,10.96854,-74.78132,safe_active_exact_name_site_agreement
1509,global_backlog,safe_active,CO,Colombia,https://ror.org/04fybn584,University of Cauca,active,3671916,Popayán,Cauca Department,2.43823,-76.61316,safe_active_exact_name_only
1510,global_backlog,safe_active,CO,Colombia,https://ror.org/038mvjn28,University of Magdalena,active,3668605,Santa Marta,Magdalena Department,11.24079,-74.19904,safe_active_exact_name_site_agreement
1511,global_backlog,safe_active,CO,Colombia,https://ror.org/031e6xm45,Universidad del Norte,active,3689147,Barranquilla,Atlántico,10.96854,-74.78132,safe_active_exact_name_site_agreement
1512,global_backlog,safe_active,CO,Colombia,https://ror.org/02mhbdp94,Universidad de Los Andes,active,3688689,Bogotá,Bogota D.C.,4.60971,-74.08175,safe_active_exact_name_site_agreement
1513,global_backlog,safe_active,CO,Colombia,https://ror.org/042335e16,Universidad de los Llanos,active,3665900,Villavicencio,Meta Department,4.13238,-73.62564,safe_active_exact_name_site_agreement
1514,global_backlog,safe_active,CO,Colombia,https://ror.org/01358s213,University of Quindío,active,3689560,Armenia,Quindío Department,4.53389,-75.68111,safe_active_exact_name_site_agreement
1515,global_backlog,safe_active,CO,Colombia,https://ror.org/0108mwc04,Universidad del Rosario,active,3688689,Bogotá,Bogota D.C.,4.60971,-74.08175,safe_active_exact_name_site_agreement
1516,global_backlog,safe_active,CO,Colombia,https://ror.org/013ys5k90,Universidad del Sinú,active,3674453,Montería,Córdoba,8.74798,-75.88143,safe_active_exact_name_only
1517,global_backlog,safe_active,CO,Colombia,https://ror.org/011bqgx84,University of Tolima,active,3680656,Ibagué,Tolima Department,4.43889,-75.23222,safe_active_exact_name_site_agreement
1518,global_backlog,review,CO,Colombia,,,,,,,,,held_review_site_only
1519,global_backlog,safe_active,CO,Colombia,https://ror.org/031n6w191,Universidad de Manizales,active,3675443,Manizales,Caldas Department,5.06889,-75.51738,safe_active_exact_name_site_agreement
1520,global_backlog,safe_active,CO,Colombia,https://ror.org/030kw0b65,Universidad de Medellín,active,3674962,Medellín,Antioquia,6.25184,-75.56359,safe_active_exact_name_site_agreement
1521,global_backlog,safe_active,CO,Colombia,https://ror.org/050bg0846,University of Nariño,active,3672778,Pasto,Nariño,1.21361,-77.28111,safe_active_exact_name_site_agreement
1522,global_backlog,safe_active,CO,Colombia,https://ror.org/04dfr7a85,University of Pamplona,active,3673045,Pamplona,Norte de Santander Department,7.37565,-72.64795,safe_active_exact_name_site_agreement
1523,global_backlog,safe_active,CO,Colombia,https://ror.org/00t8evd13,Universidad de San Buenaventura,active,3674962,Medellín,Antioquia,6.245,-75.57151,safe_active_exact_name_only
1524,global_backlog,review,CO,Colombia,,,,,,,,,held_review_site_only
1525,global_backlog,safe_active,CO,Colombia,https://ror.org/04fbb7514,University of Sucre,active,3667983,Sincelejo,Sucre Department,9.30472,-75.39778,safe_active_exact_name_site_agreement
1526,global_backlog,review,CO,Colombia,,,,,,,,,held_review_site_only
1527,global_backlog,safe_active,CO,Colombia,https://ror.org/03y3y9v44,Universidad EAFIT,active,3674962,Medellín,Antioquia,6.25184,-75.56359,safe_active_exact_name_site_agreement
1528,global_backlog,safe_active,CO,Colombia,https://ror.org/04m9gzq43,Universidad El Bosque,active,3688689,Bogotá,Bogota D.C.,4.60971,-74.08175,safe_active_exact_name_site_agreement
1529,global_backlog,safe_active,CO,Colombia,https://ror.org/02xtwpk10,Universidad Externado de Colombia,active,3688689,Bogotá,Bogota D.C.,4.60971,-74.08175,safe_active_exact_name_site_agreement
1530,global_backlog,safe_active,CO,Colombia,https://ror.org/01vwm8t51,Francisco de Paula Santander University,active,3685533,Cúcuta,Norte de Santander Department,7.90745,-72.5049,safe_active_exact_name_only
1531,global_backlog,safe_active,CO,Colombia,https://ror.org/02t54e151,Icesi University,active,3687925,Santiago de Cali,Valle del Cauca Department,3.43722,-76.5225,safe_active_exact_name_site_agreement
1532,global_backlog,safe_active,CO,Colombia,https://ror.org/000xmhb57,Universidad Incca de Colombia,active,3688689,Bogotá,Bogota D.C.,4.60971,-74.08175,safe_active_exact_name_site_agreement
1533,global_backlog,safe_active,CO,Colombia,https://ror.org/00xc1d948,Industrial University of Santander,active,3688465,Bucaramanga,Santander Department,7.125,-73.11895,safe_active_exact_name_site_agreement
1534,global_backlog,safe_active,CO,Colombia,https://ror.org/01r5afm23,La Gran Colombia University,active,3688689,Bogotá,Bogota D.C.,4.60971,-74.08175,safe_active_exact_name_only
1535,global_backlog,safe_active,CO,Colombia,https://ror.org/04mtaqb21,Universidad Libre de Colombia,active,3688689,Bogotá,Bogota D.C.,4.60971,-74.08175,safe_active_exact_name_only
1536,global_backlog,safe_active,CO,Colombia,https://ror.org/00ct7kr02,Universidad Mariana,active,3672778,Pasto,Nariño,1.21361,-77.28111,safe_active_exact_name_site_agreement
1537,global_backlog,safe_active,CO,Colombia,https://ror.org/00cey1j90,Universidad Metropolitana,active,3689147,Barranquilla,Atlántico,10.96854,-74.78132,safe_active_exact_name_site_agreement
1538,global_backlog,safe_active,CO,Colombia,https://ror.org/05n0gsn30,Military University Nueva Granada,active,3688689,Bogotá,Bogota D.C.,4.60971,-74.08175,safe_active_exact_name_site_agreement
1539,global_backlog,safe_active,CO,Colombia,https://ror.org/047179s14,Universidad Nacional Abierta y a Distancia,active,3688689,Bogotá,Bogota D.C.,4.60971,-74.08175,safe_active_exact_name_site_agreement
1540,global_backlog,safe_active,CO,Colombia,https://ror.org/059yx9a68,Universidad Nacional de Colombia,active,3688689,Bogotá,Bogota D.C.,4.60971,-74.08175,safe_active_exact_name_site_agreement
1541,global_backlog,review,CO,Colombia,,,,,,,,,held_review_site_only
1542,global_backlog,safe_active,CO,Colombia,https://ror.org/04vdmbk59,Pedagogical and Technological University of Colombia,active,3666608,Tunja,Boyacá,5.53528,-73.36778,safe_active_exact_name_site_agreement
1543,global_backlog,safe_active,CO,Colombia,https://ror.org/03m5f7m65,Pilot University of Colombia,active,3688689,Bogotá,Bogota D.C.,4.60971,-74.08175,safe_active_exact_name_site_agreement
1544,global_backlog,safe_active,CO,Colombia,https://ror.org/02dxm8k93,Universidad Pontificia Bolivariana,active,3674962,Medellín,Antioquia,6.25184,-75.56359,safe_active_exact_name_site_agreement
1545,global_backlog,safe_active,CO,Colombia,https://ror.org/05pzmdf74,Popular University of Cesar,active,3666304,Valledupar,Cesar Department,10.46314,-73.25322,safe_active_exact_name_site_agreement
1546,global_backlog,safe_active,CO,Colombia,https://ror.org/00dxj9a45,Universidad Santiago de Cali,active,3687925,Cali,Valle del Cauca Department,3.43054,-76.5199,safe_active_exact_name_only
1547,global_backlog,safe_active,CO,Colombia,https://ror.org/01x628269,Universidad Santo Tomás,active,3688689,Bogotá,Bogota D.C.,4.60971,-74.08175,safe_active_exact_name_site_agreement
1548,global_backlog,safe_active,CO,Colombia,https://ror.org/02ckere89,Sergio Arboleda University,active,3688689,Bogotá,Bogota D.C.,4.60971,-74.08175,safe_active_exact_name_site_agreement
1549,global_backlog,safe_active,CO,Colombia,https://ror.org/04s60rj63,Universidad Surcolombiana,active,3673900,Neiva,Huila Department,3.01441,-75.30939,safe_active_exact_name_only
1550,global_backlog,review,CO,Colombia,,,,,,,,,held_review_site_only
1551,global_backlog,safe_active,CO,Colombia,https://ror.org/01d981710,Technological University of Pereira,active,3672486,Pereira,Risaralda Department,4.81333,-75.69611,safe_active_exact_name_site_agreement
1552,global_backlog,safe_active,CR,Costa Rica,https://ror.org/04zhrfn38,Instituto Tecnológico de Costa Rica,active,3624370,Cartago,Cartago Province,9.86444,-83.91944,safe_active_exact_name_only
1553,global_backlog,review,CR,Costa Rica,,,,,,,,,held_review_site_only
1554,global_backlog,safe_active,CR,Costa Rica,https://ror.org/00bmh7e34,Universidad Autónoma de Centro América,active,3621849,San José,San José,9.93333,-84.08333,safe_active_exact_name_site_agreement
1555,global_backlog,unmatched,CR,Costa Rica,,,,,,,,,unmatched
1556,global_backlog,safe_active,CR,Costa Rica,https://ror.org/041zaaf26,Universidad Braulio Carrillo,active,3621849,San José,San José,9.93333,-84.08333,safe_active_exact_name_only
1557,global_backlog,review,CR,Costa Rica,,,,,,,,,held_review_site_only
1558,global_backlog,safe_active,CR,Costa Rica,https://ror.org/01wnb0b83,Universidad Central,active,3621849,San José,San José,9.93333,-84.08333,safe_active_exact_name_site_agreement
1559,global_backlog,review,CR,Costa Rica,,,,,,,,,held_review_site_only
1560,global_backlog,safe_active,CR,Costa Rica,https://ror.org/02yzgww51,Universidad de Costa Rica,active,3621849,San José,San José,9.93388,-84.08489,safe_active_exact_name_site_agreement
1561,global_backlog,safe_active,CR,Costa Rica,https://ror.org/02gj6ck68,Iberoamerican University,active,3621849,San José,San José,9.93333,-84.08333,safe_active_exact_name_site_agreement
1562,global_backlog,review,CR,Costa Rica,,,,,,,,,held_review_site_only
1563,global_backlog,safe_active,CR,Costa Rica,https://ror.org/035t09566,University of Tourism,active,3621849,San José,San José,9.93333,-84.08333,safe_active_exact_name_site_agreement
1564,global_backlog,unmatched,CR,Costa Rica,,,,,,,,,unmatched
1565,global_backlog,unmatched,CR,Costa Rica,,,,,,,,,unmatched
1566,global_backlog,safe_active,CR,Costa Rica,https://ror.org/0529rbt18,Distance State University,active,3621717,San Pedro,San José,9.92829,-84.05074,safe_active_exact_name_site_agreement
1567,global_backlog,safe_active,CR,Costa Rica,https://ror.org/04edxwx83,Fidélitas University,active,3621849,San José,San José,9.93333,-84.08333,safe_active_exact_name_site_agreement
1568,global_backlog,review,CR,Costa Rica,,,,,,,,,held_review_site_only
1569,global_backlog,unmatched,CR,Costa Rica,,,,,,,,,unmatched
1570,global_backlog,safe_active,CR,Costa Rica,https://ror.org/037k3aw68,Universidad Internacional de las Américas,active,3621849,San José,San José,9.93388,-84.08489,safe_active_exact_name_site_agreement
1571,global_backlog,unmatched,CR,Costa Rica,,,,,,,,,unmatched
1572,global_backlog,safe_active,CR,Costa Rica,https://ror.org/04yd0ad61,Latin University of Costa Rica,active,3621717,San Pedro,San José,9.92829,-84.05074,safe_active_exact_name_site_agreement
1573,global_backlog,safe_active,CR,Costa Rica,https://ror.org/0175p1a50,Universidad Latinoamericana de Ciencia y Tecnología,active,3621849,San José,San José,9.93333,-84.08333,safe_active_exact_name_only
1574,global_backlog,safe_active,CR,Costa Rica,https://ror.org/03q0gmx50,Universidad Libre de Costa Rica,active,3621849,San José,San José,9.93333,-84.08333,safe_active_exact_name_site_agreement
1575,global_backlog,safe_active,CR,Costa Rica,https://ror.org/013eq5k35,Universidad Metropolitana Castro Carazo,active,3621849,San José,San José,9.93333,-84.08333,safe_active_exact_name_only
1576,global_backlog,safe_active,CR,Costa Rica,https://ror.org/01t466c14,Universidad Nacional,active,3623486,Heredia,Heredia Province,10.00236,-84.11651,safe_active_exact_name_site_agreement
1577,global_backlog,safe_active,CR,Costa Rica,https://ror.org/00asevw10,Universidad para la Cooperación Internacional,active,3621849,San José,San José,9.93333,-84.08333,safe_active_exact_name_site_agreement
1578,global_backlog,unmatched,CR,Costa Rica,,,,,,,,,unmatched
1579,global_backlog,unmatched,CR,Costa Rica,,,,,,,,,unmatched
1580,global_backlog,safe_active,CR,Costa Rica,https://ror.org/022kmmb78,Universidad San Marcos,active,3621849,San José,San José,9.93388,-84.08489,safe_active_exact_name_site_agreement
1581,global_backlog,safe_active,CR,Costa Rica,https://ror.org/01v8mkp61,Universidad Santa Paula,active,3623977,Curridabat,San José,9.9139,-84.03595,safe_active_exact_name_site_agreement
1582,global_backlog,safe_active,CR,Costa Rica,https://ror.org/049sdnw14,Universidad Veritas,active,3621849,San José,San José,9.93333,-84.08333,safe_active_exact_name_only
1583,global_backlog,safe_active,CR,Costa Rica,https://ror.org/00cxrw595,University for Peace,active,3621630,Santa Ana,San José,9.9326,-84.18255,safe_active_exact_name_site_agreement
1584,global_backlog,review,CU,Cuba,,,,,,,,,held_review_site_only
1585,global_backlog,safe_active,CU,Cuba,https://ror.org/0573cnq15,Polytechnic José Antonio Echeverría,active,3553478,Havana,Havana,23.13302,-82.38304,safe_active_exact_name_site_agreement
1586,global_backlog,review,CU,Cuba,,,,,,,,,held_review_site_only
1587,global_backlog,safe_active,CU,Cuba,https://ror.org/040qyzk67,University of Camagüey,active,3566067,Camagüey,Camagüey,21.38083,-77.91694,safe_active_exact_name_site_agreement
1588,global_backlog,review,CU,Cuba,,,,,,,,,held_review_site_only
1589,global_backlog,safe_active,CU,Cuba,https://ror.org/05m031e17,University of Cienfuegos,active,3564124,Cienfuegos,Cienfuegos Province,22.14681,-80.4481,safe_active_exact_name_site_agreement
1590,global_backlog,safe_active,CU,Cuba,https://ror.org/0488pxx86,University of Granma,active,3567597,Bayamo,Granma Province,20.37417,-76.64361,safe_active_exact_name_only
1591,global_backlog,safe_active,CU,Cuba,https://ror.org/03m84a908,University of Holguín,active,3556969,Holguín,Holguín Province,20.88722,-76.26306,safe_active_exact_name_site_agreement
1592,global_backlog,safe_active,CU,Cuba,https://ror.org/04204gr61,University of Havana,active,3553478,Havana,Havana,23.13302,-82.38304,safe_active_exact_name_site_agreement
1593,global_backlog,safe_active,CU,Cuba,https://ror.org/04hk86037,University of Matanzas,active,3547398,Matanzas,Matanzas Province,23.04111,-81.5775,safe_active_exact_name_site_agreement
1594,global_backlog,safe_active,CU,Cuba,https://ror.org/03kqap970,Universidad de Oriente,active,3536729,Santiago de Cuba,Santiago de Cuba Province,20.02083,-75.82667,safe_active_exact_name_site_agreement
1595,global_backlog,safe_active,CU,Cuba,https://ror.org/007chxf81,University of Pinar del Río,active,3544091,Pinar del Río,Pinar del Río,22.41667,-83.69667,safe_active_exact_name_site_agreement
1596,global_backlog,unmatched,CU,Cuba,,,,,,,,,unmatched
1597,global_backlog,safe_active,CV,Cabo Verde,https://ror.org/036gt0m92,Jean Piaget University of Cape Verde,active,3374333,Praia,Praia,14.93152,-23.51254,safe_active_exact_name_only
1925,global_backlog,safe_active,DJ,Djibouti,https://ror.org/04wk53b95,University of Djibouti,active,223817,Djibouti,Djibouti,11.58901,43.14503,safe_active_exact_name_site_agreement
1957,global_backlog,safe_active,DM,Dominica,https://ror.org/0472sp635,Ballsbridge University,active,3575635,Roseau,Saint George Parish,15.30174,-61.38808,safe_active_exact_name_site_agreement
1958,global_backlog,safe_active,DM,Dominica,https://ror.org/04knez035,Dominica State College,active,3575635,Roseau,Saint George Parish,15.30174,-61.38808,safe_active_exact_name_site_agreement
1959,global_backlog,safe_active,DM,Dominica,https://ror.org/05qgm9a33,New World University,active,3575635,Roseau,Saint George Parish,15.30174,-61.38808,safe_active_exact_name_site_agreement
1960,global_backlog,review,DM,Dominica,,,,,,,,,held_review_site_only
1961,global_backlog,safe_active,DO,Dominican Republic,https://ror.org/047st1n79,Instituto Tecnológico de Santo Domingo,active,3492908,Santo Domingo,Nacional,18.47186,-69.89232,safe_active_exact_name_site_agreement
1962,global_backlog,review,DO,Dominican Republic,,,,,,,,,held_review_site_only
1963,global_backlog,safe_active,DO,Dominican Republic,https://ror.org/05jthsa98,Universidad Abierta Para Adultos,active,3492914,Santiago,Santiago Province,19.4517,-70.69703,safe_active_exact_name_site_agreement
1964,global_backlog,safe_active,DO,Dominican Republic,https://ror.org/03h800j91,Universidad Adventista Dominicana,active,3511233,Bonao,Monseñor Nouel,18.94154,-70.41111,safe_active_exact_name_site_agreement
1965,global_backlog,review,DO,Dominican Republic,,,,,,,,,held_review_site_only
1966,global_backlog,safe_active,DO,Dominican Republic,https://ror.org/05kkct931,Universidad Acción Pro-Educación y Cultura,active,3492908,Santo Domingo,Nacional,18.47186,-69.89232,safe_active_exact_name_site_agreement
1967,global_backlog,safe_active,DO,Dominican Republic,https://ror.org/05478zz46,Universidad Autónoma de Santo Domingo,active,3492908,Santo Domingo,Nacional,18.47186,-69.89232,safe_active_exact_name_site_agreement
1968,global_backlog,review,DO,Dominican Republic,,,,,,,,,held_review_site_only
1969,global_backlog,review,DO,Dominican Republic,,,,,,,,,held_review_site_only
1970,global_backlog,safe_active,DO,Dominican Republic,https://ror.org/054tzxc20,Universidad Católica Nordestana,active,3493146,San Francisco de Macorís,Duarte Province,19.30099,-70.25259,safe_active_exact_name_only
1971,global_backlog,review,DO,Dominican Republic,,,,,,,,,held_review_site_only
1972,global_backlog,safe_active,DO,Dominican Republic,https://ror.org/01mxm0y17,Universidad Central del Este,active,3493032,San Pedro de Macorís,San Pedro de Macorís,18.4539,-69.30864,safe_active_exact_name_site_agreement
1973,global_backlog,unmatched,DO,Dominican Republic,,,,,,,,,unmatched
1974,global_backlog,safe_active,DO,Dominican Republic,https://ror.org/03n39rz22,Universidad de la Tercera Edad,active,3492908,Santo Domingo,Nacional,18.47186,-69.89232,safe_active_exact_name_site_agreement
1975,global_backlog,safe_active,DO,Dominican Republic,https://ror.org/008syg534,Universidad del Caribe (UNICARIBE),active,3492908,Santo Domingo,Nacional,18.47186,-69.89232,safe_active_exact_name_site_agreement
1976,global_backlog,review,DO,Dominican Republic,,,,,,,,,held_review_site_only
1977,global_backlog,unmatched,DO,Dominican Republic,,,,,,,,,unmatched
1978,global_backlog,review,DO,Dominican Republic,,,,,,,,,held_review_site_only
1979,global_backlog,safe_active,DO,Dominican Republic,https://ror.org/040hyy284,Universidad Experimental Félix Adam,active,3492908,Santo Domingo,Nacional,18.47186,-69.89232,safe_active_exact_name_site_agreement
1980,global_backlog,safe_active,DO,Dominican Republic,https://ror.org/0250t7374,Universidad Federico Henríquez y Carvajal,active,3492908,Santo Domingo,Nacional,18.47186,-69.89232,safe_active_exact_name_site_agreement
1981,global_backlog,safe_active,DO,Dominican Republic,https://ror.org/004xzjm20,Universidad Iberoamericana,active,3492908,Santo Domingo,Nacional,18.47186,-69.89232,safe_active_exact_name_site_agreement
1982,global_backlog,safe_active,DO,Dominican Republic,https://ror.org/0250q0m17,Universidad Interamericana,active,3492908,Santo Domingo,Nacional,18.47186,-69.89232,safe_active_exact_name_site_agreement
1983,global_backlog,unmatched,DO,Dominican Republic,,,,,,,,,unmatched
1984,global_backlog,safe_active,DO,Dominican Republic,https://ror.org/03ad1cn37,Universidad Nacional Pedro Henríquez Ureña,active,3492908,Santo Domingo,Nacional,18.47186,-69.89232,safe_active_exact_name_site_agreement
1985,global_backlog,safe_active,DO,Dominican Republic,https://ror.org/011frrw52,Universidad Odontológica Dominicana,active,3492908,Santo Domingo,Nacional,18.47186,-69.89232,safe_active_exact_name_site_agreement
1986,global_backlog,safe_active,DO,Dominican Republic,https://ror.org/014xjce10,Universidad Tecnológica del Sur,active,3512208,Azua,Azua Province,18.45319,-70.7349,safe_active_exact_name_site_agreement
1987,global_backlog,safe_active,DO,Dominican Republic,https://ror.org/03az81r49,Universidad Tecnológica de Santiago,active,3492914,Santiago,Santiago Province,19.45036,-70.69085,safe_active_exact_name_site_agreement
1988,global_backlog,review,DO,Dominican Republic,,,,,,,,,held_review_site_only
1989,global_backlog,review,DZ,Algeria,,,,,,,,,held_review_site_only
1990,global_backlog,review,DZ,Algeria,,,,,,,,,held_review_site_only
1991,global_backlog,review,DZ,Algeria,,,,,,,,,held_review_site_only
1992,global_backlog,review,DZ,Algeria,,,,,,,,,held_review_site_only
1993,global_backlog,review,DZ,Algeria,,,,,,,,,held_review_site_only
1994,global_backlog,review,DZ,Algeria,,,,,,,,,held_review_site_only
1995,global_backlog,review,DZ,Algeria,,,,,,,,,held_review_site_only
1996,global_backlog,review,DZ,Algeria,,,,,,,,,held_review_site_only
1997,global_backlog,review,DZ,Algeria,,,,,,,,,held_review_site_only
1998,global_backlog,safe_active,DZ,Algeria,https://ror.org/04hrbe508,University of Batna 1,active,2505572,Batna City,Batna,35.55597,6.17414,safe_active_exact_name_site_agreement
1999,global_backlog,review,DZ,Algeria,,,,,,,,,held_review_site_only
2000,global_backlog,review,DZ,Algeria,,,,,,,,,held_review_site_only
2001,global_backlog,review,DZ,Algeria,,,,,,,,,held_review_site_only
2002,global_backlog,review,DZ,Algeria,,,,,,,,,held_review_site_only
2003,global_backlog,review,DZ,Algeria,,,,,,,,,held_review_site_only
2004,global_backlog,safe_active,DZ,Algeria,https://ror.org/052r04325,Université de Mostaganem,active,2487134,Mostaganem,Mostaganem,35.93115,0.08918,safe_active_exact_name_site_agreement
2005,global_backlog,safe_active,DZ,Algeria,https://ror.org/055rz8d64,University Mohamed Boudiaf of M'sila,active,2486690,M'Sila,M'Sila,35.70889,4.53722,safe_active_exact_name_site_agreement
2006,global_backlog,review,DZ,Algeria,,,,,,,,,held_review_site_only
2007,global_backlog,safe_active,DZ,Algeria,https://ror.org/02rzqza52,University Ferhat Abbas of Setif,active,2481700,Sétif,Sétif,36.19112,5.41373,safe_active_exact_name_site_agreement
2008,global_backlog,review,DZ,Algeria,,,,,,,,,held_review_site_only
2009,global_backlog,review,DZ,Algeria,,,,,,,,,held_review_site_only
2010,global_backlog,review,DZ,Algeria,,,,,,,,,held_review_site_only
2011,global_backlog,review,DZ,Algeria,,,,,,,,,held_review_site_only
2012,global_backlog,review,DZ,Algeria,,,,,,,,,held_review_site_only
2013,global_backlog,unmatched,DZ,Algeria,,,,,,,,,unmatched
2014,global_backlog,review,DZ,Algeria,,,,,,,,,held_review_site_only
2015,global_backlog,safe_active,DZ,Algeria,https://ror.org/05amrd548,University of Ouargla,active,2485801,Ouargla,Ouargla,31.94932,5.32502,safe_active_exact_name_site_agreement
2016,global_backlog,review,DZ,Algeria,,,,,,,,,held_review_site_only
2017,global_backlog,unmatched,DZ,Algeria,,,,,,,,,unmatched
2018,global_backlog,review,DZ,Algeria,,,,,,,,,held_review_site_only
2019,global_backlog,unmatched,EC,Ecuador,,,,,,,,,unmatched
2020,global_backlog,unmatched,EC,Ecuador,,,,,,,,,unmatched
2021,global_backlog,review,EC,Ecuador,,,,,,,,,held_review_site_only
2022,global_backlog,safe_active,EC,Ecuador,https://ror.org/01gb99w41,National Polytechnic School,active,3652462,Quito,Pichincha,-0.22985,-78.52495,safe_active_exact_name_site_agreement
2023,global_backlog,safe_active,EC,Ecuador,https://ror.org/04qenc566,Escuela Superior Politecnica del Litoral,active,3657509,Guayaquil,Guayas,-2.19616,-79.88621,safe_active_exact_name_site_agreement
2024,global_backlog,safe_active,EC,Ecuador,https://ror.org/02qztda51,Pontificia Universidad Católica del Ecuador,active,3652462,Quito,Pichincha,-0.22985,-78.52495,safe_active_exact_name_site_agreement
2025,global_backlog,safe_active,EC,Ecuador,https://ror.org/03z4qet58,Universidad Agraria del Ecuador,active,3657509,Guayaquil,Guayas,-2.19616,-79.88621,safe_active_exact_name_site_agreement
2026,global_backlog,review,EC,Ecuador,,,,,,,,,held_review_site_only
2027,global_backlog,safe_active,EC,Ecuador,https://ror.org/011bd9v54,Universidad Casa Grande,active,3657509,Guayaquil,Guayas,-2.19616,-79.88621,safe_active_exact_name_site_agreement
2028,global_backlog,unmatched,EC,Ecuador,,,,,,,,,unmatched
2029,global_backlog,safe_active,EC,Ecuador,https://ror.org/0036b6n81,Universidad Católica de Cuenca,active,3658666,Cuenca,Azuay,-2.90055,-79.00453,safe_active_exact_name_site_agreement
2030,global_backlog,safe_active,EC,Ecuador,https://ror.org/030snpp57,Universidad Católica de Santiago de Guayaquil,active,3657509,Guayaquil,Guayas,-2.19616,-79.88621,safe_active_exact_name_site_agreement
2031,global_backlog,safe_active,EC,Ecuador,https://ror.org/010n0x685,Central University of Ecuador,active,3652462,Quito,Pichincha,-0.22985,-78.52495,safe_active_exact_name_only
2032,global_backlog,safe_active,EC,Ecuador,https://ror.org/04r23zn56,University of Cuenca,active,3658666,Cuenca,Azuay,-2.90055,-79.00453,safe_active_exact_name_site_agreement
2033,global_backlog,review,EC,Ecuador,,,,,,,,,held_review_site_only
2034,global_backlog,safe_active,EC,Ecuador,https://ror.org/05164ka66,Universidad de Especialidades Turísticas,active,3652462,Quito,Pichincha,-0.22985,-78.52495,safe_active_exact_name_only
2035,global_backlog,review,EC,Ecuador,,,,,,,,,held_ambiguous_active_exact_name
2036,global_backlog,safe_active,EC,Ecuador,https://ror.org/037xrmj59,Universidad del Azuay,active,3658666,Cuenca,Azuay,-2.8953,-78.9963,safe_active_exact_name_site_agreement
2037,global_backlog,review,EC,Ecuador,,,,,,,,,held_review_site_only
2038,global_backlog,safe_active,EC,Ecuador,https://ror.org/005cgg117,Universidad Estatal de Bolívar,active,3657571,Guaranda,Bolívar,-1.59263,-79.00098,safe_active_exact_name_only
2039,global_backlog,safe_active,EC,Ecuador,https://ror.org/04xf2rc74,Universidad Internacional del Ecuador,active,3652462,Quito,Pichincha,-0.22985,-78.52495,safe_active_exact_name_only
2040,global_backlog,unmatched,EC,Ecuador,,,,,,,,,unmatched
2041,global_backlog,review,EC,Ecuador,,,,,,,,,held_review_site_only
2042,global_backlog,safe_active,EC,Ecuador,https://ror.org/038bgqv50,Universidad Laica Vicente Rocafuerte de Guayaquil,active,3657509,Guayaquil,Guayas,-2.19616,-79.88621,safe_active_exact_name_only
2043,global_backlog,safe_active,EC,Ecuador,https://ror.org/059wmd288,Universidad Nacional de Chimborazo,active,3652350,Riobamba,Chimborazo Province,-1.67098,-78.64712,safe_active_exact_name_only
2044,global_backlog,safe_active,EC,Ecuador,https://ror.org/03a5x6z77,Universidad Nacional de Loja,active,3654667,Loja,Loja,-3.99313,-79.20422,safe_active_exact_name_site_agreement
2045,global_backlog,safe_active,EC,Ecuador,https://ror.org/00f11af73,Politecnica Salesiana University,active,3658666,Cuenca,Azuay,-2.90055,-79.00453,safe_active_exact_name_site_agreement
2046,global_backlog,safe_active,EC,Ecuador,https://ror.org/01r2c3v86,Universidad San Francisco de Quito,active,3652462,Quito,Pichincha,-0.22985,-78.52495,safe_active_exact_name_site_agreement
2047,global_backlog,review,EC,Ecuador,,,,,,,,,held_review_site_only
2048,global_backlog,safe_active,EC,Ecuador,https://ror.org/048nctr92,Universidad Técnica de Ambato,active,3660689,Ambato,Tungurahua Province,-1.24908,-78.61675,safe_active_exact_name_site_agreement
2049,global_backlog,safe_active,EC,Ecuador,https://ror.org/0570zmv60,Universidad Técnica de Babahoyo,active,3660418,Babahoyo,Los Ríos,-1.80217,-79.53443,safe_active_exact_name_site_agreement
2050,global_backlog,safe_active,EC,Ecuador,https://ror.org/004jbx603,Universidad Técnica de Cotopaxi,active,3654870,Latacunga,Cotopaxi,-0.93521,-78.61554,safe_active_exact_name_site_agreement
2051,global_backlog,review,EC,Ecuador,,,,,,,,,held_review_site_only
2052,global_backlog,safe_active,EC,Ecuador,https://ror.org/03f0t8b71,Universidad Técnica del Norte,active,3655673,Ibarra,Imbabura,0.34881,-78.12462,safe_active_exact_name_site_agreement
2053,global_backlog,review,EC,Ecuador,,,,,,,,,held_review_site_only
2054,global_backlog,safe_active,EC,Ecuador,https://ror.org/02qgahb88,Universidad Técnica de Manabí,active,3652941,Portoviejo,Manabí,-1.05458,-80.45445,safe_active_exact_name_site_agreement
2055,global_backlog,safe_active,EC,Ecuador,https://ror.org/05qrwjj27,Universidad Técnica Estatal de Quevedo,active,3652567,Quevedo,Los Ríos,-1.02881,-79.46264,safe_active_exact_name_site_agreement
2056,global_backlog,safe_active,EC,Ecuador,https://ror.org/04dvbth24,Universidad Técnica Particular de Loja,active,3654667,Loja,Loja,-3.99313,-79.20422,safe_active_exact_name_site_agreement
2057,global_backlog,unmatched,EC,Ecuador,,,,,,,,,unmatched
2058,global_backlog,safe_active,EC,Ecuador,https://ror.org/00dmdt028,Universidad UTE,active,3652462,Quito,Pichincha,-0.22985,-78.52495,safe_active_exact_name_site_agreement
2059,global_backlog,safe_active,EC,Ecuador,https://ror.org/02nn67a65,Universidad Indoamérica,active,3660689,Ambato,Tungurahua Province,-1.24908,-78.61675,safe_active_exact_name_site_agreement
2060,global_backlog,unmatched,EC,Ecuador,,,,,,,,,unmatched
2061,global_backlog,unmatched,EC,Ecuador,,,,,,,,,unmatched
2072,global_backlog,safe_active,EG,Egypt,https://ror.org/00cb9w016,Ain Shams University,active,360630,Cairo,Cairo,30.06263,31.24967,safe_active_exact_name_only
2073,global_backlog,safe_active,EG,Egypt,https://ror.org/0338q3942,Akhbar El Yom Academy,active,360630,Cairo,Cairo,30.06263,31.24967,safe_active_exact_name_site_agreement
2074,global_backlog,safe_active,EG,Egypt,https://ror.org/05fnp1145,Al-Azhar University,active,360630,Cairo,Cairo,30.06263,31.24967,safe_active_exact_name_site_agreement
2075,global_backlog,safe_active,EG,Egypt,https://ror.org/00mzz1w90,Alexandria University,active,361058,Alexandria,Alexandria,31.20176,29.91582,safe_active_exact_name_only
2076,global_backlog,safe_active,EG,Egypt,https://ror.org/0176yqn58,American University in Cairo,active,360630,Cairo,Cairo,30.06263,31.24967,safe_active_exact_name_only
2077,global_backlog,review,EG,Egypt,,,,,,,,,held_review_site_only
2078,global_backlog,safe_active,EG,Egypt,https://ror.org/037bdd431,Arab Open University,active,360630,Cairo,Cairo,30.06263,31.24967,safe_active_exact_name_site_agreement
2079,global_backlog,safe_active,EG,Egypt,https://ror.org/01jaj8n65,Assiut University,active,359783,Asyut,Asyut,27.18096,31.18368,safe_active_exact_name_only
2080,global_backlog,safe_active,EG,Egypt,https://ror.org/03tn5ee41,Benha University,active,359280,Banhā,Qalyubia,30.45977,31.1842,safe_active_exact_name_site_agreement
2081,global_backlog,safe_active,EG,Egypt,https://ror.org/05pn4yv70,Beni-Suef University,active,359173,Banī Suwayf,Beni Suweif,29.07441,31.09785,safe_active_exact_name_site_agreement
2082,global_backlog,safe_active,EG,Egypt,https://ror.org/03q21mh05,Cairo University,active,360995,Giza,Giza,30.00944,31.20861,safe_active_exact_name_only
2083,global_backlog,safe_active,EG,Egypt,https://ror.org/03svthf85,Damanhour University,active,358448,Damanhur,Beheira,31.03408,30.46823,safe_active_exact_name_site_agreement
2084,global_backlog,safe_active,EG,Egypt,https://ror.org/035h3r191,Damietta University,active,358048,Damietta,Damietta,31.41648,31.81332,safe_active_exact_name_site_agreement
2085,global_backlog,unmatched,EG,Egypt,,,,,,,,,unmatched
2086,global_backlog,safe_active,EG,Egypt,https://ror.org/025xjs150,El Shorouk Academy,active,360630,Cairo,Cairo,30.06263,31.24967,safe_active_exact_name_only
2087,global_backlog,safe_active,EG,Egypt,https://ror.org/023gzwx10,Fayoum University,active,361320,Al Fayyum,Faiyum,29.30995,30.8418,safe_active_exact_name_site_agreement
2088,global_backlog,unmatched,EG,Egypt,,,,,,,,,unmatched
2089,global_backlog,safe_active,EG,Egypt,https://ror.org/03rjt0z37,German University in Cairo,active,360630,Cairo,Cairo,30.06263,31.24967,safe_active_exact_name_site_agreement
2090,global_backlog,safe_active,EG,Egypt,https://ror.org/00h55v928,Helwan University,active,360630,Cairo,Cairo,30.06263,31.24967,safe_active_exact_name_site_agreement
2091,global_backlog,safe_active,EG,Egypt,https://ror.org/051q8jk17,Higher Technological Institute,active,360630,Cairo,Cairo,30.06263,31.24967,safe_active_exact_name_site_agreement
2092,global_backlog,review,EG,Egypt,,,,,,,,,held_review_site_only
2093,global_backlog,safe_active,EG,Egypt,https://ror.org/01k8vtd75,Mansoura University,active,360761,Al Mansurah,Dakahlia,31.03637,31.38069,safe_active_exact_name_site_agreement
2094,global_backlog,safe_active,EG,Egypt,https://ror.org/05sjrb944,Menoufia University,active,349158,Shibīn al Kawm,Monufia,30.55258,31.00904,safe_active_exact_name_only
2095,global_backlog,safe_active,EG,Egypt,https://ror.org/01337pb37,Military Technical College,active,360630,Cairo,Cairo,30.06263,31.24967,safe_active_exact_name_site_agreement
2096,global_backlog,safe_active,EG,Egypt,https://ror.org/02hcv4z63,Minia University,active,360686,Minya,Minya,28.09193,30.75813,safe_active_exact_name_site_agreement
2097,global_backlog,safe_active,EG,Egypt,https://ror.org/030vg1t69,Misr International University,active,360630,Cairo,Cairo,30.06263,31.24967,safe_active_exact_name_site_agreement
2098,global_backlog,review,EG,Egypt,,,,,,,,,held_review_site_only
2099,global_backlog,unmatched,EG,Egypt,,,,,,,,,unmatched
2100,global_backlog,unmatched,EG,Egypt,,,,,,,,,unmatched
2101,global_backlog,review,EG,Egypt,,,,,,,,,held_review_site_only
2102,global_backlog,safe_active,EG,Egypt,https://ror.org/03cg7cp61,Nile University,active,360995,Giza,Giza,30.00944,31.20861,safe_active_exact_name_only
2103,global_backlog,safe_active,EG,Egypt,https://ror.org/05y06tg49,October 6 University,active,360995,Giza,Giza,30.00944,31.20861,safe_active_exact_name_site_agreement
2104,global_backlog,review,EG,Egypt,,,,,,,,,held_review_site_only
2105,global_backlog,safe_active,EG,Egypt,https://ror.org/01vx5yq44,Port Said University,active,358619,Port Said,Port Said,31.26531,32.3019,safe_active_exact_name_site_agreement
2106,global_backlog,safe_active,EG,Egypt,https://ror.org/04scnnc07,Sadat Academy for Management Sciences,active,360630,Cairo,Cairo,30.06263,31.24967,safe_active_exact_name_only
2107,global_backlog,safe_active,EG,Egypt,https://ror.org/01dd13a92,Sinai University,active,360630,Cairo,Cairo,30.06263,31.24967,safe_active_exact_name_site_agreement
2108,global_backlog,safe_active,EG,Egypt,https://ror.org/02wgx3e98,Sohag University,active,347796,Sohag,Sohag,26.55695,31.69478,safe_active_exact_name_site_agreement
2109,global_backlog,safe_active,EG,Egypt,https://ror.org/00jxshx33,South Valley University,active,350550,Qina,Qena,26.16418,32.72671,safe_active_exact_name_site_agreement
2110,global_backlog,safe_active,EG,Egypt,https://ror.org/02m82p074,Suez Canal University,active,361055,Ismailia,Ismailia,30.60427,32.27225,safe_active_exact_name_only
2111,global_backlog,safe_active,EG,Egypt,https://ror.org/016jp5b92,Tanta University,active,347497,Tanta,Gharbia,30.78847,31.00192,safe_active_exact_name_site_agreement
2112,global_backlog,safe_active,EG,Egypt,https://ror.org/017n1k193,French University of Egypt,active,360630,Cairo,Cairo,30.06263,31.24967,safe_active_exact_name_site_agreement
2113,global_backlog,safe_active,EG,Egypt,https://ror.org/00a5t5d16,Senghor University,active,361058,Alexandria,Alexandria,31.20176,29.91582,safe_active_exact_name_site_agreement
2114,global_backlog,safe_active,EG,Egypt,https://ror.org/05p2q6194,University of Sadat City,active,449761,Sadat,North Sinai,31.22371,34.20837,safe_active_exact_name_site_agreement
2115,global_backlog,safe_active,EG,Egypt,https://ror.org/053g6we49,Zagazig University,active,359493,Zagazig,Sharqia,30.58768,31.502,safe_active_exact_name_site_agreement
2116,global_backlog,unmatched,ER,Eritrea,,,,,,,,,unmatched
2198,global_backlog,safe_active,ET,Ethiopia,https://ror.org/02ccba128,Adama Science and Technology University,active,330186,Nazrēt,Oromiya,8.55,39.26667,safe_active_exact_name_site_agreement
2199,global_backlog,safe_active,ET,Ethiopia,https://ror.org/02psd9228,Addis Ababa Science and Technology University,active,344979,Addis Ababa,Addis Ababa,9.02497,38.74689,safe_active_exact_name_only
2200,global_backlog,safe_active,ET,Ethiopia,https://ror.org/038b8e254,Addis Ababa University,active,344979,Addis Ababa,Addis Ababa,9.02497,38.74689,safe_active_exact_name_only
2201,global_backlog,safe_active,ET,Ethiopia,https://ror.org/0034mdn74,Adigrat University,active,345149,Ādīgrat,Tigray,14.277,39.462,safe_active_exact_name_site_agreement
2202,global_backlog,safe_active,ET,Ethiopia,https://ror.org/003659f07,Aksum University,active,344420,Aksum,Tigray,14.12109,38.72337,safe_active_exact_name_site_agreement
2203,global_backlog,safe_active,ET,Ethiopia,https://ror.org/02e6z0y17,Ambo University,active,335288,Hāgere Hiywet,Oromiya,8.98333,37.85,safe_active_exact_name_site_agreement
2204,global_backlog,safe_active,ET,Ethiopia,https://ror.org/00ssp9h11,Arba Minch University,active,343663,Arba Minch,South Ethiopia Regional State,6.03333,37.55,safe_active_exact_name_site_agreement
2205,global_backlog,review,ET,Ethiopia,,,,,,,,,held_review_site_only
2206,global_backlog,safe_active,ET,Ethiopia,https://ror.org/01670bg46,Bahir Dar University,active,342884,Bahir Dar,Amhara,11.59364,37.39077,safe_active_exact_name_site_agreement
2207,global_backlog,safe_active,ET,Ethiopia,https://ror.org/038n8fg68,Bule Hora University,active,344620,Hagere Maryam,Oromiya,5.63418,38.23603,safe_active_exact_name_only
2208,global_backlog,review,ET,Ethiopia,,,,,,,,,held_review_site_only
2209,global_backlog,safe_active,ET,Ethiopia,https://ror.org/04sbsx707,Debre Markos University,active,339708,Debre Mark’os,Amhara,10.35,37.73333,safe_active_exact_name_site_agreement
2210,global_backlog,safe_active,ET,Ethiopia,https://ror.org/04ahz4692,Dilla University,active,338998,Dīla,South Ethiopia Regional State,6.41667,38.31667,safe_active_exact_name_only
2211,global_backlog,safe_active,ET,Ethiopia,https://ror.org/01wfzer83,Dire Dawa University,active,338832,Dire Dawa,Dire Dawa,9.59306,41.86611,safe_active_exact_name_site_agreement
2212,global_backlog,safe_active,ET,Ethiopia,https://ror.org/00409ce90,Ethiopian Civil Service University,active,344979,Addis Ababa,Addis Ababa,9.02497,38.74689,safe_active_exact_name_only
2213,global_backlog,review,ET,Ethiopia,,,,,,,,,held_review_site_only
2214,global_backlog,safe_active,ET,Ethiopia,https://ror.org/059yk7s89,Haramaya University,active,338832,Dire Dawa,Dire Dawa,9.59306,41.86611,safe_active_exact_name_site_agreement
2215,global_backlog,safe_active,ET,Ethiopia,https://ror.org/04r15fz20,Hawassa University,active,343137,Awasa,Sidama Region,7.06205,38.47635,safe_active_exact_name_site_agreement
2216,global_backlog,safe_active,ET,Ethiopia,https://ror.org/033v2cg93,Jigjiga University,active,333795,Jijiga,Somali,9.35,42.8,safe_active_exact_name_site_agreement
2217,global_backlog,safe_active,ET,Ethiopia,https://ror.org/05eer8g02,Jimma University,active,333772,Jimma,Oromiya,7.67344,36.83441,safe_active_exact_name_site_agreement
2218,global_backlog,safe_active,ET,Ethiopia,https://ror.org/04zte5g15,Madda Walabu University,active,329607,Bale Robe,Oromiya,7.12294,40.00412,safe_active_exact_name_site_agreement
2219,global_backlog,unmatched,ET,Ethiopia,,,,,,,,,unmatched
2220,global_backlog,safe_active,ET,Ethiopia,https://ror.org/04bpyvy69,Mekelle University,active,331180,Mek'ele,Tigray,13.49667,39.47528,safe_active_exact_name_site_agreement
2221,global_backlog,safe_active,ET,Ethiopia,https://ror.org/03bs4te22,Mizan Tepi University,active,330534,Mizan Teferi,South West Ethiopia Peoples' Region,6.99865,35.58879,safe_active_exact_name_only
2222,global_backlog,review,ET,Ethiopia,,,,,,,,,held_review_site_only
2223,global_backlog,unmatched,ET,Ethiopia,,,,,,,,,unmatched
2224,global_backlog,safe_active,ET,Ethiopia,https://ror.org/0106a2j17,Wolaita Sodo University,active,7910079,Sodo,South Ethiopia Regional State,6.86,37.76159,safe_active_exact_name_site_agreement
2225,global_backlog,safe_active,ET,Ethiopia,https://ror.org/009msm672,Wolkite University,active,326355,Welk’īt’ē,Central Ethiopia Regional State,8.28333,37.78333,safe_active_exact_name_site_agreement
2226,global_backlog,safe_active,ET,Ethiopia,https://ror.org/00316zc91,Wollega University,active,330118,Nek’emtē,Oromiya,9.08333,36.55,safe_active_exact_name_only
2227,global_backlog,safe_active,ET,Ethiopia,https://ror.org/01ktt8y73,Wollo University,active,339219,Dessie,Amhara,11.13333,39.63333,safe_active_exact_name_site_agreement
2263,global_backlog,safe_active,FO,Faroe Islands,https://ror.org/05mwmd090,University of the Faroe Islands,active,2611396,Tórshavn,Streymoy,62.00973,-6.77164,safe_active_exact_name_site_agreement
2527,global_backlog,safe_active,GA,Gabon,https://ror.org/04s4j9e43,Omar Bongo University,active,2399697,Libreville,Estuaire,0.39241,9.45356,safe_active_exact_name_only
2697,global_backlog,safe_active,GD,Grenada,https://ror.org/01m1s6313,St. George's University,active,3579925,Saint George's,Saint George Parish,12.05288,-61.75226,safe_active_exact_name_site_agreement
2698,global_backlog,safe_active,GE,Georgia,https://ror.org/01mdqeh78,Agricultural University of Georgia,active,611717,Tbilisi,Tbilisi,41.69411,44.83368,safe_active_exact_name_site_agreement
2699,global_backlog,safe_active,GE,Georgia,https://ror.org/05986n320,Akaki Tsereteli State University,active,613607,Kutaisi,Imereti,42.26791,42.69459,safe_active_exact_name_site_agreement
2700,global_backlog,safe_active,GE,Georgia,https://ror.org/02tc4et63,Caucasus University,active,611717,Tbilisi,Tbilisi,41.69411,44.83368,safe_active_exact_name_site_agreement
2701,global_backlog,safe_active,GE,Georgia,https://ror.org/05rr3y439,Free University of Tbilisi,active,611717,Tbilisi,Tbilisi,41.69411,44.83368,safe_active_exact_name_only
2702,global_backlog,safe_active,GE,Georgia,https://ror.org/00aamz256,Georgian Technical University,active,611717,Tbilisi,Tbilisi,41.69411,44.83368,safe_active_exact_name_only
2703,global_backlog,review,GE,Georgia,,,,,,,,,held_review_site_only
2704,global_backlog,review,GE,Georgia,,,,,,,,,held_review_site_only
2705,global_backlog,unmatched,GE,Georgia,,,,,,,,,unmatched
2706,global_backlog,safe_active,GE,Georgia,https://ror.org/020jbrt22,Tbilisi State Medical University,active,611717,Tbilisi,Tbilisi,41.69411,44.83368,safe_active_exact_name_site_agreement
2707,global_backlog,safe_active,GE,Georgia,https://ror.org/05fd1hd85,Tbilisi State University,active,611717,Tbilisi,Tbilisi,41.69411,44.83368,safe_active_exact_name_only
2708,global_backlog,review,GE,Georgia,,,,,,,,,held_alias_without_clean_domain_agreement
2709,global_backlog,review,GE,Georgia,,,,,,,,,held_review_site_only
2710,global_backlog,review,GF,French Guiana,,,,,,,,,held_review_site_only
2711,global_backlog,review,GH,Ghana,,,,,,,,,held_alias_without_clean_domain_agreement
2712,global_backlog,unmatched,GH,Ghana,,,,,,,,,unmatched
2713,global_backlog,review,GH,Ghana,,,,,,,,,held_review_site_only
2714,global_backlog,safe_active,GH,Ghana,https://ror.org/028kehd60,Ashesi University,active,2306104,Accra,Greater Accra,5.55602,-0.1969,safe_active_exact_name_site_agreement
2715,global_backlog,safe_active,GH,Ghana,https://ror.org/002mzw222,Cape Coast Technical University,active,2302357,Cape Coast,Central,5.10535,-1.2466,safe_active_exact_name_site_agreement
2716,global_backlog,safe_active,GH,Ghana,https://ror.org/037732v94,Central University,active,2306104,Accra,Greater Accra,5.55602,-0.1969,safe_active_exact_name_site_agreement
2717,global_backlog,safe_active,GH,Ghana,https://ror.org/02rbr5948,Ghana Christian University College,active,2306104,Accra,Greater Accra,5.55602,-0.1969,safe_active_exact_name_only
2718,global_backlog,unmatched,GH,Ghana,,,,,,,,,unmatched
2719,global_backlog,review,GH,Ghana,,,,,,,,,held_alias_without_clean_domain_agreement
2720,global_backlog,review,GH,Ghana,,,,,,,,,held_alias_without_clean_domain_agreement
2721,global_backlog,safe_active,GH,Ghana,https://ror.org/05wm9y343,Islamic University College,active,2306104,Accra,Greater Accra,5.55602,-0.1969,safe_active_exact_name_site_agreement
2722,global_backlog,review,GH,Ghana,,,,,,,,,held_alias_without_clean_domain_agreement
2723,global_backlog,review,GH,Ghana,,,,,,,,,held_alias_without_clean_domain_agreement
2724,global_backlog,safe_active,GH,Ghana,https://ror.org/00cb23x68,Kwame Nkrumah University of Science and Technology,active,2298890,Kumasi,Ashanti,6.68848,-1.62443,safe_active_exact_name_site_agreement
2725,global_backlog,safe_active,GH,Ghana,https://ror.org/01g3dya06,Lancaster University Ghana,active,2306104,Accra,Greater Accra,5.55602,-0.1969,safe_active_exact_name_site_agreement
2726,global_backlog,safe_active,GH,Ghana,https://ror.org/04f4hdq71,Pan African Christian University College,active,2306104,Accra,Greater Accra,5.55602,-0.1969,safe_active_exact_name_site_agreement
2727,global_backlog,unmatched,GH,Ghana,,,,,,,,,unmatched
2728,global_backlog,safe_active,GH,Ghana,https://ror.org/02369cb65,"Presbyterian University, Ghana",active,2305537,Agogo,Ashanti,6.80004,-1.08193,safe_active_exact_name_site_agreement
2729,global_backlog,safe_active,GH,Ghana,https://ror.org/02tgqv590,Regent University College of Science and Technology,active,2306104,Accra,Greater Accra,5.55602,-0.1969,safe_active_exact_name_only
2730,global_backlog,unmatched,GH,Ghana,,,,,,,,,unmatched
2731,global_backlog,unmatched,GH,Ghana,,,,,,,,,unmatched
2732,global_backlog,safe_active,GH,Ghana,https://ror.org/052nhnq73,University for Development Studies,active,2294877,Tamale,Northern,9.40079,-0.8393,safe_active_exact_name_site_agreement
2733,global_backlog,safe_active,GH,Ghana,https://ror.org/0492nfe34,University of Cape Coast,active,2302357,Cape Coast,Central,5.10535,-1.2466,safe_active_exact_name_site_agreement
2734,global_backlog,safe_active,GH,Ghana,https://ror.org/00y1ekh28,"University of Education, Winneba",active,2294034,Winneba,Central,5.35113,-0.62313,safe_active_exact_name_site_agreement
2735,global_backlog,safe_active,GH,Ghana,https://ror.org/01r22mr83,University of Ghana,active,2306104,Accra,Greater Accra,5.55602,-0.1969,safe_active_exact_name_site_agreement
2736,global_backlog,safe_active,GH,Ghana,https://ror.org/04daenq52,Valley View University,active,2306104,Accra,Greater Accra,5.55602,-0.1969,safe_active_exact_name_site_agreement
2737,global_backlog,safe_active,GL,Greenland,https://ror.org/00t5j6b61,Ilisimatusarfik,active,3421319,Nuuk,Sermersooq,64.18347,-51.72157,safe_active_exact_name_only
2738,global_backlog,safe_active,GM,The Gambia,https://ror.org/04rc9cg08,American International University West Africa,active,2413876,Banjul,Banjul,13.45274,-16.57803,safe_active_exact_name_site_agreement
2739,global_backlog,safe_active,GM,The Gambia,https://ror.org/024596r45,Euclid University,active,2413876,Banjul,Banjul,13.45274,-16.57803,safe_active_exact_name_site_agreement
2740,global_backlog,safe_active,GM,The Gambia,https://ror.org/038tkkk06,University of the Gambia,active,2413876,Banjul,Banjul,13.45274,-16.57803,safe_active_exact_name_site_agreement
2741,global_backlog,safe_active,GN,Guinea,https://ror.org/002g4yr42,Gamal Abdel Nasser University of Conakry,active,2422465,Conakry,Conakry,9.53795,-13.67729,safe_active_exact_name_only
2742,global_backlog,review,GN,Guinea,,,,,,,,,held_review_site_only
2743,global_backlog,review,GN,Guinea,,,,,,,,,held_review_site_only
2744,global_backlog,unmatched,GN,Guinea,,,,,,,,,unmatched
2745,global_backlog,review,GP,Guadeloupe,,,,,,,,,held_review_site_only
2746,global_backlog,safe_active,GQ,Equatorial Guinea,https://ror.org/045m93336,National University of Equatorial Guinea,active,2309527,Malabo,Bioko Norte,3.75578,8.78166,safe_active_exact_name_only
2797,global_backlog,safe_active,GT,Guatemala,https://ror.org/0192k3w92,Centro Universitario Ciudad Vieja,active,3598132,Guatemala City,Guatemala,14.64072,-90.51327,safe_active_exact_name_site_agreement
2798,global_backlog,safe_active,GT,Guatemala,https://ror.org/039n74540,Centro Universitario de Occidente,active,3590979,Quetzaltenango,Quetzaltenango,14.83472,-91.51806,safe_active_exact_name_site_agreement
2799,global_backlog,safe_active,GT,Guatemala,https://ror.org/018zgbn57,Universidad del Istmo,active,3598132,Guatemala City,Guatemala,14.64072,-90.51327,safe_active_exact_name_site_agreement
2800,global_backlog,safe_active,GT,Guatemala,https://ror.org/03nyjqm54,Universidad del Valle de Guatemala,active,3598132,Guatemala City,Guatemala,14.64072,-90.51327,safe_active_exact_name_site_agreement
2801,global_backlog,safe_active,GT,Guatemala,https://ror.org/01b4w2923,Universidad de San Carlos de Guatemala,active,3598132,Guatemala City,Guatemala,14.64072,-90.51327,safe_active_exact_name_site_agreement
2802,global_backlog,safe_active,GT,Guatemala,https://ror.org/03hrwak15,Universidad Francisco Marroquín,active,3598132,Guatemala City,Guatemala,14.64072,-90.51327,safe_active_exact_name_only
2803,global_backlog,safe_active,GT,Guatemala,https://ror.org/04c3msc18,Galileo University,active,3598132,Guatemala City,Guatemala,14.64072,-90.51327,safe_active_exact_name_site_agreement
2804,global_backlog,review,GT,Guatemala,,,,,,,,,held_review_site_only
2805,global_backlog,safe_active,GT,Guatemala,https://ror.org/05pd6sh18,Universidad Panamericana,active,3598132,Guatemala City,Guatemala,14.64072,-90.51327,safe_active_exact_name_site_agreement
2806,global_backlog,safe_active,GT,Guatemala,https://ror.org/03jzm5a44,Universidad Rafael Landívar,active,3598132,Guatemala City,Guatemala,14.64072,-90.51327,safe_active_exact_name_only
2807,global_backlog,safe_active,GT,Guatemala,https://ror.org/02k5yax48,Universidad Rural de Guatemala,active,3598132,Guatemala City,Guatemala,14.64072,-90.51327,safe_active_exact_name_site_agreement
2809,global_backlog,safe_active,GY,Guyana,https://ror.org/01jtz8t69,Gemsville Technical University,active,3378644,Georgetown,Demerara-Mahaica,6.80448,-58.15527,safe_active_exact_name_only
2810,global_backlog,unmatched,GY,Guyana,,,,,,,,,unmatched
2811,global_backlog,safe_active,GY,Guyana,https://ror.org/051qp9k68,Texila American University,active,3378644,Georgetown,Demerara-Mahaica,6.80448,-58.15527,safe_active_exact_name_site_agreement
2812,global_backlog,safe_active,GY,Guyana,https://ror.org/05d8pm274,University of Guyana,active,3378644,Georgetown,Demerara-Mahaica,6.80448,-58.15527,safe_active_exact_name_site_agreement
2825,global_backlog,review,HN,Honduras,,,,,,,,,held_review_site_only
2826,global_backlog,safe_active,HN,Honduras,https://ror.org/02fnq4841,Universidad Católica de Honduras Nuestra Señora Reina de la Paz,active,3600949,Tegucigalpa,Francisco Morazán Department,14.0818,-87.20681,safe_active_exact_name_site_agreement
2827,global_backlog,safe_active,HN,Honduras,https://ror.org/01xzw5f75,Universidad de San Pedro Sula,active,3601782,San Pedro Sula,Cortés Department,15.50417,-88.025,safe_active_exact_name_only
2828,global_backlog,safe_active,HN,Honduras,https://ror.org/0335q7x18,Universidad José Cecilio del Valle,active,3600949,Tegucigalpa,Francisco Morazán Department,14.0818,-87.20681,safe_active_exact_name_site_agreement
2829,global_backlog,safe_active,HN,Honduras,https://ror.org/02gsh9561,Universidad Metropolitana de Honduras,active,3600949,Tegucigalpa,Francisco Morazán Department,14.0818,-87.20681,safe_active_exact_name_site_agreement
2830,global_backlog,safe_active,HN,Honduras,https://ror.org/03xyve152,National Autonomous University of Honduras,active,3600949,Tegucigalpa,Francisco Morazán Department,14.0818,-87.20681,safe_active_exact_name_site_agreement
2831,global_backlog,safe_active,HN,Honduras,https://ror.org/05rsfnx05,Universidad Pedagógica Nacional Francisco Morazán,active,3600949,Tegucigalpa,Francisco Morazán Department,14.0818,-87.20681,safe_active_exact_name_site_agreement
2832,global_backlog,safe_active,HN,Honduras,https://ror.org/03gxj8t57,Central American Technological University,active,3600949,Tegucigalpa,Francisco Morazán Department,14.0818,-87.20681,safe_active_exact_name_site_agreement
2833,global_backlog,safe_active,HN,Honduras,https://ror.org/00j5cb536,Universidad Tecnológica de Honduras,active,3601782,San Pedro Sula,Cortés Department,15.50417,-88.025,safe_active_exact_name_site_agreement
2842,global_backlog,safe_active,HT,Haiti,https://ror.org/03hamks61,American University of the Caribbean,active,3728097,Les Cayes,Sud,18.19199,-73.74948,safe_active_exact_name_only
2843,global_backlog,review,HT,Haiti,,,,,,,,,held_review_site_only
2844,global_backlog,review,HT,Haiti,,,,,,,,,held_review_site_only
2845,global_backlog,safe_active,HT,Haiti,https://ror.org/047thv031,Université Épiscopale d'Haiti,active,3718426,Port-au-Prince,Ouest,18.54349,-72.33881,safe_active_exact_name_only
2846,global_backlog,safe_active,HT,Haiti,https://ror.org/0072e5x58,Université Notre Dame d'Haïti,active,3718426,Port-au-Prince,Ouest,18.54349,-72.33881,safe_active_exact_name_only
2847,global_backlog,safe_active,HT,Haiti,https://ror.org/02tq8vz07,Quisqueya University,active,3718426,Port-au-Prince,Ouest,18.54349,-72.33881,safe_active_exact_name_site_agreement
3089,global_backlog,review,IL,Israel,,,,,,,,,held_review_site_only
3090,global_backlog,review,IL,Israel,,,,,,,,,held_alias_without_clean_domain_agreement
3091,global_backlog,review,IL,Israel,,,,,,,,,held_review_site_only
3092,global_backlog,safe_active,IL,Israel,https://ror.org/00sfwx025,Ashkelon Academic College,active,295620,Ashqelon,Southern District,31.66926,34.57149,safe_active_exact_name_site_agreement
3093,global_backlog,safe_active,IL,Israel,https://ror.org/03kgsv495,Bar-Ilan University,active,293788,Ramat Gan,Tel Aviv,32.08227,34.81065,safe_active_exact_name_only
3094,global_backlog,safe_active,IL,Israel,https://ror.org/05tkyf982,Ben-Gurion University of the Negev,active,295530,Beersheba,Southern District,31.25181,34.7913,safe_active_exact_name_site_agreement
3095,global_backlog,review,IL,Israel,,,,,,,,,held_review_site_only
3096,global_backlog,review,IL,Israel,,,,,,,,,held_review_site_only
3097,global_backlog,review,IL,Israel,,,,,,,,,held_review_site_only
3098,global_backlog,unmatched,IL,Israel,,,,,,,,,unmatched
3099,global_backlog,safe_active,IL,Israel,https://ror.org/03qxff017,Hebrew University of Jerusalem,active,281184,Jerusalem,Jerusalem,31.76904,35.21633,safe_active_exact_name_only
3100,global_backlog,safe_active,IL,Israel,https://ror.org/05xwpxc69,Jerusalem University College,active,281184,Jerusalem,Jerusalem,31.76904,35.21633,safe_active_exact_name_site_agreement
3101,global_backlog,safe_active,IL,Israel,https://ror.org/027z64205,Open University of Israel,active,293807,Raanana,Central District,32.1836,34.87386,safe_active_exact_name_only
3102,global_backlog,unmatched,IL,Israel,,,,,,,,,unmatched
3103,global_backlog,review,IL,Israel,,,,,,,,,held_multiple_ror_locations
3104,global_backlog,review,IL,Israel,,,,,,,,,held_review_site_only
3105,global_backlog,safe_active,IL,Israel,https://ror.org/03qryx823,Technion – Israel Institute of Technology,active,294801,Haifa,Haifa,32.81841,34.9885,safe_active_exact_name_site_agreement
3106,global_backlog,review,IL,Israel,,,,,,,,,held_site_name_conflict
3107,global_backlog,unmatched,IL,Israel,,,,,,,,,unmatched
3108,global_backlog,safe_active,IL,Israel,https://ror.org/02f009v59,University of Haifa,active,294801,Haifa,Haifa,32.81303,34.99928,safe_active_exact_name_site_agreement
3109,global_backlog,safe_active,IL,Israel,https://ror.org/0316ej306,Weizmann Institute of Science,active,293725,Rehovot,Central District,31.89421,34.81199,safe_active_exact_name_site_agreement
3110,global_backlog,safe_active,IL,Israel,https://ror.org/00ajd9b21,Western Galilee College,active,295721,Acre,Northern District,32.92814,35.07647,safe_active_exact_name_site_agreement
3468,global_backlog,unmatched,IQ,Iraq,,,,,,,,,unmatched
3469,global_backlog,review,IQ,Iraq,,,,,,,,,held_alias_without_clean_domain_agreement
3470,global_backlog,safe_active,IQ,Iraq,https://ror.org/022kamm22,Al Mamon University College,active,98182,Baghdad,Baghdad,33.34058,44.40088,safe_active_exact_name_site_agreement
3471,global_backlog,safe_active,IQ,Iraq,https://ror.org/02pk0yz95,Al Mansour University College,active,98182,Baghdad,Baghdad,33.34058,44.40088,safe_active_exact_name_site_agreement
3472,global_backlog,safe_active,IQ,Iraq,https://ror.org/03877wr45,Al-Muthanna University,active,98530,As Samawah,Al Muthanna Governorate,31.33198,45.2944,safe_active_exact_name_only
3473,global_backlog,safe_active,IQ,Iraq,https://ror.org/05v2p9075,Nahrain University,active,98182,Baghdad,Baghdad,33.34058,44.40088,safe_active_exact_name_site_agreement
3474,global_backlog,unmatched,IQ,Iraq,,,,,,,,,unmatched
3475,global_backlog,safe_active,IQ,Iraq,https://ror.org/04ch0eh11,Al Rasheed University College,active,98182,Baghdad,Baghdad,33.34058,44.40088,safe_active_exact_name_only
3476,global_backlog,unmatched,IQ,Iraq,,,,,,,,,unmatched
3477,global_backlog,review,IQ,Iraq,,,,,,,,,held_alias_without_clean_domain_agreement
3478,global_backlog,review,IQ,Iraq,,,,,,,,,held_site_name_conflict
3479,global_backlog,unmatched,IQ,Iraq,,,,,,,,,unmatched
3480,global_backlog,safe_active,IQ,Iraq,https://ror.org/026dp8058,Baghdad College of Economic Sciences University,active,98182,Baghdad,Baghdad,33.34058,44.40088,safe_active_exact_name_site_agreement
3481,global_backlog,unmatched,IQ,Iraq,,,,,,,,,unmatched
3482,global_backlog,safe_active,IQ,Iraq,https://ror.org/05kdv3094,British Royal University,active,95446,Erbil,Erbil,36.19117,44.00943,safe_active_exact_name_site_agreement
3483,global_backlog,review,IQ,Iraq,,,,,,,,,held_ambiguous_active_exact_name
3484,global_backlog,unmatched,IQ,Iraq,,,,,,,,,unmatched
3485,global_backlog,unmatched,IQ,Iraq,,,,,,,,,unmatched
3486,global_backlog,review,IQ,Iraq,,,,,,,,,held_review_site_only
3487,global_backlog,safe_active,IQ,Iraq,https://ror.org/02a6g3h39,Hawler Medical University,active,95446,Erbil,Erbil,36.19117,44.00943,safe_active_exact_name_only
3488,global_backlog,safe_active,IQ,Iraq,https://ror.org/021817660,Iraq University College,active,99532,Basra,Basra,30.50852,47.7804,safe_active_exact_name_only
3489,global_backlog,review,IQ,Iraq,,,,,,,,,held_alias_without_clean_domain_agreement
3490,global_backlog,review,IQ,Iraq,,,,,,,,,held_review_site_only
3491,global_backlog,safe_active,IQ,Iraq,https://ror.org/05azws991,Komar University of Science and Technology,active,98463,Sulaymaniyah,Sulaymaniyah,35.56496,45.4329,safe_active_exact_name_site_agreement
3492,global_backlog,review,IQ,Iraq,,,,,,,,,held_review_site_only
3493,global_backlog,safe_active,IQ,Iraq,https://ror.org/00kazcx49,Madenat Alelem University College,active,98182,Baghdad,Baghdad,33.34058,44.40088,safe_active_exact_name_site_agreement
3494,global_backlog,review,IQ,Iraq,,,,,,,,,held_review_site_only
3495,global_backlog,safe_active,IQ,Iraq,https://ror.org/04gp75d48,Nawroz University,active,96994,Dihok,Duhok,36.86709,42.98845,safe_active_exact_name_only
3496,global_backlog,unmatched,IQ,Iraq,,,,,,,,,unmatched
3497,global_backlog,safe_active,IQ,Iraq,https://ror.org/03k9q0e81,Soran University,active,96961,Soran,Erbil,36.65558,44.54217,safe_active_exact_name_site_agreement
3498,global_backlog,safe_active,IQ,Iraq,https://ror.org/05v9vy052,Sulaimani Polytechnic University,active,98463,Sulaymaniyah,Sulaymaniyah,35.56496,45.4329,safe_active_exact_name_site_agreement
3499,global_backlog,safe_active,IQ,Iraq,https://ror.org/02ypa8k59,Thi Qar University,active,98854,Nasiriyah,Dhi Qar,31.05799,46.25726,safe_active_exact_name_only
3500,global_backlog,unmatched,IQ,Iraq,,,,,,,,,unmatched
3501,global_backlog,review,IQ,Iraq,,,,,,,,,held_review_site_only
3502,global_backlog,safe_active,IQ,Iraq,https://ror.org/02ewzwr87,University of Al-Qadisiyah,active,99762,Ad Dīwānīyah,Al Qādisīyah,31.99289,44.92552,safe_active_exact_name_site_agreement
3503,global_backlog,safe_active,IQ,Iraq,https://ror.org/055a6gk50,University of Anbar,active,98717,Ramadi,Al Anbar,33.42056,43.30778,safe_active_exact_name_site_agreement
3504,global_backlog,safe_active,IQ,Iraq,https://ror.org/007f1da21,University of Baghdad,active,98182,Baghdad,Baghdad,33.34058,44.40088,safe_active_exact_name_only
3505,global_backlog,safe_active,IQ,Iraq,https://ror.org/00840ea57,University of Basrah,active,99532,Basra,Basra,30.50852,47.7804,safe_active_exact_name_site_agreement
3506,global_backlog,review,IQ,Iraq,,,,,,,,,held_review_site_only
3507,global_backlog,review,IQ,Iraq,,,,,,,,,held_review_site_only
3508,global_backlog,safe_active,IQ,Iraq,https://ror.org/01pk8rb11,University of Kirkuk,active,94787,Kirkuk,Kirkuk,35.46806,44.39222,safe_active_exact_name_site_agreement
3509,global_backlog,safe_active,IQ,Iraq,https://ror.org/02dwrdh81,University of Kufa,active,98860,Najaf,An Najaf,32.02594,44.34625,safe_active_exact_name_site_agreement
3510,global_backlog,unmatched,IQ,Iraq,,,,,,,,,unmatched
3511,global_backlog,safe_active,IQ,Iraq,https://ror.org/039cf4q47,University of Mosul,active,99072,Mosul,Nineveh,36.335,43.11889,safe_active_exact_name_site_agreement
3512,global_backlog,review,IQ,Iraq,,,,,,,,,held_review_site_only
3513,global_backlog,review,IQ,Iraq,,,,,,,,,held_review_site_only
3514,global_backlog,safe_active,IQ,Iraq,https://ror.org/01w1ehb86,University of Technology - Iraq,active,98182,Baghdad,Baghdad,33.34058,44.40088,safe_active_exact_name_site_agreement
3515,global_backlog,review,IQ,Iraq,,,,,,,,,held_review_site_only
3516,global_backlog,unmatched,IR,Iran,,,,,,,,,unmatched
3517,global_backlog,unmatched,IR,Iran,,,,,,,,,unmatched
3518,global_backlog,review,IR,Iran,,,,,,,,,held_review_site_only
3519,global_backlog,unmatched,IR,Iran,,,,,,,,,unmatched
3520,global_backlog,unmatched,IR,Iran,,,,,,,,,unmatched
3521,global_backlog,unmatched,IR,Iran,,,,,,,,,unmatched
3522,global_backlog,safe_active,IR,Iran,https://ror.org/04gzbav43,Amirkabir University of Technology,active,112931,Tehran,Tehran,35.69439,51.42151,safe_active_exact_name_site_agreement
3523,global_backlog,safe_active,IR,Iran,https://ror.org/00ngrq502,Arak University,active,143127,Arak,Markazi,34.09493,49.69809,safe_active_exact_name_only
3524,global_backlog,safe_active,IR,Iran,https://ror.org/056mgfb42,Arak University of Medical Sciences,active,143127,Arak,Markazi,34.09493,49.69809,safe_active_exact_name_site_agreement
3525,global_backlog,safe_active,IR,Iran,https://ror.org/053wftt74,Arak University of Technology,active,112931,Tehran,Tehran,35.69439,51.42151,safe_active_exact_name_site_agreement
3526,global_backlog,safe_active,IR,Iran,https://ror.org/04n4dcv16,Ardabil University of Medical Sciences,active,143083,Ardabil,Ardabil Province,38.2498,48.2933,safe_active_exact_name_site_agreement
3527,global_backlog,review,IR,Iran,,,,,,,,,held_review_site_only
3528,global_backlog,unmatched,IR,Iran,,,,,,,,,unmatched
3529,global_backlog,safe_active,IR,Iran,https://ror.org/02zc85170,Babol Noshirvani University of Technology,active,142363,Babol,Māzandarān,36.55102,52.6786,safe_active_exact_name_only
3530,global_backlog,safe_active,IR,Iran,https://ror.org/02r5cmz65,Babol University of Medical Sciences,active,142363,Babol,Māzandarān,36.55102,52.6786,safe_active_exact_name_only
3531,global_backlog,review,IR,Iran,,,,,,,,,held_review_site_only
3532,global_backlog,unmatched,IR,Iran,,,,,,,,,unmatched
3533,global_backlog,review,IR,Iran,,,,,,,,,held_review_site_only
3534,global_backlog,safe_active,IR,Iran,https://ror.org/01h2hg078,Birjand University of Medical Sciences,active,140463,Birjand,South Khorasan Province,32.86628,59.22114,safe_active_exact_name_site_agreement
3535,global_backlog,safe_active,IR,Iran,https://ror.org/04ka8rx28,Bu-Ali Sina University,active,132144,Hamadan,Hamadan Province,34.79922,48.51456,safe_active_exact_name_site_agreement
3536,global_backlog,safe_active,IR,Iran,https://ror.org/02y18ts25,Bushehr University of Medical Sciences,active,139817,Bandar Būshehr,Bushehr,28.96887,50.83657,safe_active_exact_name_site_agreement
3537,global_backlog,unmatched,IR,Iran,,,,,,,,,unmatched
3538,global_backlog,unmatched,IR,Iran,,,,,,,,,unmatched
3539,global_backlog,unmatched,IR,Iran,,,,,,,,,unmatched
3540,global_backlog,unmatched,IR,Iran,,,,,,,,,unmatched
3541,global_backlog,review,IR,Iran,,,,,,,,,held_review_site_only
3542,global_backlog,safe_active,IR,Iran,https://ror.org/00g6ka752,Ferdowsi University of Mashhad,active,124665,Mashhad,Razavi Khorasan,36.29807,59.60567,safe_active_exact_name_only
3543,global_backlog,safe_active,IR,Iran,https://ror.org/03mcx2558,Golestan University of Medical Sciences,active,132892,Gorgan,Golestan,36.8427,54.44391,safe_active_exact_name_site_agreement
3544,global_backlog,safe_active,IR,Iran,https://ror.org/00fafvp33,Gonabad University of Medical Sciences,active,132961,Gonābād,Razavi Khorasan,34.35287,58.68365,safe_active_exact_name_site_agreement
3545,global_backlog,safe_active,IR,Iran,https://ror.org/01w6vdf77,Gorgan University of Agricultural Sciences and Natural Resources,active,132892,Gorgan,Golestan,36.8427,54.44391,safe_active_exact_name_site_agreement
3546,global_backlog,review,IR,Iran,,,,,,,,,held_review_site_only
3547,global_backlog,safe_active,IR,Iran,https://ror.org/04ptbrd12,Guilan University of Medical Sciences,active,118743,Rasht,Gilan Province,37.27611,49.58862,safe_active_exact_name_only
3548,global_backlog,review,IR,Iran,,,,,,,,,held_review_site_only
3549,global_backlog,safe_active,IR,Iran,https://ror.org/037wqsr57,Hormozgan University of Medical Sciences,active,141681,Bandar Abbas,Hormozgan,27.1865,56.2808,safe_active_exact_name_site_agreement
3550,global_backlog,unmatched,IR,Iran,,,,,,,,,unmatched
3551,global_backlog,safe_active,IR,Iran,https://ror.org/01r277z15,Ilam University,active,130802,Īlām,Ilam Province,33.6374,46.4227,safe_active_exact_name_site_agreement
3552,global_backlog,review,IR,Iran,,,,,,,,,held_alias_without_clean_domain_agreement
3553,global_backlog,safe_active,IR,Iran,https://ror.org/02jeykk09,Imam Khomeini International University,active,119505,Qazvin,Qazvin Province,36.26877,50.0041,safe_active_exact_name_site_agreement
3554,global_backlog,review,IR,Iran,,,,,,,,,held_review_site_only
3555,global_backlog,safe_active,IR,Iran,https://ror.org/02mkkqv65,Imam Sadiq University,active,112931,Tehran,Tehran,35.69439,51.42151,safe_active_exact_name_site_agreement
3556,global_backlog,unmatched,IR,Iran,,,,,,,,,unmatched
3557,global_backlog,safe_active,IR,Iran,https://ror.org/03w04rv71,Iran University of Medical Sciences,active,112931,Tehran,Tehran,35.69439,51.42151,safe_active_exact_name_site_agreement
3558,global_backlog,review,IR,Iran,,,,,,,,,held_review_site_only
3559,global_backlog,review,IR,Iran,,,,,,,,,held_review_site_only
3560,global_backlog,safe_active,IR,Iran,https://ror.org/04waqzz56,Isfahan University of Medical Sciences,active,418863,Isfahan,Isfahan,32.65246,51.67462,safe_active_exact_name_site_agreement
3561,global_backlog,safe_active,IR,Iran,https://ror.org/00af3sa43,Isfahan University of Technology,active,418863,Isfahan,Isfahan,32.65246,51.67462,safe_active_exact_name_site_agreement
3562,global_backlog,review,IR,Iran,,,,,,,,,held_review_site_only
3563,global_backlog,review,IR,Iran,,,,,,,,,held_review_site_only
3564,global_backlog,safe_active,IR,Iran,https://ror.org/02558wk32,"Islamic Azad University, Arak",active,143127,Arak,Markazi,34.09493,49.69809,safe_active_exact_name_site_agreement
3565,global_backlog,safe_active,IR,Iran,https://ror.org/058np3c43,Islamic Azad University Ardabil,active,143083,Ardabil,Ardabil Province,38.2498,48.2933,safe_active_exact_name_site_agreement
3566,global_backlog,safe_active,IR,Iran,https://ror.org/01q7qty61,Islamic Azad University Bandar Abbas,active,141681,Bandar Abbas,Hormozgan,27.1865,56.2808,safe_active_exact_name_site_agreement
3567,global_backlog,review,IR,Iran,,,,,,,,,held_review_site_only
3568,global_backlog,safe_active,IR,Iran,https://ror.org/051t3nd40,Islamic Azad University Bostanabad,active,23290,Bostānābād,East Azerbaijan,37.84633,46.83542,safe_active_exact_name_site_agreement
3569,global_backlog,safe_active,IR,Iran,https://ror.org/00ejh1102,"Islamic Azad University, Boukan",active,139889,Būkān,West Azerbaijan,36.521,46.2089,safe_active_exact_name_site_agreement
3570,global_backlog,safe_active,IR,Iran,https://ror.org/03a11m818,Islamic Azad University Central Tehran Branch,active,112931,Tehran,Tehran,35.69439,51.42151,safe_active_exact_name_site_agreement
3571,global_backlog,safe_active,IR,Iran,https://ror.org/01bzz5b22,Islamic Azad University Dehaghan,active,137057,Dehāqān,Isfahan,31.93986,51.64731,safe_active_exact_name_site_agreement
3572,global_backlog,unmatched,IR,Iran,,,,,,,,,unmatched
3573,global_backlog,unmatched,IR,Iran,,,,,,,,,unmatched
3574,global_backlog,review,IR,Iran,,,,,,,,,held_review_site_only
3575,global_backlog,unmatched,IR,Iran,,,,,,,,,unmatched
3576,global_backlog,review,IR,Iran,,,,,,,,,held_review_site_only
3577,global_backlog,safe_active,IR,Iran,https://ror.org/057f4mk30,Islamic Azad University Janah,active,130069,Jenāḩ,Hormozgan,27.02016,54.28398,safe_active_exact_name_site_agreement
3578,global_backlog,safe_active,IR,Iran,https://ror.org/01y4xm534,"Islamic Azad University, Karaj",active,128747,Karaj,Alborz Province,35.83266,50.99155,safe_active_exact_name_only
3579,global_backlog,safe_active,IR,Iran,https://ror.org/02ytn4d59,Islamic Azad University Kazeron,active,128321,Kāzerūn,Fars,29.61919,51.6535,safe_active_exact_name_site_agreement
3580,global_backlog,safe_active,IR,Iran,https://ror.org/04ywz9252,Islamic Azad University Kerman,active,128234,Kerman,Kerman,30.28321,57.07879,safe_active_exact_name_site_agreement
3581,global_backlog,review,IR,Iran,,,,,,,,,held_review_site_only
3582,global_backlog,unmatched,IR,Iran,,,,,,,,,unmatched
3583,global_backlog,unmatched,IR,Iran,,,,,,,,,unmatched
3584,global_backlog,review,IR,Iran,,,,,,,,,held_review_site_only
3585,global_backlog,safe_active,IR,Iran,https://ror.org/00bvysh61,"Islamic Azad University, Mashhad",active,124665,Mashhad,Razavi Khorasan,36.29807,59.60567,safe_active_exact_name_only
3586,global_backlog,safe_active,IR,Iran,https://ror.org/04q7e9e16,Islamic Azad University Maybod,active,124193,Meybod,Yazd Province,32.25014,54.01658,safe_active_exact_name_only
3587,global_backlog,safe_active,IR,Iran,https://ror.org/00z0c0y28,Islamic Azad University Mehriz,active,124274,Mahrīz,Yazd Province,31.58428,54.4428,safe_active_exact_name_only
3588,global_backlog,safe_active,IR,Iran,https://ror.org/01a3xr262,Islamic Azad University Mobarakeh,active,418625,Mobārakeh,Isfahan,32.34612,51.50205,safe_active_exact_name_site_agreement
3589,global_backlog,review,IR,Iran,,,,,,,,,held_review_site_only
3590,global_backlog,review,IR,Iran,,,,,,,,,held_review_site_only
3591,global_backlog,review,IR,Iran,,,,,,,,,held_review_site_only
3592,global_backlog,unmatched,IR,Iran,,,,,,,,,unmatched
3593,global_backlog,review,IR,Iran,,,,,,,,,held_review_site_only
3594,global_backlog,safe_active,IR,Iran,https://ror.org/04tc04306,Islamic Azad University Quchan,active,119115,Qūchān,Razavi Khorasan,37.106,58.50955,safe_active_exact_name_site_agreement
3595,global_backlog,unmatched,IR,Iran,,,,,,,,,unmatched
3596,global_backlog,unmatched,IR,Iran,,,,,,,,,unmatched
3597,global_backlog,review,IR,Iran,,,,,,,,,held_review_site_only
3598,global_backlog,safe_active,IR,Iran,https://ror.org/053s4kp50,Islamic Azad University Saveh,active,116667,Sāveh,Markazi,35.0213,50.3566,safe_active_exact_name_site_agreement
3599,global_backlog,safe_active,IR,Iran,https://ror.org/01abrxp85,Islamic Azad University Semnan,active,116402,Semnan,Semnan,35.57691,53.39205,safe_active_exact_name_site_agreement
3600,global_backlog,safe_active,IR,Iran,https://ror.org/03b49d241,Islamic Azad University Shabestar,active,116126,Shabestar,East Azerbaijan,38.1804,45.7028,safe_active_exact_name_site_agreement
3601,global_backlog,review,IR,Iran,,,,,,,,,held_review_site_only
3602,global_backlog,safe_active,IR,Iran,https://ror.org/00j1sp553,"Islamic Azad University, Shahrood",active,135423,Shahrud,Semnan,36.41819,54.97628,safe_active_exact_name_site_agreement
3603,global_backlog,unmatched,IR,Iran,,,,,,,,,unmatched
3604,global_backlog,review,IR,Iran,,,,,,,,,held_review_site_only
3605,global_backlog,review,IR,Iran,,,,,,,,,held_review_site_only
3606,global_backlog,unmatched,IR,Iran,,,,,,,,,unmatched
3607,global_backlog,review,IR,Iran,,,,,,,,,held_review_site_only
3608,global_backlog,review,IR,Iran,,,,,,,,,held_review_site_only
3609,global_backlog,review,IR,Iran,,,,,,,,,held_review_site_only
3610,global_backlog,review,IR,Iran,,,,,,,,,held_review_site_only
3611,global_backlog,review,IR,Iran,,,,,,,,,held_review_site_only
3612,global_backlog,review,IR,Iran,,,,,,,,,held_review_site_only
3613,global_backlog,safe_active,IR,Iran,https://ror.org/04mwvcn50,"Islamic Azad University, Yazd",active,111822,Yazd,Yazd Province,31.89722,54.3675,safe_active_exact_name_site_agreement
3614,global_backlog,review,IR,Iran,,,,,,,,,held_non_education_identity
3615,global_backlog,unmatched,IR,Iran,,,,,,,,,unmatched
3616,global_backlog,unmatched,IR,Iran,,,,,,,,,unmatched
3617,global_backlog,unmatched,IR,Iran,,,,,,,,,unmatched
3618,global_backlog,review,IR,Iran,,,,,,,,,held_review_site_only
3619,global_backlog,safe_active,IR,Iran,https://ror.org/03dc0dy65,Kashan University of Medical Sciences,active,6861211,Kāshān,Isfahan,34.00228,51.43879,safe_active_exact_name_only
3620,global_backlog,safe_active,IR,Iran,https://ror.org/0451xdy64,Graduate University of Advanced Technology,active,128234,Kerman,Kerman,30.28321,57.07879,safe_active_exact_name_site_agreement
3621,global_backlog,safe_active,IR,Iran,https://ror.org/05vspf741,Kermanshah University of Medical Sciences,active,128226,Kermanshah,Kermanshah Province,34.31417,47.065,safe_active_exact_name_site_agreement
3622,global_backlog,safe_active,IR,Iran,https://ror.org/05hkxne09,Kermanshah University of Technology,active,128226,Kermanshah,Kermanshah Province,34.31417,47.065,safe_active_exact_name_site_agreement
3623,global_backlog,safe_active,IR,Iran,https://ror.org/02kxbqc24,Kerman University of Medical Sciences,active,128234,Kerman,Kerman,30.28321,57.07879,safe_active_exact_name_site_agreement
3624,global_backlog,unmatched,IR,Iran,,,,,,,,,unmatched
3625,global_backlog,safe_active,IR,Iran,https://ror.org/0433abe34,K.N.Toosi University of Technology,active,112931,Tehran,Tehran,35.69439,51.42151,safe_active_exact_name_site_agreement
3626,global_backlog,safe_active,IR,Iran,https://ror.org/01ntx4j68,Kurdistan University of Medical Sciences,active,117574,Sanandaj,Kurdistan Province,35.31495,46.99883,safe_active_exact_name_site_agreement
3627,global_backlog,safe_active,IR,Iran,https://ror.org/051bats05,Lorestan University,active,127349,Khorramabad,Lorestan Province,33.48778,48.35583,safe_active_exact_name_site_agreement
3628,global_backlog,safe_active,IR,Iran,https://ror.org/035t7rn63,Lorestan University of Medical Sciences,active,127349,Khorramabad,Lorestan Province,33.48778,48.35583,safe_active_exact_name_site_agreement
3629,global_backlog,safe_active,IR,Iran,https://ror.org/03rk9sq81,Malayer University,active,125185,Malāyer,Hamadan Province,34.30158,48.82166,safe_active_exact_name_site_agreement
3630,global_backlog,unmatched,IR,Iran,,,,,,,,,unmatched
3631,global_backlog,unmatched,IR,Iran,,,,,,,,,unmatched
3632,global_backlog,safe_active,IR,Iran,https://ror.org/04sfka033,Mashhad University of Medical Sciences,active,124665,Mashhad,Razavi Khorasan,36.29807,59.60567,safe_active_exact_name_only
3633,global_backlog,review,IR,Iran,,,,,,,,,held_review_site_only
3634,global_backlog,review,IR,Iran,,,,,,,,,held_review_site_only
3635,global_backlog,safe_active,IR,Iran,https://ror.org/03s3hf581,Mazandaran University of Science and Technology,active,142363,Babol,Māzandarān,36.55102,52.6786,safe_active_exact_name_site_agreement
3636,global_backlog,safe_active,IR,Iran,https://ror.org/044tdw637,Mofid University,active,119208,Qom,Qom Province,34.6401,50.8764,safe_active_exact_name_site_agreement
3637,global_backlog,review,IR,Iran,,,,,,,,,held_review_site_only
3638,global_backlog,unmatched,IR,Iran,,,,,,,,,unmatched
3639,global_backlog,safe_active,IR,Iran,https://ror.org/031699d98,Payame Noor University,active,112931,Tehran,Tehran,35.69439,51.42151,safe_active_exact_name_only
3640,global_backlog,unmatched,IR,Iran,,,,,,,,,unmatched
3641,global_backlog,safe_active,IR,Iran,https://ror.org/03n2mgj60,Persian Gulf University,active,139817,Bandar Būshehr,Bushehr,28.96887,50.83657,safe_active_exact_name_site_agreement
3642,global_backlog,safe_active,IR,Iran,https://ror.org/00r0xhf81,Petroleum University of Technology,active,112931,Tehran,Tehran,35.69439,51.42151,safe_active_exact_name_site_agreement
3643,global_backlog,unmatched,IR,Iran,,,,,,,,,unmatched
3644,global_backlog,safe_active,IR,Iran,https://ror.org/04sexa105,Qazvin University of Medical Sciences,active,119505,Qazvin,Qazvin Province,36.26877,50.0041,safe_active_exact_name_site_agreement
3645,global_backlog,review,IR,Iran,,,,,,,,,held_review_site_only
3646,global_backlog,review,IR,Iran,,,,,,,,,held_review_site_only
3647,global_backlog,safe_active,IR,Iran,https://ror.org/04zepk655,Qom University of Technology,active,119208,Qom,Qom Province,34.6401,50.8764,safe_active_exact_name_site_agreement
3648,global_backlog,safe_active,IR,Iran,https://ror.org/01v8x0f60,Rafsanjan University of Medical Sciences,active,118994,Rafsanjān,Kerman,30.4067,55.9939,safe_active_exact_name_site_agreement
3649,global_backlog,review,IR,Iran,,,,,,,,,held_review_site_only
3650,global_backlog,safe_active,IR,Iran,https://ror.org/02ynb0474,Razi University,active,128226,Kermanshah,Kermanshah Province,34.31417,47.065,safe_active_exact_name_site_agreement
3651,global_backlog,review,IR,Iran,,,,,,,,,held_review_site_only
3652,global_backlog,unmatched,IR,Iran,,,,,,,,,unmatched
3653,global_backlog,review,IR,Iran,,,,,,,,,held_review_site_only
3654,global_backlog,review,IR,Iran,,,,,,,,,held_review_site_only
3655,global_backlog,safe_active,IR,Iran,https://ror.org/03wdrmh81,Sahand University of Technology,active,113646,Tabriz,East Azerbaijan,38.08,46.2919,safe_active_exact_name_site_agreement
3656,global_backlog,unmatched,IR,Iran,,,,,,,,,unmatched
3657,global_backlog,safe_active,IR,Iran,https://ror.org/029gksw03,Semnan University,active,116402,Semnan,Semnan,35.57691,53.39205,safe_active_exact_name_only
3658,global_backlog,safe_active,IR,Iran,https://ror.org/05y44as61,Semnan University of Medical Sciences,active,116402,Semnan,Semnan,35.57691,53.39205,safe_active_exact_name_only
3659,global_backlog,safe_active,IR,Iran,https://ror.org/01e8ff003,Shahed University,active,112931,Tehran,Tehran,35.69439,51.42151,safe_active_exact_name_site_agreement
3660,global_backlog,unmatched,IR,Iran,,,,,,,,,unmatched
3661,global_backlog,review,IR,Iran,,,,,,,,,held_review_site_only
3662,global_backlog,unmatched,IR,Iran,,,,,,,,,unmatched
3663,global_backlog,unmatched,IR,Iran,,,,,,,,,unmatched
3664,global_backlog,safe_active,IR,Iran,https://ror.org/04zn42r77,Shahid Bahonar University of Kerman,active,128234,Kerman,Kerman,30.28321,57.07879,safe_active_exact_name_site_agreement
3665,global_backlog,safe_active,IR,Iran,https://ror.org/051rngw70,Shahrekord University,active,115770,Shahr-e Kord,Chaharmahal and Bakhtiari,32.32612,50.8572,safe_active_exact_name_site_agreement
3666,global_backlog,safe_active,IR,Iran,https://ror.org/0506tgm76,Shahrekord University of Medical Sciences,active,115770,Shahr-e Kord,Chaharmahal and Bakhtiari,32.32612,50.8572,safe_active_exact_name_only
3667,global_backlog,review,IR,Iran,,,,,,,,,held_review_site_only
3668,global_backlog,safe_active,IR,Iran,https://ror.org/00yqvtm78,University of Shahrood,active,135423,Shahrud,Semnan,36.41819,54.97628,safe_active_exact_name_site_agreement
3669,global_backlog,safe_active,IR,Iran,https://ror.org/024c2fq17,Sharif University of Technology,active,112931,Tehran,Tehran,35.69439,51.42151,safe_active_exact_name_only
3670,global_backlog,unmatched,IR,Iran,,,,,,,,,unmatched
3671,global_backlog,safe_active,IR,Iran,https://ror.org/04bz0e642,Sheikh Bahaei University,active,418863,Isfahan,Isfahan,32.65246,51.67462,safe_active_exact_name_site_agreement
3672,global_backlog,unmatched,IR,Iran,,,,,,,,,unmatched
3673,global_backlog,safe_active,IR,Iran,https://ror.org/028qtbk54,Shiraz University,active,115019,Shiraz,Fars,29.61031,52.53113,safe_active_exact_name_site_agreement
3674,global_backlog,safe_active,IR,Iran,https://ror.org/01n3s4692,Shiraz University of Medical Sciences,active,115019,Shiraz,Fars,29.61031,52.53113,safe_active_exact_name_site_agreement
3675,global_backlog,safe_active,IR,Iran,https://ror.org/04bxa3v83,Shiraz University of Technology,active,115019,Shiraz,Fars,29.61031,52.53113,safe_active_exact_name_only
3676,global_backlog,safe_active,IR,Iran,https://ror.org/050rnbb37,Shomal University,active,143534,Āmol,Māzandarān,36.46961,52.35072,safe_active_exact_name_site_agreement
3677,global_backlog,review,IR,Iran,,,,,,,,,held_review_site_only
3678,global_backlog,unmatched,IR,Iran,,,,,,,,,unmatched
3679,global_backlog,unmatched,IR,Iran,,,,,,,,,unmatched
3680,global_backlog,review,IR,Iran,,,,,,,,,held_review_site_only
3681,global_backlog,review,IR,Iran,,,,,,,,,held_review_site_only
3682,global_backlog,safe_active,IR,Iran,https://ror.org/04krpx645,Tabriz University of Medical Sciences,active,113646,Tabriz,East Azerbaijan,38.08,46.2919,safe_active_exact_name_only
3683,global_backlog,safe_active,IR,Iran,https://ror.org/05mtgrz63,Takestan Islamic Azad University,active,119505,Qazvin,Qazvin Province,36.26877,50.0041,safe_active_exact_name_site_agreement
3684,global_backlog,safe_active,IR,Iran,https://ror.org/03mwgfy56,Tarbiat Modares University,active,112931,Tehran,Tehran,35.69439,51.42151,safe_active_exact_name_site_agreement
3685,global_backlog,safe_active,IR,Iran,https://ror.org/01c4pz451,Tehran University of Medical Sciences,active,112931,Tehran,Tehran,35.69439,51.42151,safe_active_exact_name_site_agreement
3686,global_backlog,unmatched,IR,Iran,,,,,,,,,unmatched
3687,global_backlog,unmatched,IR,Iran,,,,,,,,,unmatched
3688,global_backlog,safe_active,IR,Iran,https://ror.org/03ezqnp95,Torbat Heydarieh University of Medical Sciences,active,112646,Torbat-e Ḩeydarīyeh,Razavi Khorasan,35.27401,59.21949,safe_active_exact_name_site_agreement
3689,global_backlog,safe_active,IR,Iran,https://ror.org/02kqbjv38,University College of Nabi Akram,active,113646,Tabriz,East Azerbaijan,38.08,46.2919,safe_active_exact_name_only
3690,global_backlog,safe_active,IR,Iran,https://ror.org/04r58gt57,University of Applied Science and Technology,active,112931,Tehran,Tehran,35.69439,51.42151,safe_active_exact_name_site_agreement
3691,global_backlog,safe_active,IR,Iran,https://ror.org/003jjq839,University of Hormozgan,active,141681,Bandar Abbas,Hormozgan,27.1865,56.2808,safe_active_exact_name_site_agreement
3692,global_backlog,safe_active,IR,Iran,https://ror.org/04k89yk85,University of Kurdistan,active,117574,Sanandaj,Kurdistan Province,35.31495,46.99883,safe_active_exact_name_site_agreement
3693,global_backlog,unmatched,IR,Iran,,,,,,,,,unmatched
3694,global_backlog,unmatched,IR,Iran,,,,,,,,,unmatched
3695,global_backlog,review,IR,Iran,,,,,,,,,held_review_site_only
3696,global_backlog,safe_active,IR,Iran,https://ror.org/048e0p659,University of Science and Culture,active,112931,Tehran,Tehran,35.69439,51.42151,safe_active_exact_name_site_agreement
3697,global_backlog,unmatched,IR,Iran,,,,,,,,,unmatched
3698,global_backlog,safe_active,IR,Iran,https://ror.org/05vf56z40,University of Tehran,active,112931,Tehran,Tehran,35.69439,51.42151,safe_active_exact_name_site_agreement
3699,global_backlog,safe_active,IR,Iran,https://ror.org/032fk0x53,Urmia University,active,121801,Urmia,West Azerbaijan,37.55274,45.07605,safe_active_exact_name_site_agreement
3700,global_backlog,safe_active,IR,Iran,https://ror.org/03jbsdf87,Urmia University of Medical Sciences,active,121801,Urmia,West Azerbaijan,37.55274,45.07605,safe_active_exact_name_site_agreement
3701,global_backlog,safe_active,IR,Iran,https://ror.org/02v319z25,Urmia University of Technology,active,121801,Urmia,West Azerbaijan,37.55274,45.07605,safe_active_exact_name_site_agreement
3702,global_backlog,unmatched,IR,Iran,,,,,,,,,unmatched
3703,global_backlog,review,IR,Iran,,,,,,,,,held_review_site_only
3704,global_backlog,safe_active,IR,Iran,https://ror.org/037s33w94,Yasuj University of Medical Sciences,active,66093,Yasuj,Kohgiluyeh and Boyer-Ahmad,30.66824,51.58796,safe_active_exact_name_site_agreement
3705,global_backlog,review,IR,Iran,,,,,,,,,held_review_site_only
3706,global_backlog,safe_active,IR,Iran,https://ror.org/02x99ac45,Yazd University,active,111822,Yazd,Yazd Province,31.89722,54.3675,safe_active_exact_name_only
3707,global_backlog,safe_active,IR,Iran,https://ror.org/03d9mz263,Zabol University,active,1113217,Zabol,Sistan and Baluchestan,31.0306,61.4949,safe_active_exact_name_only
3708,global_backlog,safe_active,IR,Iran,https://ror.org/03r42d171,Zahedan University of Medical Sciences,active,1159301,Zahedan,Sistan and Baluchestan,29.4963,60.8629,safe_active_exact_name_only
3709,global_backlog,review,IR,Iran,,,,,,,,,held_review_site_only
3710,global_backlog,review,IR,Iran,,,,,,,,,held_review_site_only
3711,global_backlog,safe_active,IR,Iran,https://ror.org/01xf7jb19,Zanjan University of Medical Sciences,active,111453,Zanjan,Zanjan,36.67642,48.49628,safe_active_exact_name_site_agreement
3712,global_backlog,review,IS,Iceland,,,,,,,,,held_review_site_only
3713,global_backlog,review,IS,Iceland,,,,,,,,,held_review_site_only
3714,global_backlog,unmatched,IS,Iceland,,,,,,,,,unmatched
3715,global_backlog,review,IS,Iceland,,,,,,,,,held_review_site_only
3716,global_backlog,unmatched,IS,Iceland,,,,,,,,,unmatched
3717,global_backlog,safe_active,IS,Iceland,https://ror.org/05d2kyx68,Reykjavík University,active,3413829,Reykjavik,Capital Region,64.13548,-21.89541,safe_active_exact_name_site_agreement
3718,global_backlog,unmatched,IS,Iceland,,,,,,,,,unmatched
3719,global_backlog,safe_active,IS,Iceland,https://ror.org/00z2vfv58,University Centre of the Westfjords,active,3415667,Isafjordur,Westfjords,66.07475,-23.13498,safe_active_exact_name_only
3720,global_backlog,safe_active,IS,Iceland,https://ror.org/01gnd8r41,University of Akureyri,active,2633274,Akureyri,Northeast,65.68353,-18.0878,safe_active_exact_name_site_agreement
3721,global_backlog,safe_active,IS,Iceland,https://ror.org/01db6h964,University of Iceland,active,3413829,Reykjavik,Capital Region,64.13548,-21.89541,safe_active_exact_name_only
3813,global_backlog,safe_active,JM,Jamaica,https://ror.org/04yv47b75,Northern Caribbean University,active,3489577,Mandeville,Manchester,18.04168,-77.50714,safe_active_exact_name_site_agreement
3814,global_backlog,safe_active,JM,Jamaica,https://ror.org/02w1kdc51,"University of Technology, Jamaica",active,3489854,Kingston,Kingston,17.99702,-76.79358,safe_active_exact_name_only
3815,global_backlog,unmatched,JM,Jamaica,,,,,,,,,unmatched
3816,global_backlog,safe_active,JO,Jordan,https://ror.org/00xddhq60,Al-Ahliyya Amman University,active,250441,Amman,Amman,31.95522,35.94503,safe_active_exact_name_site_agreement
3817,global_backlog,safe_active,JO,Jordan,https://ror.org/028jh2126,Al al-Bayt University,active,250582,Al Mafraq,Mafraq,32.34289,36.20804,safe_active_exact_name_site_agreement
3818,global_backlog,safe_active,JO,Jordan,https://ror.org/00qedmt22,Al-Balqa Applied University,active,250258,Salt,Balqa,32.03917,35.72722,safe_active_exact_name_site_agreement
3819,global_backlog,safe_active,JO,Jordan,https://ror.org/019dkd780,Al-Hussein Bin Talal University,active,248382,Ma'an,Ma’an,30.19624,35.73405,safe_active_exact_name_site_agreement
3820,global_backlog,review,JO,Jordan,,,,,,,,,held_alias_without_clean_domain_agreement
3821,global_backlog,unmatched,JO,Jordan,,,,,,,,,unmatched
3822,global_backlog,review,JO,Jordan,,,,,,,,,held_review_site_only
3823,global_backlog,unmatched,JO,Jordan,,,,,,,,,unmatched
3824,global_backlog,review,JO,Jordan,,,,,,,,,held_review_site_only
3825,global_backlog,unmatched,JO,Jordan,,,,,,,,,unmatched
3826,global_backlog,review,JO,Jordan,,,,,,,,,held_inactive_name_conflict
3827,global_backlog,review,JO,Jordan,,,,,,,,,held_review_site_only
3828,global_backlog,safe_active,JO,Jordan,https://ror.org/02jgpyd84,German Jordanian University,active,250441,Amman,Amman,31.95522,35.94503,safe_active_exact_name_site_agreement
3829,global_backlog,safe_active,JO,Jordan,https://ror.org/04a1r5z94,Hashemite University,active,250090,Zarqa,Zarqa,32.07275,36.08796,safe_active_exact_name_site_agreement
3830,global_backlog,safe_active,JO,Jordan,https://ror.org/00xfxvy87,Irbid National University,active,248946,Irbid,Irbid,32.55556,35.85,safe_active_exact_name_site_agreement
3831,global_backlog,safe_active,JO,Jordan,https://ror.org/001drnv35,Jadara University,active,248946,Irbid,Irbid,32.55556,35.85,safe_active_exact_name_site_agreement
3832,global_backlog,unmatched,JO,Jordan,,,,,,,,,unmatched
3833,global_backlog,unmatched,JO,Jordan,,,,,,,,,unmatched
3834,global_backlog,safe_active,JO,Jordan,https://ror.org/03y8mtb59,Jordan University of Science and Technology,active,248946,Irbid,Irbid,32.55556,35.85,safe_active_exact_name_site_agreement
3835,global_backlog,safe_active,JO,Jordan,https://ror.org/059bgad73,Middle East University,active,250441,Amman,Amman,31.95522,35.94503,safe_active_exact_name_site_agreement
3836,global_backlog,review,JO,Jordan,,,,,,,,,held_review_site_only
3837,global_backlog,unmatched,JO,Jordan,,,,,,,,,unmatched
3838,global_backlog,safe_active,JO,Jordan,https://ror.org/05mqvn149,Philadelphia University,active,250441,Amman,Amman,31.95522,35.94503,safe_active_exact_name_site_agreement
3839,global_backlog,safe_active,JO,Jordan,https://ror.org/01jy46q10,Princess Sumaya University for Technology,active,250441,Amman,Amman,31.95522,35.94503,safe_active_exact_name_site_agreement
3840,global_backlog,safe_active,JO,Jordan,https://ror.org/04jzmk773,Tafila Technical University,active,250198,Aţ Ţafīlah,Tafielah,30.83752,35.60442,safe_active_exact_name_site_agreement
3841,global_backlog,review,JO,Jordan,,,,,,,,,held_review_site_only
3842,global_backlog,safe_active,JO,Jordan,https://ror.org/05k89ew48,University of Jordan,active,250441,Amman,Amman,31.95522,35.94503,safe_active_exact_name_site_agreement
3843,global_backlog,safe_active,JO,Jordan,https://ror.org/039d9es10,Petra University,active,250441,Amman,Amman,31.95522,35.94503,safe_active_exact_name_site_agreement
3844,global_backlog,safe_active,JO,Jordan,https://ror.org/004mbaj56,Yarmouk University,active,248946,Irbid,Irbid,32.55556,35.85,safe_active_exact_name_site_agreement
3845,global_backlog,unmatched,JO,Jordan,,,,,,,,,unmatched
4413,global_backlog,safe_active,KE,Kenya,https://ror.org/01b7tbs82,Adventist University of Africa,active,184745,Nairobi,Nairobi County,-1.28333,36.81667,safe_active_exact_name_site_agreement
4414,global_backlog,safe_active,KE,Kenya,https://ror.org/023fkcg80,Africa International University,active,184745,Nairobi,Nairobi County,-1.28333,36.81667,safe_active_exact_name_site_agreement
4415,global_backlog,safe_active,KE,Kenya,https://ror.org/05twfp995,Africa Nazarene University,active,184745,Nairobi,Nairobi County,-1.28333,36.81667,safe_active_exact_name_site_agreement
4416,global_backlog,review,KE,Kenya,,,,,,,,,held_review_site_only
4417,global_backlog,safe_active,KE,Kenya,https://ror.org/02jm1re07,Catholic University of Eastern Africa,active,184745,Nairobi,Nairobi County,-1.28333,36.81667,safe_active_exact_name_site_agreement
4418,global_backlog,safe_active,KE,Kenya,https://ror.org/05cqafq62,Chuka University,active,199284,Chuka,Tharaka - Nithi,-0.33316,37.64587,safe_active_exact_name_site_agreement
4419,global_backlog,safe_active,KE,Kenya,https://ror.org/01qmtv077,Daystar University,active,184745,Nairobi,Nairobi County,-1.28333,36.81667,safe_active_exact_name_site_agreement
4420,global_backlog,safe_active,KE,Kenya,https://ror.org/05jg5ty85,Dedan Kimathi University of Technology,active,182701,Nyeri,Nyeri County,-0.42013,36.94759,safe_active_exact_name_site_agreement
4421,global_backlog,safe_active,KE,Kenya,https://ror.org/01jk2zc89,Egerton University,active,184622,Nakuru,Nakuru County,-0.30719,36.07225,safe_active_exact_name_site_agreement
4422,global_backlog,safe_active,KE,Kenya,https://ror.org/02mgerj62,Great Lakes University of Kisumu,active,191245,Kisumu,Kisumu County,-0.10221,34.76171,safe_active_exact_name_site_agreement
4423,global_backlog,review,KE,Kenya,,,,,,,,,held_review_site_only
4424,global_backlog,safe_active,KE,Kenya,https://ror.org/0586y4s33,Inoorero University,active,184745,Nairobi,Nairobi County,-1.28333,36.81667,safe_active_exact_name_site_agreement
4425,global_backlog,safe_active,KE,Kenya,https://ror.org/03ffvb852,Jaramogi Oginga Odinga University of Science and Technology,active,200304,Bondo,Siaya County,0.23522,34.28086,safe_active_exact_name_site_agreement
4426,global_backlog,safe_active,KE,Kenya,https://ror.org/015h5sy57,Jomo Kenyatta University of Agriculture and Technology,active,184745,Nairobi,Nairobi County,-1.28333,36.81667,safe_active_exact_name_site_agreement
4427,global_backlog,safe_active,KE,Kenya,https://ror.org/009b5t134,Kabarak University,active,184622,Nakuru,Nakuru County,-0.30719,36.07225,safe_active_exact_name_site_agreement
4428,global_backlog,safe_active,KE,Kenya,https://ror.org/04bm15q02,Karatina University,active,182701,Nyeri,Nyeri County,-0.42013,36.94759,safe_active_exact_name_only
4429,global_backlog,review,KE,Kenya,,,,,,,,,held_alias_without_clean_domain_agreement
4430,global_backlog,safe_active,KE,Kenya,https://ror.org/02ccxj712,Kenya Medical Training College,active,184745,Nairobi,Nairobi County,-1.28333,36.81667,safe_active_exact_name_site_agreement
4431,global_backlog,safe_active,KE,Kenya,https://ror.org/033tvp994,Kenya Methodist University,active,184745,Nairobi,Nairobi County,-1.28333,36.81667,safe_active_exact_name_site_agreement
4432,global_backlog,safe_active,KE,Kenya,https://ror.org/05p2z3x69,Kenyatta University,active,184745,Nairobi,Nairobi County,-1.28333,36.81667,safe_active_exact_name_site_agreement
4433,global_backlog,review,KE,Kenya,,,,,,,,,held_review_site_only
4434,global_backlog,safe_active,KE,Kenya,https://ror.org/053stv828,Kisii University,active,191299,Kisii,Kisii County,-0.68174,34.76666,safe_active_exact_name_site_agreement
4435,global_backlog,safe_active,KE,Kenya,https://ror.org/02y5m7j45,Laikipia University,active,183027,Nyahururu,Laikipia,0.03813,36.36339,safe_active_exact_name_site_agreement
4436,global_backlog,safe_active,KE,Kenya,https://ror.org/00dygpn15,Maasai Mara University,active,184379,Narok,Narok County,-1.08083,35.87111,safe_active_exact_name_site_agreement
4437,global_backlog,safe_active,KE,Kenya,https://ror.org/023pskh72,Maseno University,active,191245,Kisumu,Kisumu County,-0.10221,34.76171,safe_active_exact_name_site_agreement
4438,global_backlog,safe_active,KE,Kenya,https://ror.org/02tpk0p14,Masinde Muliro University of Science and Technology,active,195272,Kakamega,Kakamega County,0.28422,34.75229,safe_active_exact_name_site_agreement
4439,global_backlog,safe_active,KE,Kenya,https://ror.org/002dktj83,Meru University of Science and Technology,active,186827,Meru,Meru County,0.04626,37.65587,safe_active_exact_name_site_agreement
4440,global_backlog,safe_active,KE,Kenya,https://ror.org/04p6eac84,Moi University,active,198629,Eldoret,Uasin Gishu County,0.52036,35.26993,safe_active_exact_name_site_agreement
4441,global_backlog,safe_active,KE,Kenya,https://ror.org/04kq7tf63,Mount Kenya University,active,179330,Thika,Nairobi County,-1.03326,37.06933,safe_active_exact_name_site_agreement
4442,global_backlog,safe_active,KE,Kenya,https://ror.org/028r4zr88,Multimedia University of Kenya,active,184745,Nairobi,Nairobi County,-1.28333,36.81667,safe_active_exact_name_site_agreement
4443,global_backlog,unmatched,KE,Kenya,,,,,,,,,unmatched
4444,global_backlog,unmatched,KE,Kenya,,,,,,,,,unmatched
4445,global_backlog,safe_active,KE,Kenya,https://ror.org/047tgv290,Pan Africa Christian University,active,184745,Nairobi,Nairobi County,-1.28333,36.81667,safe_active_exact_name_site_agreement
4446,global_backlog,safe_active,KE,Kenya,https://ror.org/04cnffe38,Pioneer International University,active,184745,Nairobi,Nairobi County,-1.28333,36.81667,safe_active_exact_name_site_agreement
4447,global_backlog,safe_active,KE,Kenya,https://ror.org/03kgy0531,Presbyterian University of East Africa,active,192126,Kikuyu,Kiambu County,-1.24627,36.66291,safe_active_exact_name_site_agreement
4448,global_backlog,safe_active,KE,Kenya,https://ror.org/02952pd71,Pwani University,active,192067,Kilifi,Kilifi County,-3.63045,39.84992,safe_active_exact_name_site_agreement
4449,global_backlog,review,KE,Kenya,,,,,,,,,held_review_site_only
4450,global_backlog,safe_active,KE,Kenya,https://ror.org/05phwew21,Scott Christian University,active,188492,Machakos,Machakos County,-1.52233,37.26521,safe_active_exact_name_site_agreement
4451,global_backlog,safe_active,KE,Kenya,https://ror.org/02w403504,South Eastern Kenya University,active,191038,Kitui,Kitui County,-1.36696,38.01055,safe_active_exact_name_site_agreement
4452,global_backlog,review,KE,Kenya,,,,,,,,,held_review_site_only
4453,global_backlog,safe_active,KE,Kenya,https://ror.org/047dnqw48,Strathmore University,active,184745,Nairobi,Nairobi County,-1.28333,36.81667,safe_active_exact_name_site_agreement
4454,global_backlog,safe_active,KE,Kenya,https://ror.org/04eehsy38,Technical University of Kenya,active,184745,Nairobi,Nairobi County,-1.28333,36.81667,safe_active_exact_name_site_agreement
4455,global_backlog,safe_active,KE,Kenya,https://ror.org/01grm2d66,Technical University of Mombasa,active,186301,Mombasa,Mombasa County,-4.05466,39.66359,safe_active_exact_name_site_agreement
4456,global_backlog,review,KE,Kenya,,,,,,,,,held_review_site_only
4457,global_backlog,safe_active,KE,Kenya,https://ror.org/00e2rng16,"University of Eastern Africa, Baraton",active,198629,Eldoret,Uasin Gishu County,0.52036,35.26993,safe_active_exact_name_site_agreement
4458,global_backlog,safe_active,KE,Kenya,https://ror.org/010crp378,University of Eldoret,active,198629,Eldoret,Uasin Gishu County,0.52036,35.26993,safe_active_exact_name_site_agreement
4459,global_backlog,safe_active,KE,Kenya,https://ror.org/03rk9qf06,University of Kabianga,active,192900,Kericho,Kericho County,-0.36774,35.28314,safe_active_exact_name_site_agreement
4460,global_backlog,safe_active,KE,Kenya,https://ror.org/02y9nww90,University of Nairobi,active,184745,Nairobi,Nairobi County,-1.28333,36.81667,safe_active_exact_name_site_agreement
4461,global_backlog,safe_active,KE,Kenya,https://ror.org/01m4mdb95,Uzima University College,active,191245,Kisumu,Kisumu County,-0.10221,34.76171,safe_active_exact_name_site_agreement
4462,global_backlog,unmatched,KE,Kenya,,,,,,,,,unmatched
4463,global_backlog,safe_active,KG,Kyrgyzstan,https://ror.org/03vvzk644,American University of Central Asia,active,1528675,Bishkek,Bishkek,42.87,74.59,safe_active_exact_name_site_agreement
4464,global_backlog,review,KG,Kyrgyzstan,,,,,,,,,held_review_site_only
4465,global_backlog,safe_active,KG,Kyrgyzstan,https://ror.org/01821ts51,Bishkek Humanities University,active,1528675,Bishkek,Bishkek,42.87,74.59,safe_active_exact_name_site_agreement
4466,global_backlog,unmatched,KG,Kyrgyzstan,,,,,,,,,unmatched
4467,global_backlog,safe_active,KG,Kyrgyzstan,https://ror.org/04730q569,International University of Kyrgyzstan,active,1528675,Bishkek,Bishkek,42.87,74.59,safe_active_exact_name_site_agreement
4468,global_backlog,unmatched,KG,Kyrgyzstan,,,,,,,,,unmatched
4469,global_backlog,review,KG,Kyrgyzstan,,,,,,,,,held_review_site_only
4470,global_backlog,safe_active,KG,Kyrgyzstan,https://ror.org/02ar8gr68,Kyrgyz National University,active,1528675,Bishkek,Bishkek,42.87,74.59,safe_active_exact_name_only
4471,global_backlog,review,KG,Kyrgyzstan,,,,,,,,,held_review_site_only
4472,global_backlog,safe_active,KG,Kyrgyzstan,https://ror.org/01c9f4y89,Kyrgyz State Technical University,active,1528675,Bishkek,Bishkek,42.87,74.59,safe_active_exact_name_site_agreement
4473,global_backlog,review,KG,Kyrgyzstan,,,,,,,,,held_review_site_only
4474,global_backlog,review,KG,Kyrgyzstan,,,,,,,,,held_alias_without_clean_domain_agreement
4475,global_backlog,unmatched,KG,Kyrgyzstan,,,,,,,,,unmatched
4497,global_backlog,unmatched,KN,St Kitts and Nevis,,,,,,,,,unmatched
4498,global_backlog,review,KN,St Kitts and Nevis,,,,,,,,,held_review_site_only
4499,global_backlog,unmatched,KN,St Kitts and Nevis,,,,,,,,,unmatched
4500,global_backlog,unmatched,KN,St Kitts and Nevis,,,,,,,,,unmatched
4501,global_backlog,safe_active,KN,St Kitts and Nevis,https://ror.org/05qh0gq94,Windsor University School of Medicine,active,3575487,Cayon,Saint Mary Cayon,17.35,-62.73333,safe_active_exact_name_site_agreement
4502,global_backlog,safe_active,KP,North Korea,https://ror.org/000vgrb22,Pyongyang University of Science and Technology,active,1871859,Pyongyang,Pyongyang,39.03385,125.75432,safe_active_exact_name_only
4648,global_backlog,safe_active,KW,Kuwait,https://ror.org/00w73cg32,American University of Kuwait,active,285787,Kuwait City,Al Asimah,29.36972,47.97833,safe_active_exact_name_site_agreement
4649,global_backlog,review,KW,Kuwait,,,,,,,,,held_review_site_only
4650,global_backlog,review,KW,Kuwait,,,,,,,,,held_review_site_only
4651,global_backlog,unmatched,KW,Kuwait,,,,,,,,,unmatched
4652,global_backlog,safe_active,KW,Kuwait,https://ror.org/04d9rzd67,Gulf University for Science & Technology,active,285787,Kuwait City,Al Asimah,29.367,47.97429,safe_active_exact_name_site_agreement
4653,global_backlog,safe_active,KW,Kuwait,https://ror.org/05etvh706,Kuwait International Law School,active,285855,Ad Dawḩah,,29.36778,47.81,safe_active_exact_name_site_agreement
4654,global_backlog,unmatched,KW,Kuwait,,,,,,,,,unmatched
4655,global_backlog,safe_active,KW,Kuwait,https://ror.org/021e5j056,Kuwait University,active,285787,Kuwait City,Al Asimah,29.367,47.97429,safe_active_exact_name_only
4656,global_backlog,unmatched,KY,Cayman Islands,,,,,,,,,unmatched
4657,global_backlog,review,KY,Cayman Islands,,,,,,,,,held_review_site_only
4658,global_backlog,review,KZ,Kazakhstan,,,,,,,,,held_review_site_only
4659,global_backlog,review,KZ,Kazakhstan,,,,,,,,,held_review_site_only
4660,global_backlog,unmatched,KZ,Kazakhstan,,,,,,,,,unmatched
4661,global_backlog,safe_active,KZ,Kazakhstan,https://ror.org/03q0vrn42,Al-Farabi Kazakh National University,active,1526384,Almaty,Almaty,43.25,76.91667,safe_active_exact_name_only
4662,global_backlog,unmatched,KZ,Kazakhstan,,,,,,,,,unmatched
4663,global_backlog,unmatched,KZ,Kazakhstan,,,,,,,,,unmatched
4664,global_backlog,review,KZ,Kazakhstan,,,,,,,,,held_review_site_only
4665,global_backlog,unmatched,KZ,Kazakhstan,,,,,,,,,unmatched
4666,global_backlog,unmatched,KZ,Kazakhstan,,,,,,,,,unmatched
4667,global_backlog,unmatched,KZ,Kazakhstan,,,,,,,,,unmatched
4668,global_backlog,safe_active,KZ,Kazakhstan,https://ror.org/03x368n87,Abylkas Saginov Karaganda Technical University,active,609655,Karaganda,Karaganda,49.80187,73.10211,safe_active_exact_name_site_agreement
4669,global_backlog,review,KZ,Kazakhstan,,,,,,,,,held_review_site_only
4670,global_backlog,safe_active,KZ,Kazakhstan,https://ror.org/01rn0fp76,Kazakh-British Technical University,active,1526384,Almaty,Almaty,43.25,76.91667,safe_active_exact_name_site_agreement
4671,global_backlog,review,KZ,Kazakhstan,,,,,,,,,held_review_site_only
4672,global_backlog,unmatched,KZ,Kazakhstan,,,,,,,,,unmatched
4673,global_backlog,unmatched,KZ,Kazakhstan,,,,,,,,,unmatched
4674,global_backlog,unmatched,KZ,Kazakhstan,,,,,,,,,unmatched
4675,global_backlog,safe_active,KZ,Kazakhstan,https://ror.org/0242cby63,L. N. Gumilyov Eurasian National University,active,1526273,Astana,Astana,51.1801,71.44598,safe_active_exact_name_site_agreement
4676,global_backlog,unmatched,KZ,Kazakhstan,,,,,,,,,unmatched
4677,global_backlog,unmatched,KZ,Kazakhstan,,,,,,,,,unmatched
4678,global_backlog,review,KZ,Kazakhstan,,,,,,,,,held_alias_without_clean_domain_agreement
4679,global_backlog,unmatched,KZ,Kazakhstan,,,,,,,,,unmatched
4680,global_backlog,safe_active,KZ,Kazakhstan,https://ror.org/02s8x5a25,Suleyman Demirel University,active,1526384,Almaty,Almaty,43.25,76.91667,safe_active_exact_name_site_agreement
4681,global_backlog,unmatched,KZ,Kazakhstan,,,,,,,,,unmatched
4682,global_backlog,safe_active,KZ,Kazakhstan,https://ror.org/01rvqzw67,University of International Business,active,1526384,Almaty,Almaty,43.25,76.91667,safe_active_exact_name_site_agreement
4683,global_backlog,unmatched,KZ,Kazakhstan,,,,,,,,,unmatched
4684,global_backlog,unmatched,KZ,Kazakhstan,,,,,,,,,unmatched
4685,global_backlog,safe_active,KZ,Kazakhstan,https://ror.org/04bwss030,Zhezkazgan Baikonurov University,active,1516589,Zhezqazghan,Ulytau Region,47.78746,67.71118,safe_active_exact_name_site_agreement
4688,global_backlog,safe_active,LB,Lebanon,https://ror.org/01kyzdy66,Al Imam Al Ouzai University,active,276781,Beirut,Beyrouth,33.89332,35.50157,safe_active_exact_name_only
4689,global_backlog,unmatched,LB,Lebanon,,,,,,,,,unmatched
4690,global_backlog,unmatched,LB,Lebanon,,,,,,,,,unmatched
4691,global_backlog,review,LB,Lebanon,,,,,,,,,held_review_site_only
4692,global_backlog,safe_active,LB,Lebanon,https://ror.org/04pznsd21,American University of Beirut,active,276781,Beirut,Beyrouth,33.89332,35.50157,safe_active_exact_name_site_agreement
4693,global_backlog,safe_active,LB,Lebanon,https://ror.org/04spwz235,American University of Science and Technology,active,276781,Beirut,Beyrouth,33.89332,35.50157,safe_active_exact_name_site_agreement
4694,global_backlog,safe_active,LB,Lebanon,https://ror.org/00d260p98,Arab Open University,active,276781,Beirut,Beyrouth,33.89332,35.50157,safe_active_exact_name_only
4695,global_backlog,review,LB,Lebanon,,,,,,,,,held_review_site_only
4696,global_backlog,review,LB,Lebanon,,,,,,,,,held_review_site_only
4697,global_backlog,safe_active,LB,Lebanon,https://ror.org/02jya5567,Beirut Arab University,active,276781,Beirut,Beyrouth,33.89332,35.50157,safe_active_exact_name_site_agreement
4698,global_backlog,review,LB,Lebanon,,,,,,,,,held_alias_without_clean_domain_agreement
4699,global_backlog,review,LB,Lebanon,,,,,,,,,held_alias_without_clean_domain_agreement
4700,global_backlog,safe_active,LB,Lebanon,https://ror.org/04frhb927,Global University,active,276781,Beirut,Beyrouth,33.89332,35.50157,safe_active_exact_name_site_agreement
4701,global_backlog,safe_active,LB,Lebanon,https://ror.org/03y0sm881,Haigazian University,active,276781,Beirut,Beyrouth,33.89332,35.50157,safe_active_exact_name_site_agreement
4702,global_backlog,unmatched,LB,Lebanon,,,,,,,,,unmatched
4703,global_backlog,safe_active,LB,Lebanon,https://ror.org/05g06bh89,Holy Spirit University of Kaslik,active,276781,Beirut,Beyrouth,33.89332,35.50157,safe_active_exact_name_site_agreement
4704,global_backlog,safe_active,LB,Lebanon,https://ror.org/04bgbsx11,Jinan University,active,266826,Tripoli,Liban-Nord,34.43352,35.84415,safe_active_exact_name_site_agreement
4705,global_backlog,safe_active,LB,Lebanon,https://ror.org/00hqkan37,Lebanese American University,active,276781,Beirut,Beyrouth,33.89332,35.50157,safe_active_exact_name_site_agreement
4706,global_backlog,safe_active,LB,Lebanon,https://ror.org/034agrd14,Lebanese International University,active,276781,Beirut,Beyrouth,33.89332,35.50157,safe_active_exact_name_site_agreement
4707,global_backlog,safe_active,LB,Lebanon,https://ror.org/05x6qnc69,Lebanese University,active,276781,Beirut,Beyrouth,33.89332,35.50157,safe_active_exact_name_site_agreement
4708,global_backlog,unmatched,LB,Lebanon,,,,,,,,,unmatched
4709,global_backlog,safe_active,LB,Lebanon,https://ror.org/03z54xm22,Near East School of Theology,active,276781,Beirut,Beyrouth,33.89332,35.50157,safe_active_exact_name_site_agreement
4710,global_backlog,review,LB,Lebanon,,,,,,,,,held_review_site_only
4711,global_backlog,review,LB,Lebanon,,,,,,,,,held_review_site_only
4712,global_backlog,review,LC,Saint Lucia,,,,,,,,,held_review_site_only
4713,global_backlog,review,LI,Liechtenstein,,,,,,,,,held_review_site_only
4714,global_backlog,safe_active,LI,Liechtenstein,https://ror.org/01qjrx392,University of Liechtenstein,active,3042030,Vaduz,Vaduz,47.14151,9.52154,safe_active_exact_name_site_agreement
4715,global_backlog,unmatched,LK,Sri Lanka,,,,,,,,,unmatched
4716,global_backlog,unmatched,LK,Sri Lanka,,,,,,,,,unmatched
4717,global_backlog,safe_active,LK,Sri Lanka,https://ror.org/01wx5mw98,Buddhist and Pali University of Sri Lanka,active,1248991,Colombo,Western Province,6.93548,79.84868,safe_active_exact_name_site_agreement
4718,global_backlog,review,LK,Sri Lanka,,,,,,,,,held_review_site_only
4719,global_backlog,unmatched,LK,Sri Lanka,,,,,,,,,unmatched
4720,global_backlog,review,LK,Sri Lanka,,,,,,,,,held_review_site_only
4721,global_backlog,safe_active,LK,Sri Lanka,https://ror.org/011rrqf91,Open University of Sri Lanka,active,1248991,Colombo,Western Province,6.93548,79.84868,safe_active_exact_name_site_agreement
4722,global_backlog,unmatched,LK,Sri Lanka,,,,,,,,,unmatched
4723,global_backlog,review,LK,Sri Lanka,,,,,,,,,held_review_site_only
4724,global_backlog,safe_active,LK,Sri Lanka,https://ror.org/04dd86x86,Rajarata University of Sri Lanka,active,1251081,Anuradhapura,North Central Province,8.31223,80.41306,safe_active_exact_name_site_agreement
4725,global_backlog,safe_active,LK,Sri Lanka,https://ror.org/045vwzt11,Sabaragamuwa University of Sri Lanka,active,1228730,Ratnapura,Sabaragamuwa Province,6.6858,80.4036,safe_active_exact_name_site_agreement
4726,global_backlog,unmatched,LK,Sri Lanka,,,,,,,,,unmatched
4727,global_backlog,safe_active,LK,Sri Lanka,https://ror.org/007vzmy24,South Eastern University of Sri Lanka,active,1251459,Ampara,Eastern Province,7.29754,81.68202,safe_active_exact_name_site_agreement
4728,global_backlog,unmatched,LK,Sri Lanka,,,,,,,,,unmatched
4729,global_backlog,review,LK,Sri Lanka,,,,,,,,,held_review_site_only
4730,global_backlog,safe_active,LK,Sri Lanka,https://ror.org/02phn5242,University of Colombo,active,1248991,Colombo,Western Province,6.93548,79.84868,safe_active_exact_name_site_agreement
4731,global_backlog,safe_active,LK,Sri Lanka,https://ror.org/02fwjgw17,University of Jaffna,active,1242833,Jaffna,Northern Province,9.66845,80.00742,safe_active_exact_name_site_agreement
4732,global_backlog,safe_active,LK,Sri Lanka,https://ror.org/02r91my29,University of Kelaniya,active,1240622,Kelaniya,Western Province,6.9553,79.922,safe_active_exact_name_site_agreement
4733,global_backlog,safe_active,LK,Sri Lanka,https://ror.org/0491f5305,University of Moratuwa,active,1234633,Moratuwa,Western Province,6.773,79.8816,safe_active_exact_name_only
4734,global_backlog,safe_active,LK,Sri Lanka,https://ror.org/025h79t26,University of Peradeniya,active,1241622,Kandy,Central Province,7.2906,80.6336,safe_active_exact_name_site_agreement
4735,global_backlog,safe_active,LK,Sri Lanka,https://ror.org/033jvzr14,University of Ruhuna,active,1246294,Galle,Southern Province,6.0461,80.2103,safe_active_exact_name_site_agreement
4736,global_backlog,review,LK,Sri Lanka,,,,,,,,,held_review_site_only
4737,global_backlog,safe_active,LK,Sri Lanka,https://ror.org/046pqvy32,University of the Visual & Performing Arts,active,1248991,Colombo,Western Province,6.93548,79.84868,safe_active_exact_name_site_agreement
4738,global_backlog,safe_active,LK,Sri Lanka,https://ror.org/05mqkk958,Uva Wellassa University,active,1250615,Badulla,Uva Province,6.9802,81.0577,safe_active_exact_name_site_agreement
4739,global_backlog,safe_active,LK,Sri Lanka,https://ror.org/043yykt67,Wayamba University of Sri Lanka,active,1238427,Kuliyapitiya,North Western Province,7.4688,80.0401,safe_active_exact_name_site_agreement
4740,global_backlog,safe_active,LR,Liberia,https://ror.org/0440cy367,University of Liberia,active,2274895,Monrovia,Montserrado County,6.30054,-10.7969,safe_active_exact_name_only
4741,global_backlog,safe_active,LS,Lesotho,https://ror.org/04j4j0a75,National University of Lesotho,active,932505,Maseru,Maseru District,-29.31667,27.48333,safe_active_exact_name_site_agreement
4783,global_backlog,review,LY,Libya,,,,,,,,,held_review_site_only
4784,global_backlog,unmatched,LY,Libya,,,,,,,,,unmatched
4785,global_backlog,review,LY,Libya,,,,,,,,,held_review_site_only
4786,global_backlog,review,LY,Libya,,,,,,,,,held_review_site_only
4787,global_backlog,safe_active,LY,Libya,https://ror.org/002a29y03,Libya Open University,active,2210247,Tripoli,Tripoli,32.88743,13.18733,safe_active_exact_name_only
4788,global_backlog,safe_active,LY,Libya,https://ror.org/01wykm490,Omar Al-Mukhtar University,active,89055,Al Bayḑā’,Al Jabal al Akhḑar,32.76272,21.75506,safe_active_exact_name_site_agreement
4789,global_backlog,safe_active,LY,Libya,https://ror.org/04m1ha467,Sebha University,active,2212775,Sabha,Sabha District,27.03766,14.42832,safe_active_exact_name_site_agreement
4790,global_backlog,safe_active,LY,Libya,https://ror.org/02ytxkh27,Sirte University,active,2210554,Sirte,Surt,31.20892,16.58866,safe_active_exact_name_site_agreement
4791,global_backlog,safe_active,LY,Libya,https://ror.org/03fh7t044,University of Benghazi,active,88319,Benghazi,Banghāzī,32.11486,20.06859,safe_active_exact_name_site_agreement
4792,global_backlog,safe_active,LY,Libya,https://ror.org/00taa2s29,University of Tripoli,active,2210247,Tripoli,Tripoli,32.88743,13.18733,safe_active_exact_name_site_agreement
4793,global_backlog,review,LY,Libya,,,,,,,,,held_review_site_only
4794,global_backlog,safe_active,MA,Morocco,https://ror.org/03erkev52,Al Akhawayn University,active,2543394,Ifrane,Béni Mellal-Khénifra,31.70217,-6.3494,safe_active_exact_name_site_agreement
4795,global_backlog,review,MA,Morocco,,,,,,,,,held_review_site_only
4796,global_backlog,unmatched,MA,Morocco,,,,,,,,,unmatched
4797,global_backlog,safe_active,MA,Morocco,https://ror.org/00md3qm14,Ecole Mohammadia d'Ingénieurs,active,2538475,Rabat,Rabat-Salé-Kénitra,34.01325,-6.83255,safe_active_exact_name_only
4798,global_backlog,review,MA,Morocco,,,,,,,,,held_review_site_only
4799,global_backlog,safe_active,MA,Morocco,https://ror.org/00n7n3773,National School of Architecture,active,2538475,Rabat,Rabat-Salé-Kénitra,34.01325,-6.83255,safe_active_exact_name_site_agreement
4800,global_backlog,unmatched,MA,Morocco,,,,,,,,,unmatched
4801,global_backlog,unmatched,MA,Morocco,,,,,,,,,unmatched
4802,global_backlog,review,MA,Morocco,,,,,,,,,held_review_site_only
4803,global_backlog,review,MA,Morocco,,,,,,,,,held_review_site_only
4804,global_backlog,unmatched,MA,Morocco,,,,,,,,,unmatched
4805,global_backlog,safe_active,MA,Morocco,https://ror.org/052bnvt46,Institut National des Postes et Télécommunications,active,2538475,Rabat,Rabat-Salé-Kénitra,34.01325,-6.83255,safe_active_exact_name_site_agreement
4806,global_backlog,safe_active,MA,Morocco,https://ror.org/05cedyx57,Institut Supérieur de Commerce et d'Administration des Entreprises,active,2553604,Casablanca,Casablanca-Settat,33.58831,-7.61138,safe_active_exact_name_site_agreement
4807,global_backlog,unmatched,MA,Morocco,,,,,,,,,unmatched
4808,global_backlog,review,MA,Morocco,,,,,,,,,held_review_site_only
4809,global_backlog,review,MA,Morocco,,,,,,,,,held_review_site_only
4810,global_backlog,unmatched,MA,Morocco,,,,,,,,,unmatched
4811,global_backlog,safe_active,MA,Morocco,https://ror.org/04xf6nm78,Cadi Ayyad University,active,2542997,Marrakesh,Marrakesh-Safi,31.63416,-7.99994,safe_active_exact_name_only
4812,global_backlog,safe_active,MA,Morocco,https://ror.org/036kgyt43,Chouaib Doukkali University,active,2550078,El Jadida,Casablanca-Settat,33.25682,-8.50882,safe_active_exact_name_site_agreement
4813,global_backlog,review,MA,Morocco,,,,,,,,,held_review_site_only
4814,global_backlog,unmatched,MA,Morocco,,,,,,,,,unmatched
4815,global_backlog,unmatched,MA,Morocco,,,,,,,,,unmatched
4816,global_backlog,unmatched,MA,Morocco,,,,,,,,,unmatched
4817,global_backlog,unmatched,MA,Morocco,,,,,,,,,unmatched
4818,global_backlog,safe_active,MA,Morocco,https://ror.org/01ejxf797,Mohamed I University,active,2540483,Oujda,Oriental,34.68139,-1.90858,safe_active_exact_name_only
4819,global_backlog,unmatched,MA,Morocco,,,,,,,,,unmatched
4820,global_backlog,unmatched,MA,Morocco,,,,,,,,,unmatched
4821,global_backlog,unmatched,MA,Morocco,,,,,,,,,unmatched
4822,global_backlog,review,MA,Morocco,,,,,,,,,held_review_site_only
4823,global_backlog,unmatched,MC,Monaco,,,,,,,,,unmatched
4824,global_backlog,safe_active,MD,Moldova,https://ror.org/04d26v797,Academy of Economic Studies of Moldova,active,618426,Chisinau,Chișinău Municipality,47.00556,28.8575,safe_active_exact_name_site_agreement
4825,global_backlog,review,MD,Moldova,,,,,,,,,held_review_site_only
4826,global_backlog,safe_active,MD,Moldova,https://ror.org/024zspx22,Comrat State University,active,618405,Comrat,Gagauzia,46.29456,28.6565,safe_active_exact_name_site_agreement
4827,global_backlog,safe_active,MD,Moldova,https://ror.org/054jx1t36,Free International University of Moldova,active,618426,Chisinau,Chișinău Municipality,47.00556,28.8575,safe_active_exact_name_site_agreement
4828,global_backlog,review,MD,Moldova,,,,,,,,,held_review_site_only
4829,global_backlog,review,MD,Moldova,,,,,,,,,held_review_site_only
4830,global_backlog,safe_active,MD,Moldova,https://ror.org/0475kvb92,Moldova State University,active,618426,Chisinau,Chișinău Municipality,47.00556,28.8575,safe_active_exact_name_site_agreement
4831,global_backlog,review,MD,Moldova,,,,,,,,,held_review_site_only
4832,global_backlog,review,MD,Moldova,,,,,,,,,held_review_site_only
4833,global_backlog,unmatched,MD,Moldova,,,,,,,,,unmatched
4834,global_backlog,review,MD,Moldova,,,,,,,,,held_review_site_only
4835,global_backlog,unmatched,MD,Moldova,,,,,,,,,unmatched
4836,global_backlog,safe_active,ME,Montenegro,https://ror.org/02drrjp49,University of Montenegro,active,3193044,Podgorica,Podgorica,42.44111,19.26361,safe_active_exact_name_only
4837,global_backlog,safe_active,MG,Madagascar,https://ror.org/02w4gwv87,University of Antananarivo,active,1070940,Antananarivo,Analamanga,-18.91368,47.53613,safe_active_exact_name_site_agreement
4838,global_backlog,safe_active,MG,Madagascar,https://ror.org/00pd4qq98,Université d’Antsiranana,active,1069129,Antsiranana,Diana,-12.31732,49.29188,safe_active_exact_name_only
4839,global_backlog,safe_active,MG,Madagascar,https://ror.org/01emdt307,Université de Fianarantsoa,active,1064890,Fianarantsoa,Upper Matsiatra,-21.45267,47.08569,safe_active_exact_name_site_agreement
4840,global_backlog,safe_active,MG,Madagascar,https://ror.org/00hhvp820,Université de Mahajanga,active,1062663,Mahajanga,Boeny,-15.71667,46.31667,safe_active_exact_name_only
4841,global_backlog,safe_active,MG,Madagascar,https://ror.org/03vr42a56,University of Toamasina,active,1053384,Toamasina,Atsinanana,-18.1492,49.40234,safe_active_exact_name_site_agreement
4842,global_backlog,review,MG,Madagascar,,,,,,,,,held_review_site_only
4843,global_backlog,safe_active,MK,North Macedonia,https://ror.org/00q7dn693,American University of Europe,active,785842,Skopje,Grad Skopje,41.99646,21.43141,safe_active_exact_name_site_agreement
4844,global_backlog,safe_active,MK,North Macedonia,https://ror.org/00m04y575,South East European University,active,785082,Tetovo,Tetovo,42.00973,20.97155,safe_active_exact_name_site_agreement
4845,global_backlog,safe_active,MK,North Macedonia,https://ror.org/01e4kx996,State University of Tetova,active,785082,Tetovo,Tetovo,42.00973,20.97155,safe_active_exact_name_site_agreement
4846,global_backlog,safe_active,MK,North Macedonia,https://ror.org/02wk2vx54,Ss. Cyril and Methodius University in Skopje,active,785842,Skopje,Grad Skopje,41.99646,21.43141,safe_active_exact_name_site_agreement
4847,global_backlog,review,MK,North Macedonia,,,,,,,,,held_review_site_only
4848,global_backlog,review,MK,North Macedonia,,,,,,,,,held_review_site_only
4849,global_backlog,review,MK,North Macedonia,,,,,,,,,held_review_site_only
4850,global_backlog,safe_active,ML,Mali,https://ror.org/02s6w8y22,University of Bamako,active,2460596,Bamako,Bamako,12.65,-8,safe_active_exact_name_only
4885,global_backlog,unmatched,MN,Mongolia,,,,,,,,,unmatched
4886,global_backlog,inactive_history,MN,Mongolia,,,,,,,,,held_inactive_exact_name
4887,global_backlog,review,MN,Mongolia,,,,,,,,,held_site_name_conflict
4888,global_backlog,review,MN,Mongolia,,,,,,,,,held_alias_without_clean_domain_agreement
4889,global_backlog,unmatched,MN,Mongolia,,,,,,,,,unmatched
4890,global_backlog,review,MN,Mongolia,,,,,,,,,held_review_site_only
4891,global_backlog,safe_active,MN,Mongolia,https://ror.org/02shmve39,Mongolian University of Science and Technology,active,2028462,Ulaanbaatar,Ulaanbaatar,47.90771,106.88324,safe_active_exact_name_site_agreement
4892,global_backlog,safe_active,MN,Mongolia,https://ror.org/02brczk14,Orkhon University,active,2028462,Ulaanbaatar,Ulaanbaatar,47.90771,106.88324,safe_active_exact_name_site_agreement
4893,global_backlog,review,MN,Mongolia,,,,,,,,,held_review_site_only
4894,global_backlog,safe_active,MN,Mongolia,https://ror.org/02a7zg443,University of the Humanities,active,2028462,Ulaanbaatar,Ulaanbaatar,47.90771,106.88324,safe_active_exact_name_site_agreement
4895,global_backlog,review,MO,Macao,,,,,,,,,held_alias_without_clean_domain_agreement
4896,global_backlog,safe_active,MO,Macao,https://ror.org/01r4q9n85,University of Macau,active,1821274,Macao,Macau,22.20056,113.54611,safe_active_exact_name_site_agreement
4897,global_backlog,safe_active,MO,Macao,https://ror.org/01m6ap410,University of Saint Joseph,active,1821274,Macao,Macau,22.20056,113.54611,safe_active_exact_name_site_agreement
4898,global_backlog,review,MQ,Martinique,,,,,,,,,held_review_site_only
4899,global_backlog,safe_active,MR,Mauritania,https://ror.org/00pt67k84,Université de Nouakchott,active,2377450,Nouakchott,,18.08581,-15.9785,safe_active_exact_name_site_agreement
4900,global_backlog,unmatched,MS,Montserrat,,,,,,,,,unmatched
4904,global_backlog,safe_active,MU,Mauritius,https://ror.org/05cyprz33,University of Mauritius,active,934277,Moka,Moka,-20.21904,57.51083,safe_active_exact_name_site_agreement
4905,global_backlog,review,MU,Mauritius,,,,,,,,,held_review_site_only
4906,global_backlog,unmatched,MV,Maldives,,,,,,,,,unmatched
4907,global_backlog,safe_active,MV,Maldives,https://ror.org/00dbrh564,Maldives National University,active,1282027,Malé,Kaafu Atoll,4.17521,73.50916,safe_active_exact_name_site_agreement
4908,global_backlog,unmatched,MV,Maldives,,,,,,,,,unmatched
4909,global_backlog,unmatched,MW,Malawi,,,,,,,,,unmatched
4910,global_backlog,safe_active,MW,Malawi,https://ror.org/008ej3804,Mzuzu University,active,925475,Mzuzu,Northern Region,-11.46556,34.02071,safe_active_exact_name_site_agreement
4911,global_backlog,safe_active,MW,Malawi,https://ror.org/02fqsc924,University of Livingstonia,active,927856,Livingstonia,Northern Region,-10.60603,34.10788,safe_active_exact_name_only
4912,global_backlog,safe_active,MW,Malawi,https://ror.org/04vtx5s55,University of Malawi,active,923295,Zomba,Southern Region,-15.38596,35.3188,safe_active_exact_name_site_agreement
5221,global_backlog,review,MZ,Mozambique,,,,,,,,,held_review_site_only
5222,global_backlog,unmatched,MZ,Mozambique,,,,,,,,,unmatched
5223,global_backlog,review,MZ,Mozambique,,,,,,,,,held_alias_without_clean_domain_agreement
5224,global_backlog,safe_active,MZ,Mozambique,https://ror.org/010va4625,Catholic University of Mozambique,active,1052373,Beira,Sofala,-19.84361,34.83889,safe_active_exact_name_site_agreement
5225,global_backlog,safe_active,MZ,Mozambique,https://ror.org/05n8n9378,Eduardo Mondlane University,active,1040652,Maputo,Maputo City,-25.96553,32.58322,safe_active_exact_name_site_agreement
5226,global_backlog,unmatched,NA,Namibia,,,,,,,,,unmatched
5227,global_backlog,unmatched,NA,Namibia,,,,,,,,,unmatched
5228,global_backlog,safe_active,NA,Namibia,https://ror.org/011d6dm60,International University of Management,active,3352136,Windhoek,Khomas Region,-22.55941,17.08323,safe_active_exact_name_site_agreement
5229,global_backlog,review,NA,Namibia,,,,,,,,,held_alias_without_clean_domain_agreement
5230,global_backlog,safe_active,NA,Namibia,https://ror.org/016xje988,University of Namibia,active,3352136,Windhoek,Khomas Region,-22.55941,17.08323,safe_active_exact_name_only
5232,global_backlog,review,NE,Niger,,,,,,,,,held_alias_without_clean_domain_agreement
5233,global_backlog,safe_active,NG,Nigeria,https://ror.org/03rdf8k41,Abia State Polytechnic,active,2353151,Aba,Abia State,5.10658,7.36667,safe_active_exact_name_only
5234,global_backlog,safe_active,NG,Nigeria,https://ror.org/03a39z514,Abia State University,active,2353151,Aba,Abia State,5.10658,7.36667,safe_active_exact_name_only
5235,global_backlog,review,NG,Nigeria,,,,,,,,,held_review_site_only
5236,global_backlog,safe_active,NG,Nigeria,https://ror.org/019vfke14,Abubakar Tafawa Balewa University,active,2347470,Bauchi,Bauchi,10.31032,9.84388,safe_active_exact_name_site_agreement
5237,global_backlog,safe_active,NG,Nigeria,https://ror.org/01t11nq62,Adamawa State University,active,2329821,Mubi,Adamawa,10.26858,13.26701,safe_active_exact_name_site_agreement
5238,global_backlog,safe_active,NG,Nigeria,https://ror.org/04e27p903,Adekunle Ajasin University,active,2326171,Ondo,Ondo State,7.09316,4.83528,safe_active_exact_name_site_agreement
5239,global_backlog,safe_active,NG,Nigeria,https://ror.org/03gnb6c23,Adeleke University,active,2344053,Ede,Osun State,7.73635,4.43536,safe_active_exact_name_site_agreement
5240,global_backlog,unmatched,NG,Nigeria,,,,,,,,,unmatched
5241,global_backlog,safe_active,NG,Nigeria,https://ror.org/03rsm0k65,Afe Babalola University,active,2352379,Ado-Ekiti,Ekiti State,7.62329,5.22087,safe_active_exact_name_site_agreement
5242,global_backlog,review,NG,Nigeria,,,,,,,,,held_alias_without_clean_domain_agreement
5243,global_backlog,safe_active,NG,Nigeria,https://ror.org/019apvn83,Ahmadu Bello University,active,2317765,Zaria,Kaduna State,11.11128,7.7227,safe_active_exact_name_site_agreement
5244,global_backlog,safe_active,NG,Nigeria,https://ror.org/03k6gj822,Ajayi Crowther University,active,2325200,Oyo,Oyo State,7.85367,3.93235,safe_active_exact_name_site_agreement
5245,global_backlog,safe_active,NG,Nigeria,https://ror.org/02b7f5969,"Akanu Ibiam, Federal Polytechnic Unwana",active,2319709,Unwana,Abia State,5.79584,7.93717,safe_active_exact_name_only
5246,global_backlog,unmatched,NG,Nigeria,,,,,,,,,unmatched
5247,global_backlog,safe_active,NG,Nigeria,https://ror.org/0008d4756,Al-Hikmah University,active,2337639,Ilorin,Kwara State,8.49664,4.54214,safe_active_exact_name_site_agreement
5248,global_backlog,safe_active,NG,Nigeria,https://ror.org/006pw7k84,Ambrose Alli University,active,2343641,Ekpoma,Edo State,6.743,6.14029,safe_active_exact_name_site_agreement
5249,global_backlog,unmatched,NG,Nigeria,,,,,,,,,unmatched
5250,global_backlog,safe_active,NG,Nigeria,https://ror.org/058qd2v11,Auchi Polytechnic,active,2348892,Auchi,Edo State,7.06756,6.2636,safe_active_exact_name_site_agreement
5251,global_backlog,safe_active,NG,Nigeria,https://ror.org/00k0k7y87,Babcock University,active,2339354,Ibadan,Oyo State,7.37756,3.90591,safe_active_exact_name_only
5252,global_backlog,review,NG,Nigeria,,,,,,,,,held_alias_without_clean_domain_agreement
5253,global_backlog,safe_active,NG,Nigeria,https://ror.org/049pzty39,Bayero University Kano,active,2335204,Kano,Kano State,12.00012,8.51672,safe_active_exact_name_site_agreement
5254,global_backlog,review,NG,Nigeria,,,,,,,,,held_review_site_only
5255,global_backlog,safe_active,NG,Nigeria,https://ror.org/009drq556,Bells University of Technology,active,2352947,Abeokuta,Ogun State,7.15571,3.34509,safe_active_exact_name_only
5256,global_backlog,safe_active,NG,Nigeria,https://ror.org/01a203m72,Benson Idahosa University,active,2347283,Benin City,Edo State,6.33815,5.62575,safe_active_exact_name_site_agreement
5257,global_backlog,safe_active,NG,Nigeria,https://ror.org/04hfv3620,Benue State University,active,2331140,Makurdi,Benue State,7.73375,8.52139,safe_active_exact_name_site_agreement
5258,global_backlog,safe_active,NG,Nigeria,https://ror.org/04dbvvk55,Bingham University,active,2329451,Nasarawa,Nasarawa State,8.53895,7.70821,safe_active_exact_name_site_agreement
5259,global_backlog,safe_active,NG,Nigeria,https://ror.org/02avtbn34,Bowen University,active,2336905,Iwo,Osun State,7.63527,4.18156,safe_active_exact_name_only
5260,global_backlog,safe_active,NG,Nigeria,https://ror.org/03z44m407,Caleb University,active,2332459,Lagos,Lagos,6.45407,3.39467,safe_active_exact_name_site_agreement
5261,global_backlog,safe_active,NG,Nigeria,https://ror.org/03p823x35,Caritas University,active,2343279,Enugu,Enugu State,6.44132,7.49883,safe_active_exact_name_site_agreement
5262,global_backlog,unmatched,NG,Nigeria,,,,,,,,,unmatched
5263,global_backlog,unmatched,NG,Nigeria,,,,,,,,,unmatched
5264,global_backlog,safe_active,NG,Nigeria,https://ror.org/00frr1n84,Covenant University,active,2325457,Ota,Ogun State,6.68867,3.23202,safe_active_exact_name_site_agreement
5265,global_backlog,safe_active,NG,Nigeria,https://ror.org/043tp3821,Crawford University,active,11427339,Igbesa,Ogun State,6.52866,3.13535,safe_active_exact_name_site_agreement
5266,global_backlog,safe_active,NG,Nigeria,https://ror.org/00htzc939,Crescent University,active,2352947,Abeokuta,Ogun State,7.15571,3.34509,safe_active_exact_name_site_agreement
5267,global_backlog,unmatched,NG,Nigeria,,,,,,,,,unmatched
5268,global_backlog,safe_active,NG,Nigeria,https://ror.org/01jhpwy79,Ebonyi State University,active,2353099,Abakaliki,Ebonyi State,6.32485,8.11368,safe_active_exact_name_only
5269,global_backlog,safe_active,NG,Nigeria,https://ror.org/02c4zkr79,Ekiti State University,active,2352379,Ado-Ekiti,Ekiti State,7.62329,5.22087,safe_active_exact_name_site_agreement
5270,global_backlog,safe_active,NG,Nigeria,https://ror.org/04ntynb59,Enugu State University of Science and Technology,active,2343279,Enugu,Enugu State,6.44132,7.49883,safe_active_exact_name_site_agreement
5271,global_backlog,unmatched,NG,Nigeria,,,,,,,,,unmatched
5272,global_backlog,review,NG,Nigeria,,,,,,,,,held_review_site_only
5273,global_backlog,review,NG,Nigeria,,,,,,,,,held_review_site_only
5274,global_backlog,review,NG,Nigeria,,,,,,,,,held_review_site_only
5275,global_backlog,safe_active,NG,Nigeria,https://ror.org/0568y3j03,Federal University of Technology Minna,active,2330100,Minna,Niger State,9.61524,6.54776,safe_active_exact_name_site_agreement
5276,global_backlog,safe_active,NG,Nigeria,https://ror.org/05xzf9508,Federal University of Technology Owerri,active,2325330,Owerri,Imo State,5.48363,7.03325,safe_active_exact_name_site_agreement
5277,global_backlog,review,NG,Nigeria,,,,,,,,,held_alias_without_clean_domain_agreement
5278,global_backlog,safe_active,NG,Nigeria,https://ror.org/00ah3j950,Fountain University,active,2325590,Osogbo,Osun State,7.77104,4.55698,safe_active_exact_name_only
5279,global_backlog,safe_active,NG,Nigeria,https://ror.org/04japw488,Godfrey Okoye University,active,2343279,Enugu,Enugu State,6.44132,7.49883,safe_active_exact_name_only
5280,global_backlog,safe_active,NG,Nigeria,https://ror.org/04japw488,Godfrey Okoye University,active,2343279,Enugu,Enugu State,6.44132,7.49883,safe_active_exact_name_site_agreement
5281,global_backlog,safe_active,NG,Nigeria,https://ror.org/04fbh1w34,Gombe State University,active,2340451,Gombe,Gombe State,10.28969,11.16729,safe_active_exact_name_site_agreement
5282,global_backlog,review,NG,Nigeria,,,,,,,,,held_review_site_only
5283,global_backlog,safe_active,NG,Nigeria,https://ror.org/041rwsw06,Igbinedion University,active,2347283,Benin City,Edo State,6.33815,5.62575,safe_active_exact_name_site_agreement
5284,global_backlog,review,NG,Nigeria,,,,,,,,,held_ambiguous_active_exact_name
5285,global_backlog,safe_active,NG,Nigeria,https://ror.org/04t9p4363,Joseph Ayo Babalola University,active,2350841,Akure,Ondo State,7.25256,5.19312,safe_active_exact_name_site_agreement
5286,global_backlog,safe_active,NG,Nigeria,https://ror.org/0063tkv49,Kaduna State University,active,2335727,Kaduna,Kaduna State,10.52641,7.43879,safe_active_exact_name_only
5287,global_backlog,review,NG,Nigeria,,,,,,,,,held_review_site_only
5288,global_backlog,review,NG,Nigeria,,,,,,,,,held_alias_without_clean_domain_agreement
5289,global_backlog,safe_active,NG,Nigeria,https://ror.org/006cvtz77,Kebbi State University of Science and Technology,active,2347059,Birnin Kebbi,Kebbi,12.45389,4.1975,safe_active_exact_name_site_agreement
5290,global_backlog,safe_active,NG,Nigeria,https://ror.org/00dvsyx28,Kogi State University,active,2344981,Dekina,Kogi State,7.68967,7.0438,safe_active_exact_name_only
5291,global_backlog,safe_active,NG,Nigeria,https://ror.org/04nsmrq40,Kwararafa University,active,2318921,Wukari,Taraba State,7.87139,9.77786,safe_active_exact_name_only
5292,global_backlog,unmatched,NG,Nigeria,,,,,,,,,unmatched
5293,global_backlog,safe_active,NG,Nigeria,https://ror.org/05np2xn95,Kwara State University,active,2331081,Molete,Kwara State,8.70909,4.46509,safe_active_exact_name_site_agreement
5294,global_backlog,safe_active,NG,Nigeria,https://ror.org/043hyzt56,Ladoke Akintola University of Technology,active,2327735,Ogbomoso,Oyo State,8.13373,4.24014,safe_active_exact_name_site_agreement
5295,global_backlog,unmatched,NG,Nigeria,,,,,,,,,unmatched
5296,global_backlog,review,NG,Nigeria,,,,,,,,,held_alias_without_clean_domain_agreement
5297,global_backlog,safe_active,NG,Nigeria,https://ror.org/01za8fg18,Lagos State University,active,2338313,Ikeja,Lagos,6.59651,3.34205,safe_active_exact_name_only
5298,global_backlog,safe_active,NG,Nigeria,https://ror.org/04gw4zv66,Landmark University,active,2326200,Omu-Aran,Kwara State,8.13385,5.10029,safe_active_exact_name_site_agreement
5299,global_backlog,review,NG,Nigeria,,,,,,,,,held_review_site_only
5300,global_backlog,safe_active,NG,Nigeria,https://ror.org/01r5xd980,Madonna University,active,2319642,Uruobo-Okija,Anambra,5.90016,6.84312,safe_active_exact_name_site_agreement
5301,global_backlog,safe_active,NG,Nigeria,https://ror.org/050850526,Michael Okpara University of Agriculture,active,2320576,Umuahia,Abia State,5.52491,7.49461,safe_active_exact_name_site_agreement
5302,global_backlog,review,NG,Nigeria,,,,,,,,,held_review_site_only
5303,global_backlog,safe_active,NG,Nigeria,https://ror.org/009tveq15,National Open University of Nigeria,active,2332459,Lagos,Lagos,6.45407,3.39467,safe_active_exact_name_site_agreement
5304,global_backlog,safe_active,NG,Nigeria,https://ror.org/03pwcr767,Niger Delta University,active,2318123,Yenagoa,Bayelsa State,4.92675,6.26764,safe_active_exact_name_site_agreement
5305,global_backlog,safe_active,NG,Nigeria,https://ror.org/02nt7a109,Nigerian Defence Academy,active,2335727,Kaduna,Kaduna State,10.52641,7.43879,safe_active_exact_name_site_agreement
5306,global_backlog,review,NG,Nigeria,,,,,,,,,held_alias_without_clean_domain_agreement
5307,global_backlog,safe_active,NG,Nigeria,https://ror.org/02r6pfc06,Nnamdi Azikiwe University,active,2348773,Awka,Anambra,6.21269,7.07199,safe_active_exact_name_site_agreement
5308,global_backlog,safe_active,NG,Nigeria,https://ror.org/05s8x6c38,Novena University,active,2332871,Kwale,Delta,5.70773,6.43402,safe_active_exact_name_site_agreement
5309,global_backlog,review,NG,Nigeria,,,,,,,,,held_review_site_only
5310,global_backlog,safe_active,NG,Nigeria,https://ror.org/02crmer26,Obong University,active,2348773,Awka,Anambra,6.21269,7.07199,safe_active_exact_name_only
5311,global_backlog,safe_active,NG,Nigeria,https://ror.org/044f1sg93,Oduduwa University,active,2337372,Ipetumodu,Osun State,7.52152,4.44477,safe_active_exact_name_site_agreement
5312,global_backlog,safe_active,NG,Nigeria,https://ror.org/05jt4c572,Olabisi Onabanjo University,active,2323411,Sagamu,Ogun State,6.8485,3.64633,safe_active_exact_name_site_agreement
5313,global_backlog,review,NG,Nigeria,,,,,,,,,held_alias_without_clean_domain_agreement
5314,global_backlog,safe_active,NG,Nigeria,https://ror.org/00e16h982,Osun State University,active,2325590,Osogbo,Osun State,7.77104,4.55698,safe_active_exact_name_site_agreement
5315,global_backlog,safe_active,NG,Nigeria,https://ror.org/02tythz78,Pan-Atlantic University,active,2332459,Lagos,Lagos,6.45407,3.39467,safe_active_exact_name_site_agreement
5316,global_backlog,review,NG,Nigeria,,,,,,,,,held_review_site_only
5317,global_backlog,review,NG,Nigeria,,,,,,,,,held_review_site_only
5318,global_backlog,review,NG,Nigeria,,,,,,,,,held_review_site_only
5319,global_backlog,safe_active,NG,Nigeria,https://ror.org/020w9wy05,Renaissance University,active,2343279,Enugu,Enugu State,6.44132,7.49883,safe_active_exact_name_site_agreement
5320,global_backlog,safe_active,NG,Nigeria,https://ror.org/01kr7aq59,Rivers State University,active,2324774,Port Harcourt,Rivers State,4.77742,7.0134,safe_active_exact_name_site_agreement
5321,global_backlog,safe_active,NG,Nigeria,https://ror.org/056e30g48,Salem University,active,2331939,Lokoja,Kogi State,7.79688,6.74048,safe_active_exact_name_site_agreement
5322,global_backlog,safe_active,NG,Nigeria,https://ror.org/00zgr4s34,Sokoto State University,active,2322911,Sokoto,Sokoto,13.06269,5.24322,safe_active_exact_name_site_agreement
5323,global_backlog,safe_active,NG,Nigeria,https://ror.org/05adhha17,Tai Solarin University of Education,active,2338400,Ijebu Ode,Ogun State,6.81944,3.91731,safe_active_exact_name_site_agreement
5324,global_backlog,safe_active,NG,Nigeria,https://ror.org/02045bf64,Tansian University,active,2348773,Awka,Anambra,6.21269,7.07199,safe_active_exact_name_site_agreement
5325,global_backlog,safe_active,NG,Nigeria,https://ror.org/000548d77,Taraba State University,active,2336589,Jalingo,Taraba State,8.89367,11.3596,safe_active_exact_name_site_agreement
5326,global_backlog,review,NG,Nigeria,,,,,,,,,held_review_site_only
5327,global_backlog,safe_active,NG,Nigeria,https://ror.org/00yp7f985,The Federal Polytechnic Offa,active,2327879,Offa,Kwara State,8.14911,4.72074,safe_active_exact_name_only
5328,global_backlog,safe_active,NG,Nigeria,https://ror.org/05gwcqj56,Umaru Musa Yar'adua University,active,2334802,Katsina,Katsina State,12.99082,7.60177,safe_active_exact_name_site_agreement
5329,global_backlog,safe_active,NG,Nigeria,https://ror.org/007e69832,University of Abuja,active,2352778,Abuja,FCT,9.05785,7.49508,safe_active_exact_name_only
5330,global_backlog,unmatched,NG,Nigeria,,,,,,,,,unmatched
5331,global_backlog,review,NG,Nigeria,,,,,,,,,held_review_site_only
5332,global_backlog,safe_active,NG,Nigeria,https://ror.org/04mznrw11,University of Benin,active,2347283,Benin City,Edo State,6.33815,5.62575,safe_active_exact_name_site_agreement
5333,global_backlog,safe_active,NG,Nigeria,https://ror.org/05qderh61,University of Calabar,active,2346229,Calabar,Cross River State,4.95893,8.32695,safe_active_exact_name_site_agreement
5334,global_backlog,safe_active,NG,Nigeria,https://ror.org/03wx2rr30,University of Ibadan,active,2339354,Ibadan,Oyo State,7.37756,3.90591,safe_active_exact_name_site_agreement
5335,global_backlog,safe_active,NG,Nigeria,https://ror.org/032kdwk38,University of Ilorin,active,2337639,Ilorin,Kwara State,8.49664,4.54214,safe_active_exact_name_site_agreement
5336,global_backlog,safe_active,NG,Nigeria,https://ror.org/009kx9832,University of Jos,active,2335953,Jos,Plateau State,9.92849,8.89212,safe_active_exact_name_site_agreement
5337,global_backlog,safe_active,NG,Nigeria,https://ror.org/05rk03822,University of Lagos,active,2332459,Lagos,Lagos,6.45407,3.39467,safe_active_exact_name_site_agreement
5338,global_backlog,safe_active,NG,Nigeria,https://ror.org/016na8197,University of Maiduguri,active,2331447,Maiduguri,Borno State,11.84692,13.15712,safe_active_exact_name_site_agreement
5339,global_backlog,safe_active,NG,Nigeria,https://ror.org/052vng007,University of Mkar,active,2341374,Gboko,Benue State,7.32275,9.00108,safe_active_exact_name_only
5340,global_backlog,safe_active,NG,Nigeria,https://ror.org/01sn1yx84,University of Nigeria,active,2328684,Nsukka,Enugu State,6.85783,7.39577,safe_active_exact_name_site_agreement
5341,global_backlog,review,NG,Nigeria,,,,,,,,,held_review_site_only
5342,global_backlog,safe_active,NG,Nigeria,https://ror.org/0127mpp72,University of Uyo,active,2319480,Uyo,Akwa Ibom State,5.05127,7.9335,safe_active_exact_name_site_agreement
5343,global_backlog,review,NG,Nigeria,,,,,,,,,held_review_site_only
5344,global_backlog,safe_active,NG,Nigeria,https://ror.org/04jr4s665,Veritas University,active,2352778,Abuja,FCT,9.05785,7.49508,safe_active_exact_name_site_agreement
5345,global_backlog,safe_active,NG,Nigeria,https://ror.org/03hsaqw61,Wellspring University,active,2347283,Benin City,Edo State,6.33815,5.62575,safe_active_exact_name_site_agreement
5346,global_backlog,review,NG,Nigeria,,,,,,,,,held_alias_without_clean_domain_agreement
5347,global_backlog,safe_active,NG,Nigeria,https://ror.org/05pvbk494,Western Delta University,active,2349276,Asaba,Delta,6.19824,6.73187,safe_active_exact_name_site_agreement
5348,global_backlog,safe_active,NG,Nigeria,https://ror.org/030chxw89,Yaba College of Technology,active,2332459,Lagos,Lagos,6.45407,3.39467,safe_active_exact_name_site_agreement
5349,global_backlog,safe_active,NI,Nicaragua,https://ror.org/038e47q18,Universidad Americana,active,3617763,Managua,Managua Department,12.13282,-86.2504,safe_active_exact_name_site_agreement
5350,global_backlog,review,NI,Nicaragua,,,,,,,,,held_review_site_only
5351,global_backlog,safe_active,NI,Nicaragua,https://ror.org/00m0tz504,Central University of Nicaragua,active,3617763,Managua,Managua Department,12.13282,-86.2504,safe_active_exact_name_site_agreement
5352,global_backlog,safe_active,NI,Nicaragua,https://ror.org/03n0yd032,Central American University,active,3617763,Managua,Managua Department,12.13282,-86.2504,safe_active_exact_name_site_agreement
5353,global_backlog,review,NI,Nicaragua,,,,,,,,,held_review_site_only
5354,global_backlog,review,NI,Nicaragua,,,,,,,,,held_review_site_only
5355,global_backlog,review,NI,Nicaragua,,,,,,,,,held_review_site_only
5356,global_backlog,safe_active,NI,Nicaragua,https://ror.org/005vzbh90,University of the Autonomous Regions of the Nicaraguan Caribbean Coast,active,3617154,Puerto Cabezas,North Caribbean Coast,14.03507,-83.38882,safe_active_exact_name_site_agreement
5357,global_backlog,review,NI,Nicaragua,,,,,,,,,held_review_site_only
5358,global_backlog,safe_active,NI,Nicaragua,https://ror.org/04cyg7v24,Universidad Hispanoamericana,active,3617763,Managua,Managua Department,12.13282,-86.2504,safe_active_exact_name_only
5359,global_backlog,review,NI,Nicaragua,,,,,,,,,held_review_site_only
5360,global_backlog,unmatched,NI,Nicaragua,,,,,,,,,unmatched
5361,global_backlog,safe_active,NI,Nicaragua,https://ror.org/02gne5439,National Agrarian University,active,3617763,Managua,Managua Department,12.13282,-86.2504,safe_active_exact_name_site_agreement
5362,global_backlog,review,NI,Nicaragua,,,,,,,,,held_review_site_only
5363,global_backlog,review,NI,Nicaragua,,,,,,,,,held_review_site_only
5364,global_backlog,review,NI,Nicaragua,,,,,,,,,held_review_site_only
5365,global_backlog,review,NI,Nicaragua,,,,,,,,,held_review_site_only
5366,global_backlog,unmatched,NI,Nicaragua,,,,,,,,,unmatched
5410,global_backlog,unmatched,NO,Norway,,,,,,,,,unmatched
5411,global_backlog,unmatched,NO,Norway,,,,,,,,,unmatched
5412,global_backlog,inactive_history,NO,Norway,,,,,,,,,held_inactive_exact_name
5413,global_backlog,inactive_history,NO,Norway,,,,,,,,,held_inactive_exact_name
5414,global_backlog,unmatched,NO,Norway,,,,,,,,,unmatched
5415,global_backlog,unmatched,NO,Norway,,,,,,,,,unmatched
5416,global_backlog,safe_active,NO,Norway,https://ror.org/00kxjcd28,Molde University College,active,3145580,Molde,Møre og Romsdal,62.73752,7.15912,safe_active_exact_name_site_agreement
5417,global_backlog,unmatched,NO,Norway,,,,,,,,,unmatched
5418,global_backlog,review,NO,Norway,,,,,,,,,held_review_site_only
5419,global_backlog,unmatched,NO,Norway,,,,,,,,,unmatched
5420,global_backlog,unmatched,NO,Norway,,,,,,,,,unmatched
5421,global_backlog,review,NO,Norway,,,,,,,,,held_review_site_only
5422,global_backlog,unmatched,NO,Norway,,,,,,,,,unmatched
5423,global_backlog,review,NO,Norway,,,,,,,,,held_review_site_only
5424,global_backlog,review,NO,Norway,,,,,,,,,held_review_site_only
5425,global_backlog,safe_active,NO,Norway,https://ror.org/04a1mvv97,Norwegian University of Life Sciences,active,3162797,Ås,Akershus,59.66472,10.79465,safe_active_exact_name_only
5426,global_backlog,safe_active,NO,Norway,https://ror.org/05xg72x27,Norwegian University of Science and Technology,active,3133880,Trondheim,Trøndelag,63.43049,10.39506,safe_active_exact_name_site_agreement
5427,global_backlog,review,NO,Norway,,,,,,,,,held_review_site_only
5428,global_backlog,review,NO,Norway,,,,,,,,,held_review_site_only
5429,global_backlog,safe_active,NO,Norway,https://ror.org/03zga2b32,University of Bergen,active,3161732,Bergen,Vestland,60.39299,5.32415,safe_active_exact_name_only
5430,global_backlog,safe_active,NO,Norway,https://ror.org/01xtthb56,University of Oslo,active,3143244,Oslo,Oslo,59.91273,10.74609,safe_active_exact_name_site_agreement
5431,global_backlog,safe_active,NO,Norway,https://ror.org/02qte9q33,University of Stavanger,active,3137115,Stavanger,Rogaland,58.97005,5.73332,safe_active_exact_name_site_agreement
5432,global_backlog,review,NO,Norway,,,,,,,,,held_review_site_only
5433,global_backlog,safe_active,NP,Nepal,https://ror.org/01f60xs15,Agriculture and Forestry University,active,1283613,Bharatpur,Bagmati Province,27.6768,84.43589,safe_active_exact_name_site_agreement
5434,global_backlog,safe_active,NP,Nepal,https://ror.org/05et9pf90,B.P. Koirala Institute of Health Sciences,active,1283460,Dharān,Koshi,26.81436,87.27972,safe_active_exact_name_site_agreement
5435,global_backlog,safe_active,NP,Nepal,https://ror.org/036xnae80,Kathmandu University,active,1283240,Kathmandu,Bagmati Province,27.70169,85.3206,safe_active_exact_name_site_agreement
5436,global_backlog,safe_active,NP,Nepal,https://ror.org/04xg0r294,Lumbini Buddhist University,active,1283621,Siddharthanagar,Lumbini Province,27.5,83.45,safe_active_exact_name_site_agreement
5437,global_backlog,safe_active,NP,Nepal,https://ror.org/033kwjh11,Nepal Sanskrit University,active,12095464,Dang,Lumbini Province,27.96774,82.47822,safe_active_exact_name_site_agreement
5438,global_backlog,safe_active,NP,Nepal,https://ror.org/02dayf324,Pokhara University,active,1282898,Pokhara,Gandaki Pradesh,28.26689,83.96851,safe_active_exact_name_site_agreement
5439,global_backlog,safe_active,NP,Nepal,https://ror.org/0353fsq42,Purbanchal University,active,1283582,Biratnagar,Koshi,26.45505,87.27007,safe_active_exact_name_only
5440,global_backlog,review,NP,Nepal,,,,,,,,,held_review_site_only
5452,global_backlog,safe_active,OM,Oman,https://ror.org/040wrjh41,Al-Buraimi University College,active,289317,Buraimi,Al Buraimi,24.25088,55.79312,safe_active_exact_name_site_agreement
5453,global_backlog,safe_active,OM,Oman,https://ror.org/04dqhen73,Arab Open University,active,287286,Muscat,Muscat,23.58413,58.40778,safe_active_exact_name_site_agreement
5454,global_backlog,safe_active,OM,Oman,https://ror.org/05d5f5m07,Dhofar University,active,286621,Salalah,Dhofar,17.01505,54.09237,safe_active_exact_name_site_agreement
5455,global_backlog,unmatched,OM,Oman,,,,,,,,,unmatched
5456,global_backlog,safe_active,OM,Oman,https://ror.org/04dzesb62,Majan College,active,287286,Muscat,Muscat,23.58413,58.40778,safe_active_exact_name_site_agreement
5457,global_backlog,safe_active,OM,Oman,https://ror.org/01zhpv322,Muscat College,active,287286,Muscat,Muscat,23.58413,58.40778,safe_active_exact_name_site_agreement
5458,global_backlog,unmatched,OM,Oman,,,,,,,,,unmatched
5459,global_backlog,safe_active,OM,Oman,https://ror.org/02ftvf862,Sohar University,active,286282,Sohar,Al Batinah North,24.34745,56.70937,safe_active_exact_name_only
5460,global_backlog,safe_active,OM,Oman,https://ror.org/04wq8zb47,Sultan Qaboos University,active,287286,Muscat,Muscat,23.58413,58.40778,safe_active_exact_name_site_agreement
5461,global_backlog,safe_active,OM,Oman,https://ror.org/01m58xt27,Sur University College,active,286245,Sur,Southeastern Governorate,22.56667,59.52889,safe_active_exact_name_site_agreement
5462,global_backlog,safe_active,OM,Oman,https://ror.org/01pxe3r04,University of Nizwa,active,286987,Nizwá,Ad Dakhiliyah,22.93333,57.53333,safe_active_exact_name_site_agreement
5463,global_backlog,safe_active,PA,Panama,https://ror.org/01rdh6z55,Columbus University,active,3703443,Panama City,Panamá,8.9936,-79.51973,safe_active_exact_name_site_agreement
5464,global_backlog,unmatched,PA,Panama,,,,,,,,,unmatched
5465,global_backlog,unmatched,PA,Panama,,,,,,,,,unmatched
5466,global_backlog,review,PA,Panama,,,,,,,,,held_review_site_only
5467,global_backlog,review,PA,Panama,,,,,,,,,held_review_site_only
5468,global_backlog,safe_active,PA,Panama,https://ror.org/02x62qd57,Universidad Católica Santa María La Antigua,active,3703443,Panama City,Panamá,8.9936,-79.51973,safe_active_exact_name_site_agreement
5469,global_backlog,safe_active,PA,Panama,https://ror.org/00db08w91,Universidad de Cartago,active,3711668,David,Chiriquí Province,8.42729,-82.43085,safe_active_exact_name_only
5470,global_backlog,safe_active,PA,Panama,https://ror.org/0085ewn55,Universidad del Istmo,active,3703443,Panama City,Panamá,8.9936,-79.51973,safe_active_exact_name_only
5471,global_backlog,safe_active,PA,Panama,https://ror.org/0070j0q91,Universidad de Panamá,active,3703443,Panama City,Panamá,8.9936,-79.51973,safe_active_exact_name_site_agreement
5472,global_backlog,review,PA,Panama,,,,,,,,,held_review_site_only
5473,global_backlog,unmatched,PA,Panama,,,,,,,,,unmatched
5474,global_backlog,safe_active,PA,Panama,https://ror.org/04b28td81,Latin University of Panama,active,3703443,Panama City,Panamá,8.9936,-79.51973,safe_active_exact_name_only
5475,global_backlog,unmatched,PA,Panama,,,,,,,,,unmatched
5476,global_backlog,safe_active,PA,Panama,https://ror.org/030ve2c48,Universidad Tecnológica de Panamá,active,3703443,Panama City,Panamá,8.9936,-79.51973,safe_active_exact_name_site_agreement
5477,global_backlog,safe_active,PA,Panama,https://ror.org/040kwf410,Universidad Tecnológica Oteima,active,3711668,David,Chiriquí Province,8.42729,-82.43085,safe_active_exact_name_site_agreement
5478,global_backlog,safe_active,PA,Panama,https://ror.org/01zxwpb57,Victoria International University,active,3703443,Panama City,Panamá,8.9936,-79.51973,safe_active_exact_name_site_agreement
5479,global_backlog,unmatched,PA,Panama,,,,,,,,,unmatched
5671,global_backlog,review,PK,Pakistan,,,,,,,,,held_review_site_only
5672,global_backlog,safe_active,PK,Pakistan,https://ror.org/03gd0dm95,Aga Khan University,active,1174872,Karachi,Sindh,24.8608,67.0104,safe_active_exact_name_only
5673,global_backlog,safe_active,PK,Pakistan,https://ror.org/03yfe9v83,Air University,active,1176615,Islamabad,Islamabad,33.72148,73.04329,safe_active_exact_name_site_agreement
5674,global_backlog,safe_active,PK,Pakistan,https://ror.org/04dynqd30,Alhamd Islamic University,active,1167528,Quetta,Balochistan,30.18414,67.00141,safe_active_exact_name_site_agreement
5675,global_backlog,safe_active,PK,Pakistan,https://ror.org/03ddekf36,Al-Khair University,active,1176615,Islamabad,Islamabad,33.72148,73.04329,safe_active_exact_name_site_agreement
5676,global_backlog,safe_active,PK,Pakistan,https://ror.org/04vympt94,Allama Iqbal Open University,active,1176615,Islamabad,Islamabad,33.72148,73.04329,safe_active_exact_name_site_agreement
5677,global_backlog,unmatched,PK,Pakistan,,,,,,,,,unmatched
5678,global_backlog,unmatched,PK,Pakistan,,,,,,,,,unmatched
5679,global_backlog,review,PK,Pakistan,,,,,,,,,held_review_site_only
5680,global_backlog,review,PK,Pakistan,,,,,,,,,held_alias_without_clean_domain_agreement
5681,global_backlog,unmatched,PK,Pakistan,,,,,,,,,unmatched
5682,global_backlog,review,PK,Pakistan,,,,,,,,,held_review_site_only
5683,global_backlog,review,PK,Pakistan,,,,,,,,,held_review_site_only
5684,global_backlog,safe_active,PK,Pakistan,https://ror.org/02v8d7770,Bahria University,active,1176615,Islamabad,Islamabad,33.72148,73.04329,safe_active_exact_name_site_agreement
5685,global_backlog,review,PK,Pakistan,,,,,,,,,held_review_site_only
5686,global_backlog,review,PK,Pakistan,,,,,,,,,held_review_site_only
5687,global_backlog,safe_active,PK,Pakistan,https://ror.org/01v2x9m21,Baqai Medical University,active,1174872,Karachi,Sindh,24.8608,67.0104,safe_active_exact_name_only
5688,global_backlog,review,PK,Pakistan,,,,,,,,,held_review_site_only
5689,global_backlog,unmatched,PK,Pakistan,,,,,,,,,unmatched
5690,global_backlog,review,PK,Pakistan,,,,,,,,,held_alias_without_clean_domain_agreement
5691,global_backlog,unmatched,PK,Pakistan,,,,,,,,,unmatched
5692,global_backlog,unmatched,PK,Pakistan,,,,,,,,,unmatched
5693,global_backlog,unmatched,PK,Pakistan,,,,,,,,,unmatched
5694,global_backlog,unmatched,PK,Pakistan,,,,,,,,,unmatched
5695,global_backlog,unmatched,PK,Pakistan,,,,,,,,,unmatched
5696,global_backlog,safe_active,PK,Pakistan,https://ror.org/00q15p987,Dadabhoy Institute of Higher Education,active,1174872,Karachi,Sindh,24.8608,67.0104,safe_active_exact_name_site_agreement
5697,global_backlog,review,PK,Pakistan,,,,,,,,,held_alias_without_clean_domain_agreement
5698,global_backlog,safe_active,PK,Pakistan,https://ror.org/01h85hm56,Dow University of Health Sciences,active,1174872,Karachi,Sindh,24.8608,67.0104,safe_active_exact_name_site_agreement
5699,global_backlog,unmatched,PK,Pakistan,,,,,,,,,unmatched
5700,global_backlog,review,PK,Pakistan,,,,,,,,,held_review_site_only
5701,global_backlog,review,PK,Pakistan,,,,,,,,,held_alias_without_clean_domain_agreement
5702,global_backlog,review,PK,Pakistan,,,,,,,,,held_review_site_only
5703,global_backlog,unmatched,PK,Pakistan,,,,,,,,,unmatched
5704,global_backlog,review,PK,Pakistan,,,,,,,,,held_review_site_only
5705,global_backlog,review,PK,Pakistan,,,,,,,,,held_review_site_only
5706,global_backlog,safe_active,PK,Pakistan,https://ror.org/04tb22w36,GIFT University,active,1177662,Gujranwala,Punjab,32.15567,74.18705,safe_active_exact_name_site_agreement
5707,global_backlog,safe_active,PK,Pakistan,https://ror.org/0241b8f19,Gomal University,active,1180281,Dera Ismail Khan,Khyber Pakhtunkhwa,31.83129,70.9017,safe_active_exact_name_site_agreement
5708,global_backlog,safe_active,PK,Pakistan,https://ror.org/051zgra59,"Government College University, Faisalabad",active,1179400,Faisalabad,Punjab,31.41554,73.08969,safe_active_exact_name_site_agreement
5709,global_backlog,safe_active,PK,Pakistan,https://ror.org/040gec961,"Government College University, Lahore",active,1172451,Lahore,Punjab,31.558,74.35071,safe_active_exact_name_site_agreement
5710,global_backlog,safe_active,PK,Pakistan,https://ror.org/03fbdat12,Greenwich University,active,1174872,Karachi,Sindh,24.8608,67.0104,safe_active_exact_name_only
5711,global_backlog,unmatched,PK,Pakistan,,,,,,,,,unmatched
5712,global_backlog,unmatched,PK,Pakistan,,,,,,,,,unmatched
5713,global_backlog,safe_active,PK,Pakistan,https://ror.org/01zrv0z61,Hamdard University,active,1174872,Karachi,Sindh,24.8608,67.0104,safe_active_exact_name_site_agreement
5714,global_backlog,safe_active,PK,Pakistan,https://ror.org/018y22094,Hazara University,active,1184020,Baffa,Khyber Pakhtunkhwa,34.4377,73.22368,safe_active_exact_name_site_agreement
5715,global_backlog,safe_active,PK,Pakistan,https://ror.org/013d87239,HITEC University,active,1166993,Rawalpindi,Punjab,33.59733,73.0479,safe_active_exact_name_site_agreement
5716,global_backlog,safe_active,PK,Pakistan,https://ror.org/00hqpmg61,Indus University,active,1174872,Karachi,Sindh,24.8608,67.0104,safe_active_exact_name_site_agreement
5717,global_backlog,review,PK,Pakistan,,,,,,,,,held_review_site_only
5718,global_backlog,review,PK,Pakistan,,,,,,,,,held_review_site_only
5719,global_backlog,safe_active,PK,Pakistan,https://ror.org/048w4c951,Institute of Business Management,active,1174872,Karachi,Sindh,24.8608,67.0104,safe_active_exact_name_site_agreement
5720,global_backlog,review,PK,Pakistan,,,,,,,,,held_alias_without_clean_domain_agreement
5721,global_backlog,unmatched,PK,Pakistan,,,,,,,,,unmatched
5722,global_backlog,unmatched,PK,Pakistan,,,,,,,,,unmatched
5723,global_backlog,safe_active,PK,Pakistan,https://ror.org/02m8e1r74,Institute of Management Sciences Peshawar,active,1168197,Peshawar,Khyber Pakhtunkhwa,34.008,71.57849,safe_active_exact_name_site_agreement
5724,global_backlog,safe_active,PK,Pakistan,https://ror.org/01tmmzv45,Institute of Space Technology,active,1176615,Islamabad,Islamabad,33.72148,73.04329,safe_active_exact_name_site_agreement
5725,global_backlog,safe_active,PK,Pakistan,https://ror.org/047w75g40,"International Islamic University, Islamabad",active,1176615,Islamabad,Islamabad,33.72148,73.04329,safe_active_exact_name_site_agreement
5726,global_backlog,review,PK,Pakistan,,,,,,,,,held_ambiguous_active_exact_name
5727,global_backlog,safe_active,PK,Pakistan,https://ror.org/002rc4w13,Islamia University of Bahawalpur,active,1183883,Bahawalpur,Punjab,29.99835,73.25272,safe_active_exact_name_site_agreement
5728,global_backlog,safe_active,PK,Pakistan,https://ror.org/04rmz8121,Isra University,active,1176734,Hyderābād,Sindh,25.39689,68.37718,safe_active_exact_name_site_agreement
5729,global_backlog,safe_active,PK,Pakistan,https://ror.org/056zv5g90,Jinnah University for Women,active,1174872,Karachi,Sindh,24.8608,67.0104,safe_active_exact_name_site_agreement
5730,global_backlog,safe_active,PK,Pakistan,https://ror.org/02sdmkj94,Karachi Institute of Economics and Technology,active,1174872,Karachi,Sindh,24.8608,67.0104,safe_active_exact_name_site_agreement
5731,global_backlog,unmatched,PK,Pakistan,,,,,,,,,unmatched
5732,global_backlog,safe_active,PK,Pakistan,https://ror.org/02afbf040,Karachi Medical and Dental College,active,1174872,Karachi,Sindh,24.8608,67.0104,safe_active_exact_name_only
5733,global_backlog,unmatched,PK,Pakistan,,,,,,,,,unmatched
5734,global_backlog,safe_active,PK,Pakistan,https://ror.org/0324r4e56,Karakoram International University,active,1178338,Gilgit,Gilgit-Baltistan,35.91869,74.31245,safe_active_exact_name_site_agreement
5735,global_backlog,safe_active,PK,Pakistan,https://ror.org/04jte2n37,Khadim Ali Shah Bukhari Institute of Technology,active,1174872,Karachi,Sindh,24.8608,67.0104,safe_active_exact_name_site_agreement
5736,global_backlog,review,PK,Pakistan,,,,,,,,,held_review_site_only
5737,global_backlog,safe_active,PK,Pakistan,https://ror.org/02bf6br77,Lahore College for Women University,active,1172451,Lahore,Punjab,31.558,74.35071,safe_active_exact_name_site_agreement
5738,global_backlog,safe_active,PK,Pakistan,https://ror.org/05b5x4a35,Lahore University of Management Sciences,active,1172451,Lahore,Punjab,31.558,74.35071,safe_active_exact_name_site_agreement
5739,global_backlog,review,PK,Pakistan,,,,,,,,,held_review_site_only
5740,global_backlog,safe_active,PK,Pakistan,https://ror.org/0575ttm03,Mehran University of Engineering and Technology,active,1176229,Jamshoro,Sindh,25.43608,68.28017,safe_active_exact_name_site_agreement
5741,global_backlog,safe_active,PK,Pakistan,https://ror.org/05bkmfm96,Minhaj University Lahore,active,1172451,Lahore,Punjab,31.558,74.35071,safe_active_exact_name_site_agreement
5742,global_backlog,safe_active,PK,Pakistan,https://ror.org/02xx4jg88,Mohammad Ali Jinnah University,active,1174872,Karachi,Sindh,24.8608,67.0104,safe_active_exact_name_only
5743,global_backlog,review,PK,Pakistan,,,,,,,,,held_review_site_only
5744,global_backlog,safe_active,PK,Pakistan,https://ror.org/03dd8b657,Mohi-ud-Din Islamic University,active,1176615,Islamabad,Islamabad,33.72148,73.04329,safe_active_exact_name_site_agreement
5745,global_backlog,unmatched,PK,Pakistan,,,,,,,,,unmatched
5746,global_backlog,safe_active,PK,Pakistan,https://ror.org/00grh1m39,National College of Arts,active,1172451,Lahore,Punjab,31.558,74.35071,safe_active_exact_name_site_agreement
5747,global_backlog,safe_active,PK,Pakistan,https://ror.org/003eyb898,National University of Computer and Emerging Sciences,active,1176615,Islamabad,Islamabad,33.72148,73.04329,safe_active_exact_name_site_agreement
5748,global_backlog,safe_active,PK,Pakistan,https://ror.org/008dh2426,National University of Modern Languages,active,1176615,Islamabad,Islamabad,33.72148,73.04329,safe_active_exact_name_site_agreement
5749,global_backlog,review,PK,Pakistan,,,,,,,,,held_review_site_only
5750,global_backlog,review,PK,Pakistan,,,,,,,,,held_review_site_only
5751,global_backlog,review,PK,Pakistan,,,,,,,,,held_review_site_only
5752,global_backlog,review,PK,Pakistan,,,,,,,,,held_review_site_only
5753,global_backlog,review,PK,Pakistan,,,,,,,,,held_review_site_only
5754,global_backlog,unmatched,PK,Pakistan,,,,,,,,,unmatched
5755,global_backlog,review,PK,Pakistan,,,,,,,,,held_review_site_only
5756,global_backlog,review,PK,Pakistan,,,,,,,,,held_review_site_only
5757,global_backlog,review,PK,Pakistan,,,,,,,,,held_review_site_only
5758,global_backlog,review,PK,Pakistan,,,,,,,,,held_review_site_only
5759,global_backlog,unmatched,PK,Pakistan,,,,,,,,,unmatched
5760,global_backlog,unmatched,PK,Pakistan,,,,,,,,,unmatched
5761,global_backlog,unmatched,PK,Pakistan,,,,,,,,,unmatched
5762,global_backlog,unmatched,PK,Pakistan,,,,,,,,,unmatched
5763,global_backlog,unmatched,PK,Pakistan,,,,,,,,,unmatched
5764,global_backlog,safe_active,PK,Pakistan,https://ror.org/04s9hft57,Quaid-i-Azam University,active,1176615,Islamabad,Islamabad,33.72148,73.04329,safe_active_exact_name_site_agreement
5765,global_backlog,review,PK,Pakistan,,,,,,,,,held_review_site_only
5766,global_backlog,review,PK,Pakistan,,,,,,,,,held_review_site_only
5767,global_backlog,review,PK,Pakistan,,,,,,,,,held_review_site_only
5768,global_backlog,review,PK,Pakistan,,,,,,,,,held_review_site_only
5769,global_backlog,review,PK,Pakistan,,,,,,,,,held_alias_without_clean_domain_agreement
5770,global_backlog,review,PK,Pakistan,,,,,,,,,held_review_site_only
5771,global_backlog,review,PK,Pakistan,,,,,,,,,held_review_site_only
5772,global_backlog,safe_active,PK,Pakistan,https://ror.org/00467a196,Sindh Madressatul Islam University,active,1174872,Karachi,Sindh,24.8608,67.0104,safe_active_exact_name_site_agreement
5773,global_backlog,unmatched,PK,Pakistan,,,,,,,,,unmatched
5774,global_backlog,safe_active,PK,Pakistan,https://ror.org/02n4kqn31,Sir Syed University of Engineering and Technology,active,1174872,Karachi,Sindh,24.8608,67.0104,safe_active_exact_name_site_agreement
5775,global_backlog,safe_active,PK,Pakistan,https://ror.org/04ft9rp47,Textile Institute of Pakistan,active,1174872,Karachi,Sindh,24.8608,67.0104,safe_active_exact_name_site_agreement
5776,global_backlog,unmatched,PK,Pakistan,,,,,,,,,unmatched
5777,global_backlog,review,PK,Pakistan,,,,,,,,,held_review_site_only
5778,global_backlog,review,PK,Pakistan,,,,,,,,,held_review_site_only
5779,global_backlog,safe_active,PK,Pakistan,https://ror.org/054d77k59,University of Agriculture Faisalabad,active,1179400,Faisalabad,Punjab,31.41554,73.08969,safe_active_exact_name_site_agreement
5780,global_backlog,safe_active,PK,Pakistan,https://ror.org/04bf33n91,University of Balochistan,active,1167528,Quetta,Balochistan,30.18414,67.00141,safe_active_exact_name_site_agreement
5781,global_backlog,safe_active,PK,Pakistan,https://ror.org/04g0mqe67,University of Central Punjab,active,1172451,Lahore,Punjab,31.558,74.35071,safe_active_exact_name_site_agreement
5782,global_backlog,safe_active,PK,Pakistan,https://ror.org/01e0ns064,University of East,active,1176734,Hyderābād,Sindh,25.39689,68.37718,safe_active_exact_name_site_agreement
5783,global_backlog,safe_active,PK,Pakistan,https://ror.org/052z7nw84,University of Education,active,1172451,Lahore,Punjab,31.558,74.35071,safe_active_exact_name_site_agreement
5784,global_backlog,safe_active,PK,Pakistan,https://ror.org/0051w2v06,University of Engineering and Technology Lahore,active,1172451,Lahore,Punjab,31.558,74.35071,safe_active_exact_name_only
5785,global_backlog,safe_active,PK,Pakistan,https://ror.org/00p034093,University of Engineering and Technology Peshawar,active,1168197,Peshawar,Khyber Pakhtunkhwa,34.008,71.57849,safe_active_exact_name_only
5786,global_backlog,safe_active,PK,Pakistan,https://ror.org/03v00ka07,University of Engineering and Technology Taxila,active,1166993,Rawalpindi,Punjab,33.59733,73.0479,safe_active_exact_name_site_agreement
5787,global_backlog,safe_active,PK,Pakistan,https://ror.org/04eps4h65,University of Faisalabad,active,1179400,Faisalabad,Punjab,31.41554,73.08969,safe_active_exact_name_site_agreement
5788,global_backlog,safe_active,PK,Pakistan,https://ror.org/01xe5fb92,University of Gujrat,active,1177654,Gujrat,Punjab,32.5742,74.07542,safe_active_exact_name_site_agreement
5789,global_backlog,safe_active,PK,Pakistan,https://ror.org/05r8ceg90,University of Islamic Studies,active,1174872,Karachi,Sindh,24.8608,67.0104,safe_active_exact_name_only
5790,global_backlog,safe_active,PK,Pakistan,https://ror.org/05bbbc791,University of Karachi,active,1174872,Karachi,Sindh,24.8608,67.0104,safe_active_exact_name_site_agreement
5791,global_backlog,safe_active,PK,Pakistan,https://ror.org/051jrjw38,University of Lahore,active,1172451,Lahore,Punjab,31.558,74.35071,safe_active_exact_name_site_agreement
5792,global_backlog,safe_active,PK,Pakistan,https://ror.org/012xdha97,University of Malakand,active,1171389,Malakand,Khyber Pakhtunkhwa,34.56561,71.93043,safe_active_exact_name_site_agreement
5793,global_backlog,safe_active,PK,Pakistan,https://ror.org/0095xcq10,University of Management and Technology,active,1172451,Lahore,Punjab,31.558,74.35071,safe_active_exact_name_site_agreement
5794,global_backlog,unmatched,PK,Pakistan,,,,,,,,,unmatched
5795,global_backlog,unmatched,PK,Pakistan,,,,,,,,,unmatched
5796,global_backlog,safe_active,PK,Pakistan,https://ror.org/02t2qwf81,University of Peshawar,active,1168197,Peshawar,Khyber Pakhtunkhwa,34.008,71.57849,safe_active_exact_name_only
5797,global_backlog,safe_active,PK,Pakistan,https://ror.org/0086rpr26,University of Sargodha,active,1166000,Sargodha,Punjab,32.08586,72.67418,safe_active_exact_name_site_agreement
5798,global_backlog,safe_active,PK,Pakistan,https://ror.org/04be2dn15,University of Science and Technology Bannu,active,1183460,Bannu,Khyber Pakhtunkhwa,32.98527,70.60403,safe_active_exact_name_site_agreement
5799,global_backlog,safe_active,PK,Pakistan,https://ror.org/01d692d57,University of Sindh,active,1176229,Jamshoro,Sindh,25.43608,68.28017,safe_active_exact_name_site_agreement
5800,global_backlog,safe_active,PK,Pakistan,https://ror.org/01sfz7q36,University of South Asia,active,1172451,Lahore,Punjab,31.558,74.35071,safe_active_exact_name_site_agreement
5801,global_backlog,safe_active,PK,Pakistan,https://ror.org/011maz450,University of the Punjab,active,1172451,Lahore,Punjab,31.558,74.35071,safe_active_exact_name_site_agreement
5802,global_backlog,unmatched,PK,Pakistan,,,,,,,,,unmatched
5803,global_backlog,review,PK,Pakistan,,,,,,,,,held_review_site_only
5804,global_backlog,safe_active,PK,Pakistan,https://ror.org/020we4134,University of Wah,active,1166993,Rawalpindi,Punjab,33.59733,73.0479,safe_active_exact_name_only
5805,global_backlog,safe_active,PK,Pakistan,https://ror.org/00ya1zd25,Virtual University of Pakistan,active,1172451,Lahore,Punjab,31.558,74.35071,safe_active_exact_name_site_agreement
5806,global_backlog,unmatched,PK,Pakistan,,,,,,,,,unmatched
5807,global_backlog,unmatched,PK,Pakistan,,,,,,,,,unmatched
5808,global_backlog,unmatched,PK,Pakistan,,,,,,,,,unmatched
5940,global_backlog,safe_active,PR,Puerto Rico,https://ror.org/039w2vw18,Caribbean University,active,4562831,Bayamón,Bayamón,18.39856,-66.15572,safe_active_exact_name_site_agreement
5941,global_backlog,safe_active,PR,Puerto Rico,https://ror.org/0575v6d36,Center for Advanced Studies on Puerto Rico and the Caribbean,active,4568127,San Juan,San Juan,18.46633,-66.10572,safe_active_exact_name_only
5942,global_backlog,safe_active,PR,Puerto Rico,https://ror.org/0538pfx71,Pontifical Catholic University of Puerto Rico,active,4566880,Ponce,Ponce,18.01031,-66.62398,safe_active_exact_name_site_agreement
5943,global_backlog,safe_active,PR,Puerto Rico,https://ror.org/0414ppq07,San Juan Bautista School of Medicine,active,4563008,Caguas,Caguas,18.23412,-66.0485,safe_active_exact_name_site_agreement
5944,global_backlog,review,PR,Puerto Rico,,,,,,,,,held_site_name_conflict
5945,global_backlog,safe_active,PR,Puerto Rico,https://ror.org/05fwspe16,Bayamón Central University,active,4562832,Bayamon,Cidra,18.17774,-66.11322,safe_active_exact_name_site_agreement
5946,global_backlog,safe_active,PR,Puerto Rico,https://ror.org/01rpmzy83,Central University of the Caribbean,active,4562832,Bayamon,Cidra,18.17774,-66.11322,safe_active_exact_name_site_agreement
5947,global_backlog,review,PR,Puerto Rico,,,,,,,,,held_review_site_only
5948,global_backlog,safe_active,PR,Puerto Rico,https://ror.org/02smd3j38,University of Turabo,active,4565125,Gurabo,Gurabo,18.2544,-65.97294,safe_active_exact_name_only
5949,global_backlog,safe_active,PR,Puerto Rico,https://ror.org/02yg0nm07,University of Puerto Rico System,active,4568127,San Juan,San Juan,18.46633,-66.10572,safe_active_exact_name_only
5950,global_backlog,review,PR,Puerto Rico,,,,,,,,,held_review_site_only
5951,global_backlog,review,PR,Puerto Rico,,,,,,,,,held_review_site_only
5952,global_backlog,review,PR,Puerto Rico,,,,,,,,,held_review_site_only
5953,global_backlog,review,PR,Puerto Rico,,,,,,,,,held_review_site_only
5954,global_backlog,review,PR,Puerto Rico,,,,,,,,,held_review_site_only
5955,global_backlog,review,PR,Puerto Rico,,,,,,,,,held_review_site_only
5956,global_backlog,unmatched,PR,Puerto Rico,,,,,,,,,unmatched
5957,global_backlog,review,PR,Puerto Rico,,,,,,,,,held_review_site_only
5958,global_backlog,unmatched,PR,Puerto Rico,,,,,,,,,unmatched
5959,global_backlog,review,PR,Puerto Rico,,,,,,,,,held_review_site_only
5960,global_backlog,review,PR,Puerto Rico,,,,,,,,,held_review_site_only
5961,global_backlog,safe_active,PR,Puerto Rico,https://ror.org/00xcgnn15,InterAmerican University of Puerto Rico,active,4568104,San Germán,San Germán,18.08163,-67.0449,safe_active_exact_name_site_agreement
5962,global_backlog,unmatched,PR,Puerto Rico,,,,,,,,,unmatched
5963,global_backlog,unmatched,PR,Puerto Rico,,,,,,,,,unmatched
5964,global_backlog,safe_active,PR,Puerto Rico,https://ror.org/037gty358,Universidad Metropolitana,active,4568127,San Juan,San Juan,18.46633,-66.10572,safe_active_exact_name_site_agreement
5965,global_backlog,review,PR,Puerto Rico,,,,,,,,,held_review_site_only
5966,global_backlog,safe_active,PS,Palestine,https://ror.org/03e99kh24,Al-Aqsa University,active,281133,Gaza,Gaza Strip,31.50161,34.46672,safe_active_exact_name_site_agreement
5967,global_backlog,review,PS,Palestine,,,,,,,,,held_review_site_only
5968,global_backlog,safe_active,PS,Palestine,https://ror.org/04cgn5q20,Al-Quds Open University,active,282239,Ramallah,West Bank,31.89964,35.20422,safe_active_exact_name_site_agreement
5969,global_backlog,review,PS,Palestine,,,,,,,,,held_review_site_only
5970,global_backlog,safe_active,PS,Palestine,https://ror.org/0046mja08,An-Najah National University,active,282615,Nablus,West Bank,32.22111,35.25444,safe_active_exact_name_site_agreement
5971,global_backlog,unmatched,PS,Palestine,,,,,,,,,unmatched
5972,global_backlog,safe_active,PS,Palestine,https://ror.org/047cjg072,Bethlehem University,active,284315,Bethlehem,West Bank,31.70487,35.20376,safe_active_exact_name_site_agreement
5973,global_backlog,safe_active,PS,Palestine,https://ror.org/0256kw398,Birzeit University,active,284237,Birzeit,West Bank,31.96959,35.19408,safe_active_exact_name_site_agreement
5974,global_backlog,safe_active,PS,Palestine,https://ror.org/04wwgp209,Hebron University,active,285066,Hebron,West Bank,31.52935,35.0938,safe_active_exact_name_site_agreement
5975,global_backlog,safe_active,PS,Palestine,https://ror.org/057ts1y80,Islamic University of Gaza,active,281133,Gaza,Gaza Strip,31.50161,34.46672,safe_active_exact_name_site_agreement
5976,global_backlog,safe_active,PS,Palestine,https://ror.org/03wwspn40,Palestine Polytechnic University,active,285066,Hebron,West Bank,31.52935,35.0938,safe_active_exact_name_site_agreement
5977,global_backlog,review,PS,Palestine,,,,,,,,,held_review_site_only
5978,global_backlog,safe_active,PS,Palestine,https://ror.org/00cfa1c07,Palestine Technical University - Kadoorie,active,281577,Tulkarm,West Bank,32.31156,35.0269,safe_active_exact_name_site_agreement
5979,global_backlog,unmatched,PS,Palestine,,,,,,,,,unmatched
5980,global_backlog,unmatched,PS,Palestine,,,,,,,,,unmatched
5981,global_backlog,safe_active,PS,Palestine,https://ror.org/04yhapk09,University of Palestine,active,281133,Gaza,Gaza Strip,31.50161,34.46672,safe_active_exact_name_only
6044,global_backlog,safe_active,PY,Paraguay,https://ror.org/02f6q5s54,Universidad Americana,active,3439389,Asunción,Asunción,-25.28646,-57.647,safe_active_exact_name_only
6045,global_backlog,safe_active,PY,Paraguay,https://ror.org/04dvk9y30,Universidad Autónoma de Asunción,active,3439389,Asunción,Asunción,-25.28646,-57.647,safe_active_exact_name_site_agreement
6046,global_backlog,safe_active,PY,Paraguay,https://ror.org/03x653m21,Universidad Autónoma del Paraguay,active,3439389,Asunción,Asunción,-25.28646,-57.647,safe_active_exact_name_site_agreement
6047,global_backlog,unmatched,PY,Paraguay,,,,,,,,,unmatched
6048,global_backlog,safe_active,PY,Paraguay,https://ror.org/04jst1j84,Universidad Columbia del Paraguay,active,3439389,Asunción,Asunción,-25.28646,-57.647,safe_active_exact_name_site_agreement
6049,global_backlog,safe_active,PY,Paraguay,https://ror.org/0285v1m71,Universidad Comunera,active,3439389,Asunción,Asunción,-25.28646,-57.647,safe_active_exact_name_site_agreement
6050,global_backlog,review,PY,Paraguay,,,,,,,,,held_review_site_only
6051,global_backlog,safe_active,PY,Paraguay,https://ror.org/01h8yp048,Universidad del Cono Sur de las Américas,active,3439389,Asunción,Asunción,-25.28646,-57.647,safe_active_exact_name_site_agreement
6052,global_backlog,safe_active,PY,Paraguay,https://ror.org/02ms23a70,Universidad del Norte,active,3439389,Asunción,Asunción,-25.28646,-57.647,safe_active_exact_name_site_agreement
6053,global_backlog,safe_active,PY,Paraguay,https://ror.org/01j3b2975,Universidad Metropolitana de Asunción,active,3439389,Asunción,Asunción,-25.28646,-57.647,safe_active_exact_name_site_agreement
6054,global_backlog,safe_active,PY,Paraguay,https://ror.org/03f27y887,Universidad Nacional de Asunción,active,3437056,San Lorenzo,Central Department,-25.33968,-57.50879,safe_active_exact_name_site_agreement
6055,global_backlog,safe_active,PY,Paraguay,https://ror.org/00xwv4z20,Universidad Nacional del Este,active,3439101,Ciudad del Este,Alto Paraná,-25.50972,-54.61111,safe_active_exact_name_site_agreement
6056,global_backlog,safe_active,PY,Paraguay,https://ror.org/05azpw996,Universidad Privada del Este,active,3439101,Ciudad del Este,Alto Paraná Department,-25.5036,-54.65067,safe_active_exact_name_site_agreement
6057,global_backlog,safe_active,QA,Qatar,https://ror.org/006m74d95,Northwestern University in Qatar,active,290030,Doha,Baladīyat ad Dawḩah,25.28545,51.53096,safe_active_exact_name_site_agreement
6058,global_backlog,safe_active,QA,Qatar,https://ror.org/00yhnba62,Qatar University,active,290030,Doha,Baladīyat ad Dawḩah,25.28545,51.53096,safe_active_exact_name_site_agreement
6059,global_backlog,review,RE,Réunion,,,,,,,,,held_review_site_only
6122,global_backlog,review,RS,Serbia,,,,,,,,,held_review_site_only
6123,global_backlog,safe_active,RS,Serbia,https://ror.org/058k9k832,European University,active,792680,Belgrade,Central Serbia,44.80401,20.46513,safe_active_exact_name_site_agreement
6124,global_backlog,review,RS,Serbia,,,,,,,,,held_review_site_only
6125,global_backlog,unmatched,RS,Serbia,,,,,,,,,unmatched
6126,global_backlog,safe_active,RS,Serbia,https://ror.org/00ewfne71,Metropolitan University,active,792680,Belgrade,Central Serbia,44.80401,20.46513,safe_active_exact_name_site_agreement
6127,global_backlog,review,RS,Serbia,,,,,,,,,held_review_site_only
6128,global_backlog,safe_active,RS,Serbia,https://ror.org/017v7rz39,Singidunum University,active,792680,Belgrade,Central Serbia,44.80401,20.46513,safe_active_exact_name_only
6129,global_backlog,safe_active,RS,Serbia,https://ror.org/02qsmb048,University of Belgrade,active,792680,Belgrade,Central Serbia,44.80401,20.46513,safe_active_exact_name_site_agreement
6130,global_backlog,review,RS,Serbia,,,,,,,,,held_review_site_only
6131,global_backlog,review,RS,Serbia,,,,,,,,,held_multiple_ror_locations
6132,global_backlog,safe_active,RS,Serbia,https://ror.org/00965bg92,University of Nis,active,787657,Niš,Central Serbia,43.32472,21.90333,safe_active_exact_name_site_agreement
6133,global_backlog,safe_active,RS,Serbia,https://ror.org/00xa57a59,University of Novi Sad,active,3194360,Novi Sad,Vojvodina,45.25167,19.83694,safe_active_exact_name_site_agreement
6134,global_backlog,review,RS,Serbia,,,,,,,,,held_review_site_only
6135,global_backlog,unmatched,RU,Russia,,,,,,,,,unmatched
6136,global_backlog,review,RU,Russia,,,,,,,,,held_review_site_only
6137,global_backlog,safe_active,RU,Russia,https://ror.org/0578kb180,Altai State Medical University,active,1510853,Barnaul,Altai Krai,53.36056,83.76361,safe_active_exact_name_site_agreement
6138,global_backlog,safe_active,RU,Russia,https://ror.org/0389pzc90,Altai State Technical University,active,1510853,Barnaul,Altai Krai,53.36056,83.76361,safe_active_exact_name_only
6139,global_backlog,safe_active,RU,Russia,https://ror.org/04m4wwh75,Altai State University,active,1510853,Barnaul,Altai Krai,53.36056,83.76361,safe_active_exact_name_site_agreement
6140,global_backlog,safe_active,RU,Russia,https://ror.org/03fws8b96,Amur State University,active,2026609,Blagoveshchensk,Amur Oblast,50.27961,127.5405,safe_active_exact_name_site_agreement
6141,global_backlog,unmatched,RU,Russia,,,,,,,,,unmatched
6142,global_backlog,unmatched,RU,Russia,,,,,,,,,unmatched
6143,global_backlog,review,RU,Russia,,,,,,,,,held_review_site_only
6144,global_backlog,review,RU,Russia,,,,,,,,,held_alias_without_clean_domain_agreement
6145,global_backlog,unmatched,RU,Russia,,,,,,,,,unmatched
6146,global_backlog,review,RU,Russia,,,,,,,,,held_review_site_only
6147,global_backlog,review,RU,Russia,,,,,,,,,held_site_name_conflict
6148,global_backlog,review,RU,Russia,,,,,,,,,held_site_name_conflict
6149,global_backlog,unmatched,RU,Russia,,,,,,,,,unmatched
6150,global_backlog,inactive_history,RU,Russia,,,,,,,,,held_inactive_exact_name
6151,global_backlog,safe_active,RU,Russia,https://ror.org/00pb8h375,Bauman Moscow State Technical University,active,524901,Moscow,Moscow,55.75222,37.61556,safe_active_exact_name_site_agreement
6152,global_backlog,unmatched,RU,Russia,,,,,,,,,unmatched
6153,global_backlog,unmatched,RU,Russia,,,,,,,,,unmatched
6154,global_backlog,review,RU,Russia,,,,,,,,,held_review_site_only
6155,global_backlog,review,RU,Russia,,,,,,,,,held_review_site_only
6156,global_backlog,unmatched,RU,Russia,,,,,,,,,unmatched
6157,global_backlog,unmatched,RU,Russia,,,,,,,,,unmatched
6158,global_backlog,review,RU,Russia,,,,,,,,,held_review_site_only
6159,global_backlog,unmatched,RU,Russia,,,,,,,,,unmatched
6160,global_backlog,unmatched,RU,Russia,,,,,,,,,unmatched
6161,global_backlog,unmatched,RU,Russia,,,,,,,,,unmatched
6162,global_backlog,unmatched,RU,Russia,,,,,,,,,unmatched
6163,global_backlog,safe_active,RU,Russia,https://ror.org/01jmd7f74,Chuvash State University,active,569696,Cheboksary,Chuvash Republic,56.13222,47.25194,safe_active_exact_name_site_agreement
6164,global_backlog,safe_active,RU,Russia,https://ror.org/01vw69t89,Dagestan State University,active,532096,Makhachkala,Dagestan,42.97782,47.50027,safe_active_exact_name_site_agreement
6165,global_backlog,safe_active,RU,Russia,https://ror.org/02ephqy68,Don State Agrarian University,active,501175,Rostov-on-Don,Rostov,47.23135,39.72328,safe_active_exact_name_site_agreement
6166,global_backlog,review,RU,Russia,,,,,,,,,held_ambiguous_active_exact_name
6167,global_backlog,review,RU,Russia,,,,,,,,,held_review_site_only
6168,global_backlog,unmatched,RU,Russia,,,,,,,,,unmatched
6169,global_backlog,unmatched,RU,Russia,,,,,,,,,unmatched
6170,global_backlog,review,RU,Russia,,,,,,,,,held_review_site_only
6171,global_backlog,review,RU,Russia,,,,,,,,,held_review_site_only
6172,global_backlog,unmatched,RU,Russia,,,,,,,,,unmatched
6173,global_backlog,safe_active,RU,Russia,https://ror.org/03aj6fx58,Far Eastern State Technical Fisheries University,active,2013348,Vladivostok,Primorye,43.10562,131.87353,safe_active_exact_name_site_agreement
6174,global_backlog,unmatched,RU,Russia,,,,,,,,,unmatched
6175,global_backlog,unmatched,RU,Russia,,,,,,,,,unmatched
6176,global_backlog,unmatched,RU,Russia,,,,,,,,,unmatched
6177,global_backlog,review,RU,Russia,,,,,,,,,held_review_site_only
6178,global_backlog,review,RU,Russia,,,,,,,,,held_review_site_only
6179,global_backlog,safe_active,RU,Russia,https://ror.org/03p7g4h78,Gorno-Altaisk State University,active,1506271,Gorno-Altaysk,Altai,51.96056,85.91892,safe_active_exact_name_site_agreement
6180,global_backlog,safe_active,RU,Russia,https://ror.org/0082yr561,Gubkin Russian State University of Oil and Gas,active,524901,Moscow,Moscow,55.75222,37.61556,safe_active_exact_name_only
6181,global_backlog,safe_active,RU,Russia,https://ror.org/01e5ckr65,Herzen University,active,498817,St Petersburg,St.-Petersburg,59.93863,30.31413,safe_active_exact_name_site_agreement
6182,global_backlog,review,RU,Russia,,,,,,,,,held_review_site_only
6183,global_backlog,review,RU,Russia,,,,,,,,,held_review_site_only
6184,global_backlog,unmatched,RU,Russia,,,,,,,,,unmatched
6185,global_backlog,unmatched,RU,Russia,,,,,,,,,unmatched
6186,global_backlog,unmatched,RU,Russia,,,,,,,,,unmatched
6187,global_backlog,unmatched,RU,Russia,,,,,,,,,unmatched
6188,global_backlog,unmatched,RU,Russia,,,,,,,,,unmatched
6189,global_backlog,safe_active,RU,Russia,https://ror.org/05ge5q197,International East-European University,active,554840,Izhevsk,Udmurtiya Republic,56.84976,53.20448,safe_active_exact_name_only
6190,global_backlog,unmatched,RU,Russia,,,,,,,,,unmatched
6191,global_backlog,unmatched,RU,Russia,,,,,,,,,unmatched
6192,global_backlog,unmatched,RU,Russia,,,,,,,,,unmatched
6193,global_backlog,review,RU,Russia,,,,,,,,,held_alias_without_clean_domain_agreement
6194,global_backlog,safe_active,RU,Russia,https://ror.org/01j99nc54,Irkutsk State University,active,2023469,Irkutsk,Irkutsk Oblast,52.29778,104.29639,safe_active_exact_name_site_agreement
6195,global_backlog,unmatched,RU,Russia,,,,,,,,,unmatched
6196,global_backlog,safe_active,RU,Russia,https://ror.org/01t8hz352,Ivanovo State Power University,active,555312,Ivanovo,Ivanovo Oblast,56.99719,40.97139,safe_active_exact_name_site_agreement
6197,global_backlog,inactive_history,RU,Russia,,,,,,,,,held_inactive_exact_name
6198,global_backlog,safe_active,RU,Russia,https://ror.org/03rqm8n56,Ivanovo State University,active,555312,Ivanovo,Ivanovo Oblast,56.99719,40.97139,safe_active_exact_name_site_agreement
6199,global_backlog,safe_active,RU,Russia,https://ror.org/02fjy3w42,Ivanovo State University of Chemistry and Technology,active,555312,Ivanovo,Ivanovo Oblast,56.99719,40.97139,safe_active_exact_name_site_agreement
6200,global_backlog,safe_active,RU,Russia,https://ror.org/01pvdd334,Izhevsk State Technical University,active,554840,Izhevsk,Udmurtiya Republic,56.84976,53.20448,safe_active_exact_name_only
6201,global_backlog,safe_active,RU,Russia,https://ror.org/02r00ef35,Jewish University in Moscow,active,524901,Moscow,Moscow,55.75222,37.61556,safe_active_exact_name_site_agreement
6202,global_backlog,safe_active,RU,Russia,https://ror.org/0110d9x36,Kabardino-Balkarian State University,active,523523,Nal'chik,Kabardino-Balkariya Republic,43.49806,43.61889,safe_active_exact_name_site_agreement
6203,global_backlog,safe_active,RU,Russia,https://ror.org/023mnb461,Kaliningrad State Technical University,active,554234,Kaliningrad,Kaliningrad Oblast,54.70649,20.51095,safe_active_exact_name_site_agreement
6204,global_backlog,safe_active,RU,Russia,https://ror.org/05jfsf459,Kalmyk State University,active,563514,Elista,Kalmykiya Republic,46.30778,44.25583,safe_active_exact_name_site_agreement
6205,global_backlog,unmatched,RU,Russia,,,,,,,,,unmatched
6206,global_backlog,review,RU,Russia,,,,,,,,,held_review_site_only
6207,global_backlog,unmatched,RU,Russia,,,,,,,,,unmatched
6208,global_backlog,unmatched,RU,Russia,,,,,,,,,unmatched
6209,global_backlog,unmatched,RU,Russia,,,,,,,,,unmatched
6210,global_backlog,unmatched,RU,Russia,,,,,,,,,unmatched
6211,global_backlog,unmatched,RU,Russia,,,,,,,,,unmatched
6212,global_backlog,review,RU,Russia,,,,,,,,,held_alias_without_clean_domain_agreement
6213,global_backlog,review,RU,Russia,,,,,,,,,held_review_site_only
6214,global_backlog,review,RU,Russia,,,,,,,,,held_review_site_only
6215,global_backlog,safe_active,RU,Russia,https://ror.org/036yvre49,Kemerovo State University,active,1503901,Kemerovo,Kuzbass,55.33333,86.08333,safe_active_exact_name_site_agreement
6216,global_backlog,review,RU,Russia,,,,,,,,,held_review_site_only
6217,global_backlog,unmatched,RU,Russia,,,,,,,,,unmatched
6218,global_backlog,safe_active,RU,Russia,https://ror.org/053z1kb20,Komsomolsk-on-Amur State Technical University,active,2021851,Komsomolsk-on-Amur,Khabarovsk,50.55034,137.00995,safe_active_exact_name_site_agreement
6219,global_backlog,review,RU,Russia,,,,,,,,,held_inactive_name_conflict
6220,global_backlog,unmatched,RU,Russia,,,,,,,,,unmatched
6221,global_backlog,safe_active,RU,Russia,https://ror.org/01yqewm58,Kuban State University,active,542420,Krasnodar,Krasnodar Krai,45.04484,38.97603,safe_active_exact_name_site_agreement
6222,global_backlog,unmatched,RU,Russia,,,,,,,,,unmatched
6223,global_backlog,safe_active,RU,Russia,https://ror.org/050w9j879,Kuban State Technological University,active,542420,Krasnodar,Krasnodar Krai,45.04484,38.97603,safe_active_exact_name_site_agreement
6224,global_backlog,unmatched,RU,Russia,,,,,,,,,unmatched
6225,global_backlog,safe_active,RU,Russia,https://ror.org/004dwfr15,Kursk State Medical University,active,538560,Kursk,Kursk Oblast,51.73733,36.18735,safe_active_exact_name_only
6226,global_backlog,review,RU,Russia,,,,,,,,,held_alias_without_clean_domain_agreement
6227,global_backlog,safe_active,RU,Russia,https://ror.org/05yjqdn82,Kursk State University,active,538560,Kursk,Kursk Oblast,51.73733,36.18735,safe_active_exact_name_site_agreement
6228,global_backlog,safe_active,RU,Russia,https://ror.org/02hfhf494,Kuzbass State Technical University,active,1503901,Kemerovo,Kuzbass,55.33333,86.08333,safe_active_exact_name_only
6229,global_backlog,unmatched,RU,Russia,,,,,,,,,unmatched
6230,global_backlog,inactive_history,RU,Russia,,,,,,,,,held_inactive_exact_name
6231,global_backlog,safe_active,RU,Russia,https://ror.org/00z6fwj27,Magnitogorsk State University,active,532288,Magnitogorsk,Chelyabinsk,53.41861,59.04722,safe_active_exact_name_site_agreement
6232,global_backlog,unmatched,RU,Russia,,,,,,,,,unmatched
6233,global_backlog,unmatched,RU,Russia,,,,,,,,,unmatched
6234,global_backlog,unmatched,RU,Russia,,,,,,,,,unmatched
6235,global_backlog,unmatched,RU,Russia,,,,,,,,,unmatched
6236,global_backlog,unmatched,RU,Russia,,,,,,,,,unmatched
6237,global_backlog,safe_active,RU,Russia,https://ror.org/00vfdqg37,Modern University for the Humanities,active,524901,Moscow,Moscow,55.75222,37.61556,safe_active_exact_name_site_agreement
6238,global_backlog,safe_active,RU,Russia,https://ror.org/0262qgk29,National Research Mordovia State University,active,498698,Saransk,Mordoviya Republic,54.1838,45.1749,safe_active_exact_name_site_agreement
6239,global_backlog,unmatched,RU,Russia,,,,,,,,,unmatched
6240,global_backlog,safe_active,RU,Russia,https://ror.org/00v0z9322,Moscow Institute of Physics and Technology,active,565614,Dolgoprudny,Moscow Oblast,55.94958,37.50183,safe_active_exact_name_site_agreement
6241,global_backlog,review,RU,Russia,,,,,,,,,held_review_site_only
6242,global_backlog,review,RU,Russia,,,,,,,,,held_review_site_only
6243,global_backlog,unmatched,RU,Russia,,,,,,,,,unmatched
6244,global_backlog,unmatched,RU,Russia,,,,,,,,,unmatched
6245,global_backlog,review,RU,Russia,,,,,,,,,held_review_site_only
6246,global_backlog,safe_active,RU,Russia,https://ror.org/047zrsx48,Moscow State Industrial University,active,524901,Moscow,Moscow,55.75222,37.61556,safe_active_exact_name_site_agreement
6247,global_backlog,unmatched,RU,Russia,,,,,,,,,unmatched
6248,global_backlog,unmatched,RU,Russia,,,,,,,,,unmatched
6249,global_backlog,unmatched,RU,Russia,,,,,,,,,unmatched
6250,global_backlog,safe_active,RU,Russia,https://ror.org/04xhj8132,Moscow State Technical University of Civil Aviation,active,524901,Moscow,Moscow,55.75222,37.61556,safe_active_exact_name_site_agreement
6251,global_backlog,review,RU,Russia,,,,,,,,,held_review_site_only
6252,global_backlog,safe_active,RU,Russia,https://ror.org/010pmpe69,Lomonosov Moscow State University,active,524901,Moscow,Moscow,55.75222,37.61556,safe_active_exact_name_site_agreement
6253,global_backlog,review,RU,Russia,,,,,,,,,held_review_site_only
6254,global_backlog,safe_active,RU,Russia,https://ror.org/00em04n91,Moscow State University of Civil Engineering,active,524901,Moscow,Moscow,55.75222,37.61556,safe_active_exact_name_only
6255,global_backlog,unmatched,RU,Russia,,,,,,,,,unmatched
6256,global_backlog,unmatched,RU,Russia,,,,,,,,,unmatched
6257,global_backlog,review,RU,Russia,,,,,,,,,held_review_site_only
6258,global_backlog,inactive_history,RU,Russia,,,,,,,,,held_inactive_exact_name
6259,global_backlog,safe_active,RU,Russia,https://ror.org/02dn6hy62,Moscow State University of Environmental Engineering,active,524901,Moscow,Moscow,55.75222,37.61556,safe_active_exact_name_only
6260,global_backlog,review,RU,Russia,,,,,,,,,held_review_site_only
6261,global_backlog,safe_active,RU,Russia,https://ror.org/035jyty51,Moscow State University of Geodesy and Cartography,active,524901,Moscow,Moscow,55.75204,37.61781,safe_active_exact_name_site_agreement
6262,global_backlog,review,RU,Russia,,,,,,,,,held_review_site_only
6263,global_backlog,review,RU,Russia,,,,,,,,,held_review_site_only
6264,global_backlog,review,RU,Russia,,,,,,,,,held_review_site_only
6265,global_backlog,safe_active,RU,Russia,https://ror.org/02pppmh23,Moscow University Touro,active,524901,Moscow,Moscow,55.75222,37.61556,safe_active_exact_name_site_agreement
6266,global_backlog,safe_active,RU,Russia,https://ror.org/04sw18p91,Murmansk State Technical University,active,524305,Murmansk,Murmansk,68.97398,33.09747,safe_active_exact_name_site_agreement
6267,global_backlog,safe_active,RU,Russia,https://ror.org/02hf6mx60,National Research University of Electronic Technology,active,524901,Moscow,Moscow,55.75222,37.61556,safe_active_exact_name_only
6268,global_backlog,safe_active,RU,Russia,https://ror.org/049te8947,Nayanova University,active,499099,Samara,Samara Oblast,53.20007,50.15,safe_active_exact_name_site_agreement
6269,global_backlog,safe_active,RU,Russia,https://ror.org/00x8z6715,Nevsky Institute of Language and Culture,active,498817,St Petersburg,St.-Petersburg,59.93863,30.31413,safe_active_exact_name_only
6270,global_backlog,safe_active,RU,Russia,https://ror.org/033904843,New Economic School,active,524901,Moscow,Moscow,55.75222,37.61556,safe_active_exact_name_site_agreement
6271,global_backlog,unmatched,RU,Russia,,,,,,,,,unmatched
6272,global_backlog,unmatched,RU,Russia,,,,,,,,,unmatched
6273,global_backlog,unmatched,RU,Russia,,,,,,,,,unmatched
6274,global_backlog,safe_active,RU,Russia,https://ror.org/037d0vf92,Nizhny Novgorod State Technical University,active,520555,Nizhny Novgorod,Nizhny Novgorod Oblast,56.32867,44.00205,safe_active_exact_name_only
6275,global_backlog,unmatched,RU,Russia,,,,,,,,,unmatched
6276,global_backlog,safe_active,RU,Russia,https://ror.org/05tnvgk65,Northern State Medical University,active,581049,Arkhangelsk,Arkhangelskaya,64.54717,40.55291,safe_active_exact_name_site_agreement
6277,global_backlog,safe_active,RU,Russia,https://ror.org/00vk7w211,North Ossetian State University,active,473249,Vladikavkaz,North Ossetia–Alania,43.03667,44.66778,safe_active_exact_name_site_agreement
6278,global_backlog,safe_active,RU,Russia,https://ror.org/04dm8yx03,North-West State Technical University,active,498817,St Petersburg,St.-Petersburg,59.93863,30.31413,safe_active_exact_name_site_agreement
6279,global_backlog,review,RU,Russia,,,,,,,,,held_alias_without_clean_domain_agreement
6280,global_backlog,unmatched,RU,Russia,,,,,,,,,unmatched
6281,global_backlog,safe_active,RU,Russia,https://ror.org/01hgeey64,Novosibirsk State Agricultural University,active,1496747,Novosibirsk,Novosibirsk Oblast,55.0415,82.9346,safe_active_exact_name_site_agreement
6282,global_backlog,review,RU,Russia,,,,,,,,,held_alias_without_clean_domain_agreement
6283,global_backlog,unmatched,RU,Russia,,,,,,,,,unmatched
6284,global_backlog,safe_active,RU,Russia,https://ror.org/01b2f6h61,Novosibirsk State Technical University,active,1496747,Novosibirsk,Novosibirsk Oblast,55.0415,82.9346,safe_active_exact_name_only
6285,global_backlog,safe_active,RU,Russia,https://ror.org/04t2ss102,Novosibirsk State University,active,1496747,Novosibirsk,Novosibirsk Oblast,55.0415,82.9346,safe_active_exact_name_site_agreement
6286,global_backlog,review,RU,Russia,,,,,,,,,held_review_site_only
6287,global_backlog,safe_active,RU,Russia,https://ror.org/05kfm7k22,Omsk State Agrarian University,active,1496153,Omsk,Omsk Oblast,54.99244,73.36859,safe_active_exact_name_site_agreement
6288,global_backlog,review,RU,Russia,,,,,,,,,held_review_site_only
6289,global_backlog,safe_active,RU,Russia,https://ror.org/010bdvy81,Omsk State Pedagogical University,active,1496153,Omsk,Omsk Oblast,54.99244,73.36859,safe_active_exact_name_only
6290,global_backlog,safe_active,RU,Russia,https://ror.org/01kzjg088,Omsk State Technical University,active,1496153,Omsk,Omsk Oblast,54.99244,73.36859,safe_active_exact_name_site_agreement
6291,global_backlog,safe_active,RU,Russia,https://ror.org/02mfskv37,Omsk State Transport University,active,1496153,Omsk,Omsk Oblast,54.99244,73.36859,safe_active_exact_name_site_agreement
6292,global_backlog,safe_active,RU,Russia,https://ror.org/01k6vxj52,Omsk State University,active,1496153,Omsk,Omsk Oblast,54.99244,73.36859,safe_active_exact_name_only
6293,global_backlog,safe_active,RU,Russia,https://ror.org/05b0f8e85,Orenburg State University,active,515003,Orenburg,Orenburg Oblast,51.7727,55.0988,safe_active_exact_name_site_agreement
6294,global_backlog,safe_active,RU,Russia,https://ror.org/012jgbk51,Oriental University,active,524901,Moscow,Moscow,55.75222,37.61556,safe_active_exact_name_site_agreement
6295,global_backlog,safe_active,RU,Russia,https://ror.org/056r5vk88,Penza State University,active,511565,Penza,Penza Oblast,53.20066,45.00464,safe_active_exact_name_only
6296,global_backlog,unmatched,RU,Russia,,,,,,,,,unmatched
6297,global_backlog,unmatched,RU,Russia,,,,,,,,,unmatched
6298,global_backlog,safe_active,RU,Russia,https://ror.org/003a79y48,Perm State Medical Academy,active,511196,Perm,Perm Krai,58.01046,56.25017,safe_active_exact_name_site_agreement
6299,global_backlog,review,RU,Russia,,,,,,,,,held_inactive_name_conflict
6300,global_backlog,safe_active,RU,Russia,https://ror.org/02te2cv05,Perm State Pharmaceutical Academy,active,511196,Perm,Perm Krai,58.01046,56.25017,safe_active_exact_name_only
6301,global_backlog,unmatched,RU,Russia,,,,,,,,,unmatched
6302,global_backlog,safe_active,RU,Russia,https://ror.org/029njb796,Perm State University,active,511196,Perm,Perm Krai,58.01046,56.25017,safe_active_exact_name_only
6303,global_backlog,safe_active,RU,Russia,https://ror.org/0176aa147,Petrozavodsk State University,active,509820,Petrozavodsk,Karelia,61.78491,34.34691,safe_active_exact_name_only
6304,global_backlog,unmatched,RU,Russia,,,,,,,,,unmatched
6305,global_backlog,review,RU,Russia,,,,,,,,,held_review_site_only
6306,global_backlog,unmatched,RU,Russia,,,,,,,,,unmatched
6307,global_backlog,unmatched,RU,Russia,,,,,,,,,unmatched
6308,global_backlog,safe_active,RU,Russia,https://ror.org/046a1ah60,Rostov State Medical University,active,501175,Rostov-on-Don,Rostov,47.23135,39.72328,safe_active_exact_name_only
6309,global_backlog,review,RU,Russia,,,,,,,,,held_alias_without_clean_domain_agreement
6310,global_backlog,safe_active,RU,Russia,https://ror.org/05960ca78,Russian Academy of Arts,active,524901,Moscow,Moscow,55.75222,37.61556,safe_active_exact_name_site_agreement
6311,global_backlog,safe_active,RU,Russia,https://ror.org/00jpcnb73,Russian Institute of Theatre Arts,active,524901,Moscow,Moscow,55.75222,37.61556,safe_active_exact_name_site_agreement
6312,global_backlog,unmatched,RU,Russia,,,,,,,,,unmatched
6313,global_backlog,safe_active,RU,Russia,https://ror.org/04k5dj193,Russian State Geological Prospecting University,active,524901,Moscow,Moscow,55.75222,37.61556,safe_active_exact_name_only
6314,global_backlog,safe_active,RU,Russia,https://ror.org/04dew2c51,Russian State Hydrometeorological University,active,498817,St Petersburg,St.-Petersburg,59.93863,30.31413,safe_active_exact_name_site_agreement
6315,global_backlog,safe_active,RU,Russia,https://ror.org/018159086,Pirogov Russian National Research Medical University,active,524901,Moscow,Moscow,55.75222,37.61556,safe_active_exact_name_site_agreement
6316,global_backlog,safe_active,RU,Russia,https://ror.org/0473ch268,Russian State University for the Humanities,active,524901,Moscow,Moscow,55.75222,37.61556,safe_active_exact_name_only
6317,global_backlog,unmatched,RU,Russia,,,,,,,,,unmatched
6318,global_backlog,unmatched,RU,Russia,,,,,,,,,unmatched
6319,global_backlog,safe_active,RU,Russia,https://ror.org/00hay9j83,Sakhalin State University,active,2119441,Yuzhno-Sakhalinsk,Sakhalin Oblast,46.95407,142.73603,safe_active_exact_name_only
6320,global_backlog,unmatched,RU,Russia,,,,,,,,,unmatched
6321,global_backlog,unmatched,RU,Russia,,,,,,,,,unmatched
6322,global_backlog,review,RU,Russia,,,,,,,,,held_review_site_only
6323,global_backlog,review,RU,Russia,,,,,,,,,held_non_education_identity
6324,global_backlog,safe_active,RU,Russia,https://ror.org/02z5czc07,Samara State Medical University,active,499099,Samara,Samara Oblast,53.20007,50.15,safe_active_exact_name_site_agreement
6325,global_backlog,safe_active,RU,Russia,https://ror.org/05t58bx13,Samara State Technical University,active,499099,Samara,Samara Oblast,53.20007,50.15,safe_active_exact_name_only
6326,global_backlog,inactive_history,RU,Russia,,,,,,,,,held_inactive_exact_name
6327,global_backlog,safe_active,RU,Russia,https://ror.org/02wsba348,Samara State University of Economics,active,499099,Samara,Samara Oblast,53.20007,50.15,safe_active_exact_name_site_agreement
6328,global_backlog,unmatched,RU,Russia,,,,,,,,,unmatched
6329,global_backlog,safe_active,RU,Russia,https://ror.org/017vp5k51,Saratov State Academy of Law,active,498677,Saratov,Saratov Oblast,51.54056,46.00861,safe_active_exact_name_only
6330,global_backlog,review,RU,Russia,,,,,,,,,held_review_site_only
6331,global_backlog,safe_active,RU,Russia,https://ror.org/02jmkw435,Saratov State Medical University,active,498677,Saratov,Saratov Oblast,51.54056,46.00861,safe_active_exact_name_only
6332,global_backlog,safe_active,RU,Russia,https://ror.org/057vdbk84,Saratov State Socio-Economic University,active,498677,Saratov,Saratov Oblast,51.54056,46.00861,safe_active_exact_name_only
6333,global_backlog,review,RU,Russia,,,,,,,,,held_alias_without_clean_domain_agreement
6334,global_backlog,safe_active,RU,Russia,https://ror.org/05jcsqx24,Saratov State University,active,498677,Saratov,Saratov Oblast,51.54056,46.00861,safe_active_exact_name_site_agreement
6335,global_backlog,unmatched,RU,Russia,,,,,,,,,unmatched
6336,global_backlog,safe_active,RU,Russia,https://ror.org/01d763831,Siberian State Industrial University,active,1496990,Novokuznetsk,Kuzbass,53.7557,87.1099,safe_active_exact_name_only
6337,global_backlog,safe_active,RU,Russia,https://ror.org/01yecy831,Siberian State Medical University,active,1489425,Tomsk,Tomsk Oblast,56.50032,84.98204,safe_active_exact_name_site_agreement
6338,global_backlog,review,RU,Russia,,,,,,,,,held_review_site_only
6339,global_backlog,review,RU,Russia,,,,,,,,,held_alias_without_clean_domain_agreement
6340,global_backlog,review,RU,Russia,,,,,,,,,held_review_site_only
6341,global_backlog,unmatched,RU,Russia,,,,,,,,,unmatched
6342,global_backlog,unmatched,RU,Russia,,,,,,,,,unmatched
6343,global_backlog,safe_active,RU,Russia,https://ror.org/02x2x2y51,Smolny University,active,498817,St Petersburg,St.-Petersburg,59.93863,30.31413,safe_active_exact_name_only
6344,global_backlog,unmatched,RU,Russia,,,,,,,,,unmatched
6345,global_backlog,unmatched,RU,Russia,,,,,,,,,unmatched
6346,global_backlog,unmatched,RU,Russia,,,,,,,,,unmatched
6347,global_backlog,safe_active,RU,Russia,https://ror.org/00nxz6d14,State University of Management,active,524901,Moscow,Moscow,55.75222,37.61556,safe_active_exact_name_site_agreement
6348,global_backlog,unmatched,RU,Russia,,,,,,,,,unmatched
6349,global_backlog,safe_active,RU,Russia,https://ror.org/0424c1c69,Stavropol State University,active,487846,Stavropol,Stavropol Kray,45.0428,41.9734,safe_active_exact_name_site_agreement
6350,global_backlog,review,RU,Russia,,,,,,,,,held_review_site_only
6351,global_backlog,unmatched,RU,Russia,,,,,,,,,unmatched
6352,global_backlog,unmatched,RU,Russia,,,,,,,,,unmatched
6353,global_backlog,unmatched,RU,Russia,,,,,,,,,unmatched
6354,global_backlog,unmatched,RU,Russia,,,,,,,,,unmatched
6355,global_backlog,unmatched,RU,Russia,,,,,,,,,unmatched
6356,global_backlog,review,RU,Russia,,,,,,,,,held_review_site_only
6357,global_backlog,review,RU,Russia,,,,,,,,,held_review_site_only
6358,global_backlog,unmatched,RU,Russia,,,,,,,,,unmatched
6359,global_backlog,review,RU,Russia,,,,,,,,,held_review_site_only
6360,global_backlog,unmatched,RU,Russia,,,,,,,,,unmatched
6361,global_backlog,unmatched,RU,Russia,,,,,,,,,unmatched
6362,global_backlog,review,RU,Russia,,,,,,,,,held_review_site_only
6363,global_backlog,unmatched,RU,Russia,,,,,,,,,unmatched
6364,global_backlog,unmatched,RU,Russia,,,,,,,,,unmatched
6365,global_backlog,unmatched,RU,Russia,,,,,,,,,unmatched
6366,global_backlog,unmatched,RU,Russia,,,,,,,,,unmatched
6367,global_backlog,unmatched,RU,Russia,,,,,,,,,unmatched
6368,global_backlog,review,RU,Russia,,,,,,,,,held_review_site_only
6369,global_backlog,unmatched,RU,Russia,,,,,,,,,unmatched
6370,global_backlog,unmatched,RU,Russia,,,,,,,,,unmatched
6371,global_backlog,review,RU,Russia,,,,,,,,,held_review_site_only
6372,global_backlog,review,RU,Russia,,,,,,,,,held_review_site_only
6373,global_backlog,unmatched,RU,Russia,,,,,,,,,unmatched
6374,global_backlog,review,RU,Russia,,,,,,,,,held_review_site_only
6375,global_backlog,unmatched,RU,Russia,,,,,,,,,unmatched
6376,global_backlog,unmatched,RU,Russia,,,,,,,,,unmatched
6377,global_backlog,unmatched,RU,Russia,,,,,,,,,unmatched
6378,global_backlog,unmatched,RU,Russia,,,,,,,,,unmatched
6379,global_backlog,unmatched,RU,Russia,,,,,,,,,unmatched
6380,global_backlog,unmatched,RU,Russia,,,,,,,,,unmatched
6381,global_backlog,review,RU,Russia,,,,,,,,,held_review_site_only
6382,global_backlog,review,RU,Russia,,,,,,,,,held_review_site_only
6383,global_backlog,unmatched,RU,Russia,,,,,,,,,unmatched
6384,global_backlog,safe_active,RU,Russia,https://ror.org/01gsr9f55,Surgut State University,active,1490624,Surgut,Khanty-Mansia,61.25757,73.41775,safe_active_exact_name_only
6385,global_backlog,safe_active,RU,Russia,https://ror.org/03bxk9355,Syktyvkar State University,active,485239,Syktyvkar,Komi,61.68523,50.80819,safe_active_exact_name_only
6386,global_backlog,safe_active,RU,Russia,https://ror.org/05rdty581,Taganrog State Pedagogical Institute,active,484907,Taganrog,Rostov,47.23627,38.9053,safe_active_exact_name_only
6387,global_backlog,unmatched,RU,Russia,,,,,,,,,unmatched
6388,global_backlog,safe_active,RU,Russia,https://ror.org/04wegbp55,Tambov State Technical University,active,484646,Tambov,Tambov Oblast,52.73169,41.44326,safe_active_exact_name_site_agreement
6389,global_backlog,unmatched,RU,Russia,,,,,,,,,unmatched
6390,global_backlog,safe_active,RU,Russia,https://ror.org/03e2ja558,Togliatti State University,active,482283,Tolyatti,Samara Oblast,53.5303,49.3461,safe_active_exact_name_site_agreement
6391,global_backlog,safe_active,RU,Russia,https://ror.org/00a45v709,Tomsk Polytechnic University,active,1489425,Tomsk,Tomsk Oblast,56.50032,84.98204,safe_active_exact_name_site_agreement
6392,global_backlog,safe_active,RU,Russia,https://ror.org/00x3rpv59,Tomsk State Pedagogical University,active,1489425,Tomsk,Tomsk Oblast,56.50032,84.98204,safe_active_exact_name_site_agreement
6393,global_backlog,review,RU,Russia,,,,,,,,,held_review_site_only
6394,global_backlog,safe_active,RU,Russia,https://ror.org/01w423a47,Tomsk State University of Architecture and Building,active,1489425,Tomsk,Tomsk Oblast,56.50049,84.98216,safe_active_exact_name_site_agreement
6395,global_backlog,review,RU,Russia,,,,,,,,,held_review_site_only
6396,global_backlog,safe_active,RU,Russia,https://ror.org/05shr3z13,Tula State University,active,480562,Tula,Tula Oblast,54.19609,37.61822,safe_active_exact_name_site_agreement
6397,global_backlog,review,RU,Russia,,,,,,,,,held_review_site_only
6398,global_backlog,review,RU,Russia,,,,,,,,,held_non_education_identity
6399,global_backlog,safe_active,RU,Russia,https://ror.org/007sfrj26,Tver State Technical University,active,480060,Tver',Tver Oblast,56.85836,35.90057,safe_active_exact_name_site_agreement
6400,global_backlog,safe_active,RU,Russia,https://ror.org/03c8qq315,Tver State University,active,480060,Tver',Tver Oblast,56.85836,35.90057,safe_active_exact_name_site_agreement
6401,global_backlog,review,RU,Russia,,,,,,,,,held_alias_without_clean_domain_agreement
6402,global_backlog,review,RU,Russia,,,,,,,,,held_alias_without_clean_domain_agreement
6403,global_backlog,unmatched,RU,Russia,,,,,,,,,unmatched
6404,global_backlog,safe_active,RU,Russia,https://ror.org/00yp6m473,Udmurt State University,active,554840,Izhevsk,Udmurtiya Republic,56.84976,53.20448,safe_active_exact_name_only
6405,global_backlog,inactive_history,RU,Russia,,,,,,,,,held_inactive_exact_name
6406,global_backlog,review,RU,Russia,,,,,,,,,held_site_name_conflict
6407,global_backlog,safe_active,RU,Russia,https://ror.org/01ae6h598,Ufa State Petroleum Technological University,active,479561,Ufa,Bashkortostan Republic,54.74306,55.96779,safe_active_exact_name_site_agreement
6408,global_backlog,safe_active,RU,Russia,https://ror.org/016p6a998,Ukhta State Technical University,active,479411,Ukhta,Komi,63.56904,53.69141,safe_active_exact_name_only
6409,global_backlog,review,RU,Russia,,,,,,,,,held_review_site_only
6410,global_backlog,review,RU,Russia,,,,,,,,,held_review_site_only
6411,global_backlog,review,RU,Russia,,,,,,,,,held_site_name_conflict
6412,global_backlog,safe_active,RU,Russia,https://ror.org/00ksn4909,Ulyanovsk State Technical University,active,479123,Ulyanovsk,Ulyanovsk,54.32824,48.38657,safe_active_exact_name_site_agreement
6413,global_backlog,safe_active,RU,Russia,https://ror.org/02vn11j58,Ulyanovsk State University,active,479123,Ulyanovsk,Ulyanovsk,54.32824,48.38657,safe_active_exact_name_only
6414,global_backlog,unmatched,RU,Russia,,,,,,,,,unmatched
6415,global_backlog,unmatched,RU,Russia,,,,,,,,,unmatched
6416,global_backlog,safe_active,RU,Russia,https://ror.org/008qvpg94,Ural State Academy of Architecture and Arts,active,1486209,Yekaterinburg,Sverdlovsk Oblast,56.8519,60.6122,safe_active_exact_name_only
6417,global_backlog,review,RU,Russia,,,,,,,,,held_alias_without_clean_domain_agreement
6418,global_backlog,unmatched,RU,Russia,,,,,,,,,unmatched
6419,global_backlog,unmatched,RU,Russia,,,,,,,,,unmatched
6420,global_backlog,unmatched,RU,Russia,,,,,,,,,unmatched
6421,global_backlog,unmatched,RU,Russia,,,,,,,,,unmatched
6422,global_backlog,unmatched,RU,Russia,,,,,,,,,unmatched
6423,global_backlog,safe_active,RU,Russia,https://ror.org/00zb26x20,Ural State University of Economics,active,1486209,Yekaterinburg,Sverdlovsk Oblast,56.8519,60.6122,safe_active_exact_name_only
6424,global_backlog,unmatched,RU,Russia,,,,,,,,,unmatched
6425,global_backlog,safe_active,RU,Russia,https://ror.org/01nxjpd08,Vladimir State University,active,473247,Vladimir,Vladimir Oblast,56.13655,40.39658,safe_active_exact_name_site_agreement
6426,global_backlog,review,RU,Russia,,,,,,,,,held_review_site_only
6427,global_backlog,unmatched,RU,Russia,,,,,,,,,unmatched
6428,global_backlog,unmatched,RU,Russia,,,,,,,,,unmatched
6429,global_backlog,review,RU,Russia,,,,,,,,,held_review_site_only
6430,global_backlog,safe_active,RU,Russia,https://ror.org/00hcmxe97,Volgograd State Pedagogical University,active,472757,Volgograd,Volgograd Oblast,48.71939,44.50183,safe_active_exact_name_site_agreement
6431,global_backlog,safe_active,RU,Russia,https://ror.org/041szz343,Volgograd State Technical University,active,472757,Volgograd,Volgograd Oblast,48.71939,44.50183,safe_active_exact_name_site_agreement
6432,global_backlog,safe_active,RU,Russia,https://ror.org/0093wrd09,Volgograd State University,active,472757,Volgograd,Volgograd Oblast,48.71939,44.50183,safe_active_exact_name_site_agreement
6433,global_backlog,unmatched,RU,Russia,,,,,,,,,unmatched
6434,global_backlog,inactive_history,RU,Russia,,,,,,,,,held_inactive_exact_name
6435,global_backlog,unmatched,RU,Russia,,,,,,,,,unmatched
6436,global_backlog,review,RU,Russia,,,,,,,,,held_review_site_only
6437,global_backlog,review,RU,Russia,,,,,,,,,held_alias_without_clean_domain_agreement
6438,global_backlog,safe_active,RU,Russia,https://ror.org/02m4a5582,Voronezh State Pedagogical University,active,472045,Voronezh,Voronezh Oblast,51.67204,39.1843,safe_active_exact_name_site_agreement
6439,global_backlog,safe_active,RU,Russia,https://ror.org/01m20f643,Voronezh State Technical University,active,472045,Voronezh,Voronezh Oblast,51.67204,39.1843,safe_active_exact_name_only
6440,global_backlog,safe_active,RU,Russia,https://ror.org/0543j5e78,Voronezh State University,active,472045,Voronezh,Voronezh Oblast,51.67204,39.1843,safe_active_exact_name_site_agreement
6441,global_backlog,unmatched,RU,Russia,,,,,,,,,unmatched
6442,global_backlog,unmatched,RU,Russia,,,,,,,,,unmatched
6443,global_backlog,unmatched,RU,Russia,,,,,,,,,unmatched
6444,global_backlog,safe_active,RU,Russia,https://ror.org/00ctbs693,Yaroslavl State Medical Academy,active,468902,Yaroslavl,Yaroslavl Oblast,57.62987,39.87368,safe_active_exact_name_only
6445,global_backlog,safe_active,RU,Russia,https://ror.org/02n3d5p55,Yaroslavl State Pedagogical University,active,468902,Yaroslavl,Yaroslavl Oblast,57.62987,39.87368,safe_active_exact_name_only
6446,global_backlog,safe_active,RU,Russia,https://ror.org/022wdak15,Yaroslavl State Technical University,active,468902,Yaroslavl,Yaroslavl Oblast,57.62987,39.87368,safe_active_exact_name_only
6447,global_backlog,safe_active,RU,Russia,https://ror.org/033ddqa09,Yaroslavl State Theatre Institute,active,468902,Yaroslavl,Yaroslavl Oblast,57.62987,39.87368,safe_active_exact_name_site_agreement
6448,global_backlog,safe_active,RU,Russia,https://ror.org/044s2fj67,Yaroslavl State University,active,468902,Yaroslavl,Yaroslavl Oblast,57.62987,39.87368,safe_active_exact_name_site_agreement
6449,global_backlog,review,RU,Russia,,,,,,,,,held_review_site_only
6450,global_backlog,review,RU,Russia,,,,,,,,,held_inactive_name_conflict
6451,global_backlog,safe_active,RW,Rwanda,https://ror.org/02n0het18,Adventist University of Central Africa,active,202061,Kigali,Kigali,-1.94995,30.05885,safe_active_exact_name_site_agreement
6452,global_backlog,unmatched,RW,Rwanda,,,,,,,,,unmatched
6453,global_backlog,unmatched,RW,Rwanda,,,,,,,,,unmatched
6454,global_backlog,unmatched,RW,Rwanda,,,,,,,,,unmatched
6455,global_backlog,safe_active,RW,Rwanda,https://ror.org/017wwgg26,Kigali Independent University,active,202061,Kigali,Kigali,-1.94995,30.05885,safe_active_exact_name_site_agreement
6456,global_backlog,unmatched,RW,Rwanda,,,,,,,,,unmatched
6457,global_backlog,review,RW,Rwanda,,,,,,,,,held_alias_without_clean_domain_agreement
6458,global_backlog,review,RW,Rwanda,,,,,,,,,held_alias_without_clean_domain_agreement
6459,global_backlog,unmatched,RW,Rwanda,,,,,,,,,unmatched
6460,global_backlog,unmatched,RW,Rwanda,,,,,,,,,unmatched
6461,global_backlog,review,RW,Rwanda,,,,,,,,,held_review_site_only
6462,global_backlog,safe_active,SA,Saudi Arabia,https://ror.org/0403jak37,Al Baha University,active,109953,Al Bahah,Al Bahah Region,20.01288,41.46767,safe_active_exact_name_site_agreement
6463,global_backlog,unmatched,SA,Saudi Arabia,,,,,,,,,unmatched
6464,global_backlog,safe_active,SA,Saudi Arabia,https://ror.org/00cdrtq48,Alfaisal University,active,108410,Riyadh,Riyadh Region,24.68773,46.72185,safe_active_exact_name_site_agreement
6465,global_backlog,review,SA,Saudi Arabia,,,,,,,,,held_review_site_only
6466,global_backlog,review,SA,Saudi Arabia,,,,,,,,,held_review_site_only
6467,global_backlog,unmatched,SA,Saudi Arabia,,,,,,,,,unmatched
6468,global_backlog,unmatched,SA,Saudi Arabia,,,,,,,,,unmatched
6469,global_backlog,safe_active,SA,Saudi Arabia,https://ror.org/03vfnky71,Arab Open University,active,108410,Riyadh,Riyadh Region,24.68773,46.72185,safe_active_exact_name_only
6470,global_backlog,safe_active,SA,Saudi Arabia,https://ror.org/00dqry546,Batterjee Medical College,active,105343,Jeddah,Mecca Region,21.49012,39.18624,safe_active_exact_name_site_agreement
6471,global_backlog,unmatched,SA,Saudi Arabia,,,,,,,,,unmatched
6472,global_backlog,unmatched,SA,Saudi Arabia,,,,,,,,,unmatched
6473,global_backlog,review,SA,Saudi Arabia,,,,,,,,,held_review_site_only
6474,global_backlog,unmatched,SA,Saudi Arabia,,,,,,,,,unmatched
6475,global_backlog,unmatched,SA,Saudi Arabia,,,,,,,,,unmatched
6476,global_backlog,unmatched,SA,Saudi Arabia,,,,,,,,,unmatched
6477,global_backlog,unmatched,SA,Saudi Arabia,,,,,,,,,unmatched
6478,global_backlog,unmatched,SA,Saudi Arabia,,,,,,,,,unmatched
6479,global_backlog,unmatched,SA,Saudi Arabia,,,,,,,,,unmatched
6480,global_backlog,unmatched,SA,Saudi Arabia,,,,,,,,,unmatched
6481,global_backlog,unmatched,SA,Saudi Arabia,,,,,,,,,unmatched
6482,global_backlog,unmatched,SA,Saudi Arabia,,,,,,,,,unmatched
6483,global_backlog,review,SA,Saudi Arabia,,,,,,,,,held_review_site_only
6484,global_backlog,unmatched,SA,Saudi Arabia,,,,,,,,,unmatched
6485,global_backlog,unmatched,SA,Saudi Arabia,,,,,,,,,unmatched
6486,global_backlog,safe_active,SA,Saudi Arabia,https://ror.org/0332xca13,Ibn Sina National College for Medical Studies,active,105343,Jeddah,Mecca Region,21.49012,39.18624,safe_active_exact_name_site_agreement
6487,global_backlog,safe_active,SA,Saudi Arabia,https://ror.org/03tap6r50,Institute of Public Administration,active,108410,Riyadh,Riyadh Region,24.68773,46.72185,safe_active_exact_name_site_agreement
6488,global_backlog,review,SA,Saudi Arabia,,,,,,,,,held_review_site_only
6489,global_backlog,safe_active,SA,Saudi Arabia,https://ror.org/02bjnq803,Jazan University,active,105299,Gazan,Jazan Region,16.88917,42.55111,safe_active_exact_name_site_agreement
6490,global_backlog,safe_active,SA,Saudi Arabia,https://ror.org/01rw40d12,Jubail Industrial College,active,109435,Jubail,Eastern Province,27.0174,49.62251,safe_active_exact_name_site_agreement
6491,global_backlog,safe_active,SA,Saudi Arabia,https://ror.org/03cxjvr57,Jubail University College,active,109435,Jubail,Eastern Province,27.0174,49.62251,safe_active_exact_name_site_agreement
6492,global_backlog,review,SA,Saudi Arabia,,,,,,,,,held_review_site_only
6493,global_backlog,safe_active,SA,Saudi Arabia,https://ror.org/01q3tbs38,King Abdullah University of Science and Technology,active,105343,Jeddah,Mecca Region,21.49012,39.18624,safe_active_exact_name_site_agreement
6494,global_backlog,review,SA,Saudi Arabia,,,,,,,,,held_review_site_only
6495,global_backlog,safe_active,SA,Saudi Arabia,https://ror.org/01hxaqe16,King Fahd Security College,active,108410,Riyadh,Riyadh Region,24.68773,46.72185,safe_active_exact_name_site_agreement
6496,global_backlog,safe_active,SA,Saudi Arabia,https://ror.org/00dn43547,King Faisal University,active,109571,Hofuf,Eastern Province,25.36467,49.58764,safe_active_exact_name_site_agreement
6497,global_backlog,review,SA,Saudi Arabia,,,,,,,,,held_review_site_only
6498,global_backlog,safe_active,SA,Saudi Arabia,https://ror.org/0149jvn88,King Saud bin Abdulaziz University for Health Sciences,active,108410,Riyadh,Riyadh Region,24.68773,46.72185,safe_active_exact_name_site_agreement
6499,global_backlog,safe_active,SA,Saudi Arabia,https://ror.org/02f81g417,King Saud University,active,108410,Riyadh,Riyadh Region,24.68773,46.72185,safe_active_exact_name_site_agreement
6500,global_backlog,unmatched,SA,Saudi Arabia,,,,,,,,,unmatched
6501,global_backlog,unmatched,SA,Saudi Arabia,,,,,,,,,unmatched
6502,global_backlog,safe_active,SA,Saudi Arabia,https://ror.org/01mcrnj60,Majmaah University,active,108410,Riyadh,Riyadh Region,24.68773,46.72185,safe_active_exact_name_site_agreement
6503,global_backlog,safe_active,SA,Saudi Arabia,https://ror.org/049c46160,Naif Arab University for Security Sciences,active,108410,Riyadh,Riyadh Region,24.68773,46.72185,safe_active_exact_name_site_agreement
6504,global_backlog,safe_active,SA,Saudi Arabia,https://ror.org/05edw4a90,Najran University,active,103630,Najrān,Najran Region,17.49326,44.12766,safe_active_exact_name_site_agreement
6505,global_backlog,safe_active,SA,Saudi Arabia,https://ror.org/03j9tzj20,Northern Border University,active,108512,Arar,Northern Borders Region,30.97531,41.03808,safe_active_exact_name_site_agreement
6506,global_backlog,safe_active,SA,Saudi Arabia,https://ror.org/03d64na34,Prince Mohammad bin Fahd University,active,109323,Khobar,Eastern Province,26.27944,50.20833,safe_active_exact_name_site_agreement
6507,global_backlog,unmatched,SA,Saudi Arabia,,,,,,,,,unmatched
6508,global_backlog,unmatched,SA,Saudi Arabia,,,,,,,,,unmatched
6509,global_backlog,safe_active,SA,Saudi Arabia,https://ror.org/053mqrf26,Prince Sultan University,active,108410,Riyadh,Riyadh Region,24.68773,46.72185,safe_active_exact_name_site_agreement
6510,global_backlog,unmatched,SA,Saudi Arabia,,,,,,,,,unmatched
6511,global_backlog,unmatched,SA,Saudi Arabia,,,,,,,,,unmatched
6512,global_backlog,safe_active,SA,Saudi Arabia,https://ror.org/01wsfe280,Qassim University,active,107304,Buraidah,Al-Qassim Region,26.32599,43.97497,safe_active_exact_name_site_agreement
6513,global_backlog,review,SA,Saudi Arabia,,,,,,,,,held_review_site_only
6514,global_backlog,unmatched,SA,Saudi Arabia,,,,,,,,,unmatched
6515,global_backlog,safe_active,SA,Saudi Arabia,https://ror.org/05ndh7v49,Saudi Electronic University,active,108410,Riyadh,Riyadh Region,24.68773,46.72185,safe_active_exact_name_site_agreement
6516,global_backlog,safe_active,SA,Saudi Arabia,https://ror.org/05hawb687,Shaqra University,active,108410,Riyadh,Riyadh Region,24.68773,46.72185,safe_active_exact_name_site_agreement
6517,global_backlog,safe_active,SA,Saudi Arabia,https://ror.org/01xv1nn60,Taibah University,active,109223,Medina,Medina Region,24.46861,39.61417,safe_active_exact_name_site_agreement
6518,global_backlog,safe_active,SA,Saudi Arabia,https://ror.org/014g1a453,Taif University,active,107968,Ta'if,Mecca Region,21.27028,40.41583,safe_active_exact_name_site_agreement
6519,global_backlog,safe_active,SA,Saudi Arabia,https://ror.org/01xjqrm90,Umm al-Qura University,active,104515,Makkah,Mecca Region,21.42664,39.82563,safe_active_exact_name_only
6520,global_backlog,review,SA,Saudi Arabia,,,,,,,,,held_alias_without_clean_domain_agreement
6521,global_backlog,safe_active,SA,Saudi Arabia,https://ror.org/013w98a82,University of Ha'il,active,106281,Ha'il,Ha'il Region,27.52188,41.69073,safe_active_exact_name_site_agreement
6522,global_backlog,safe_active,SA,Saudi Arabia,https://ror.org/04yej8x59,University of Tabuk,active,101628,Tabuk,Tabuk Region,28.3998,36.57151,safe_active_exact_name_site_agreement
6523,global_backlog,safe_active,SA,Saudi Arabia,https://ror.org/01sxpmm41,Yanbu Industrial College,active,104625,Yanbu Industrial City,Medina Region,23.99944,38.2275,safe_active_exact_name_only
6524,global_backlog,unmatched,SA,Saudi Arabia,,,,,,,,,unmatched
6525,global_backlog,safe_active,SA,Saudi Arabia,https://ror.org/011adk382,Yanbu University College,active,100425,Yanbu,Medina Region,24.08954,38.0618,safe_active_exact_name_only
6527,global_backlog,safe_active,SC,Seychelles,https://ror.org/0461r7q95,University of Seychelles,active,241443,Anse Royale,Anse Royale,-4.73333,55.51667,safe_active_exact_name_site_agreement
6528,global_backlog,unmatched,SC,Seychelles,,,,,,,,,unmatched
6529,global_backlog,safe_active,SD,Sudan,https://ror.org/01g5skz36,Ahfad University for Women,active,365137,Omdurman,Khartoum,15.64453,32.47773,safe_active_exact_name_site_agreement
6530,global_backlog,safe_active,SD,Sudan,https://ror.org/0040db356,Al Fashir University,active,379555,Al-Fashir,Northern Darfur,13.62793,25.34936,safe_active_exact_name_site_agreement
6531,global_backlog,review,SD,Sudan,,,,,,,,,held_review_site_only
6532,global_backlog,unmatched,SD,Sudan,,,,,,,,,unmatched
6533,global_backlog,review,SD,Sudan,,,,,,,,,held_alias_without_clean_domain_agreement
6534,global_backlog,safe_active,SD,Sudan,https://ror.org/01wnxx236,Blue Nile University,active,380174,Ad-Damazin,Blue Nile,11.7891,34.3592,safe_active_exact_name_site_agreement
6535,global_backlog,unmatched,SD,Sudan,,,,,,,,,unmatched
6536,global_backlog,safe_active,SD,Sudan,https://ror.org/02ayk5126,Dalanj University,active,373141,Kaduqli,Southern Kordofan,11.01111,29.71833,safe_active_exact_name_site_agreement
6537,global_backlog,unmatched,SD,Sudan,,,,,,,,,unmatched
6538,global_backlog,unmatched,SD,Sudan,,,,,,,,,unmatched
6539,global_backlog,unmatched,SD,Sudan,,,,,,,,,unmatched
6540,global_backlog,review,SD,Sudan,,,,,,,,,held_review_site_only
6541,global_backlog,safe_active,SD,Sudan,https://ror.org/05tzr3y75,Kassala University,active,372753,Kassala,Kassala,15.45099,36.39998,safe_active_exact_name_site_agreement
6542,global_backlog,review,SD,Sudan,,,,,,,,,held_alias_without_clean_domain_agreement
6543,global_backlog,safe_active,SD,Sudan,https://ror.org/01x7yyx87,National Ribat University,active,379252,Khartoum,Khartoum,15.55177,32.53241,safe_active_exact_name_site_agreement
6544,global_backlog,review,SD,Sudan,,,,,,,,,held_alias_without_clean_domain_agreement
6545,global_backlog,safe_active,SD,Sudan,https://ror.org/028gajb68,Nile Valley University,active,379252,Khartoum,Khartoum,15.55177,32.53241,safe_active_exact_name_site_agreement
6546,global_backlog,safe_active,SD,Sudan,https://ror.org/0239tnv53,Omdurman Ahlia University,active,365137,Omdurman,Khartoum,15.64453,32.47773,safe_active_exact_name_site_agreement
6547,global_backlog,safe_active,SD,Sudan,https://ror.org/025qja684,Omdurman Islamic University,active,365137,Omdurman,Khartoum,15.64453,32.47773,safe_active_exact_name_site_agreement
6548,global_backlog,review,SD,Sudan,,,,,,,,,held_review_site_only
6549,global_backlog,safe_active,SD,Sudan,https://ror.org/04k46b490,Red Sea University,active,377039,Port Sudan,Red Sea,19.61745,37.21644,safe_active_exact_name_site_agreement
6550,global_backlog,safe_active,SD,Sudan,https://ror.org/03ghc4a37,Shendi University,active,367308,Shendi,River Nile,16.6915,33.4341,safe_active_exact_name_only
6551,global_backlog,safe_active,SD,Sudan,https://ror.org/008r9vm50,Sinnar University,active,367644,Sennar,Sinnār,13.56907,33.56718,safe_active_exact_name_only
6552,global_backlog,safe_active,SD,Sudan,https://ror.org/058v0t886,Sudan Academy of Sciences,active,379252,Khartoum,Khartoum,15.55177,32.53241,safe_active_exact_name_only
6553,global_backlog,review,SD,Sudan,,,,,,,,,held_review_site_only
6554,global_backlog,safe_active,SD,Sudan,https://ror.org/03bm5es30,University of Dongola,active,363417,Dongola,Northern State,19.18163,30.47689,safe_active_exact_name_site_agreement
6555,global_backlog,unmatched,SD,Sudan,,,,,,,,,unmatched
6556,global_backlog,review,SD,Sudan,,,,,,,,,held_review_site_only
6557,global_backlog,safe_active,SD,Sudan,https://ror.org/001mf9v16,University of Gezira,active,364103,Wad Madani,Al Jazīrah,14.40118,33.51989,safe_active_exact_name_site_agreement
6558,global_backlog,review,SD,Sudan,,,,,,,,,held_review_site_only
6559,global_backlog,safe_active,SD,Sudan,https://ror.org/02jbayz55,University of Khartoum,active,379252,Khartoum,Khartoum,15.55177,32.53241,safe_active_exact_name_site_agreement
6560,global_backlog,safe_active,SD,Sudan,https://ror.org/04zfq3f98,University of Kordofan,active,379003,Al-Ubayyid,North Kordofan,13.18421,30.21669,safe_active_exact_name_site_agreement
6561,global_backlog,unmatched,SD,Sudan,,,,,,,,,unmatched
6562,global_backlog,review,SD,Sudan,,,,,,,,,held_review_site_only
6563,global_backlog,unmatched,SD,Sudan,,,,,,,,,unmatched
6644,global_backlog,unmatched,SL,Sierra Leone,,,,,,,,,unmatched
6645,global_backlog,unmatched,SL,Sierra Leone,,,,,,,,,unmatched
6646,global_backlog,review,SL,Sierra Leone,,,,,,,,,held_multiple_ror_locations
6647,global_backlog,safe_active,SL,Sierra Leone,https://ror.org/045rztm55,University of Sierra Leone,active,2409306,Freetown,Western Area,8.48714,-13.2356,safe_active_exact_name_only
6648,global_backlog,review,SM,San Marino,,,,,,,,,held_review_site_only
6649,global_backlog,safe_active,SN,Senegal,https://ror.org/01157qb85,Groupe AFI,active,2253354,Dakar,Dakar,14.6937,-17.44406,safe_active_exact_name_site_agreement
6650,global_backlog,safe_active,SN,Senegal,https://ror.org/0485abs19,Université Alioune Diop de Bambey,active,2252309,Diourbel,Diourbel Region,14.64792,-16.24363,safe_active_exact_name_only
6651,global_backlog,review,SN,Senegal,,,,,,,,,held_review_site_only
6652,global_backlog,safe_active,SN,Senegal,https://ror.org/04je6yw13,Cheikh Anta Diop University,active,2253354,Dakar,Dakar,14.6937,-17.44406,safe_active_exact_name_site_agreement
6653,global_backlog,safe_active,SN,Senegal,https://ror.org/040hez064,Université Dakar-Bourguiba,active,2253354,Dakar,Dakar,14.6937,-17.44406,safe_active_exact_name_only
6654,global_backlog,safe_active,SN,Senegal,https://ror.org/05nfkgg69,Université de Thiès,active,2244802,Thiès,Thiès,14.78944,-16.92602,safe_active_exact_name_site_agreement
6655,global_backlog,safe_active,SN,Senegal,https://ror.org/01xprs690,Ziguinchor University,active,2243940,Ziguinchor,Ziguinchor,12.56801,-16.27326,safe_active_exact_name_only
6656,global_backlog,safe_active,SN,Senegal,https://ror.org/047vq0f11,Université du Sahel,active,2253354,Dakar,Dakar,14.6937,-17.44406,safe_active_exact_name_site_agreement
6657,global_backlog,safe_active,SN,Senegal,https://ror.org/024ntr864,Université Euro-Afrique,active,2253354,Dakar,Dakar,14.6937,-17.44406,safe_active_exact_name_site_agreement
6658,global_backlog,review,SN,Senegal,,,,,,,,,held_review_site_only
6659,global_backlog,safe_active,SO,Somalia,https://ror.org/034a2ss16,Amoud University,active,64021,Boorama,Awdal,9.93611,43.18278,safe_active_exact_name_site_agreement
6660,global_backlog,safe_active,SO,Somalia,https://ror.org/013tad429,Benadir University,active,53654,Mogadishu,Banaadir,2.03711,45.34375,safe_active_exact_name_only
6661,global_backlog,unmatched,SO,Somalia,,,,,,,,,unmatched
6662,global_backlog,unmatched,SO,Somalia,,,,,,,,,unmatched
6663,global_backlog,unmatched,SO,Somalia,,,,,,,,,unmatched
6664,global_backlog,unmatched,SO,Somalia,,,,,,,,,unmatched
6665,global_backlog,safe_active,SO,Somalia,https://ror.org/037ykcx09,Gollis University,active,57289,Hargeisa,Woqooyi Galbeed,9.56,44.065,safe_active_exact_name_only
6666,global_backlog,unmatched,SO,Somalia,,,,,,,,,unmatched
6667,global_backlog,safe_active,SO,Somalia,https://ror.org/03yhyb689,Maakhir University,active,65058,Badhan,Sanaag,10.71422,48.33591,safe_active_exact_name_site_agreement
6668,global_backlog,safe_active,SO,Somalia,https://ror.org/025zbpk71,Mogadishu University,active,53654,Mogadishu,Banaadir,2.03711,45.34375,safe_active_exact_name_only
6669,global_backlog,safe_active,SO,Somalia,https://ror.org/03wm74n81,Nugaal University,active,400769,Las Anod,Sool,8.47738,47.35971,safe_active_exact_name_only
6670,global_backlog,safe_active,SO,Somalia,https://ror.org/04hsp7g83,Puntland State University,active,58933,Garoowe,Nugaal,8.40207,48.48284,safe_active_exact_name_only
6671,global_backlog,safe_active,SO,Somalia,https://ror.org/0051k4p26,Sanaag University of Science and Technology,active,62691,Erigavo,Sanaag,10.61616,47.36795,safe_active_exact_name_only
6672,global_backlog,safe_active,SO,Somalia,https://ror.org/00y184b33,Somaliland University of Technology,active,57289,Hargeisa,Woqooyi Galbeed,9.56,44.065,safe_active_exact_name_only
6673,global_backlog,unmatched,SO,Somalia,,,,,,,,,unmatched
6674,global_backlog,safe_active,SO,Somalia,https://ror.org/023tegq12,University of Hargeisa,active,57289,Hargeisa,Woqooyi Galbeed,9.56,44.065,safe_active_exact_name_only
6675,global_backlog,review,SO,Somalia,,,,,,,,,held_site_name_conflict
6676,global_backlog,review,SR,Suriname,,,,,,,,,held_review_site_only
6677,global_backlog,safe_active,SS,South Sudan,https://ror.org/02f1kft51,University of Juba,active,373303,Juba,Central Equatoria,4.85165,31.58247,safe_active_exact_name_only
6678,global_backlog,unmatched,SS,South Sudan,,,,,,,,,unmatched
6679,global_backlog,safe_active,SV,El Salvador,https://ror.org/03wkb8h74,Universidad Albert Einstein,active,3584257,Santa Tecla,La Libertad Department,13.67694,-89.27972,safe_active_exact_name_only
6680,global_backlog,safe_active,SV,El Salvador,https://ror.org/01zr7q119,Universidad Autónoma de Santa Ana,active,3583334,Santa Ana,Santa Ana Department,13.99417,-89.55972,safe_active_exact_name_site_agreement
6681,global_backlog,review,SV,El Salvador,,,,,,,,,held_review_site_only
6682,global_backlog,review,SV,El Salvador,,,,,,,,,held_alias_without_clean_domain_agreement
6683,global_backlog,review,SV,El Salvador,,,,,,,,,held_review_site_only
6684,global_backlog,safe_active,SV,El Salvador,https://ror.org/00j1faf79,Universidad Cristiana de las Asambleas de Dios,active,3583361,San Salvador,San Salvador Department,13.68935,-89.18718,safe_active_exact_name_site_agreement
6685,global_backlog,safe_active,SV,El Salvador,https://ror.org/03sbpft28,University of El Salvador,active,3583361,San Salvador,San Salvador Department,13.68935,-89.18718,safe_active_exact_name_site_agreement
6686,global_backlog,safe_active,SV,El Salvador,https://ror.org/014r0rr19,Universidad de Oriente,active,3583446,San Miguel,San Miguel Department,13.48333,-88.18333,safe_active_exact_name_site_agreement
6687,global_backlog,safe_active,SV,El Salvador,https://ror.org/01d809t39,Universidad de Sonsonate,active,3583102,Sonsonate,Sonsonate Department,13.71889,-89.72417,safe_active_exact_name_only
6688,global_backlog,safe_active,SV,El Salvador,https://ror.org/01k8z5j70,Universidad Don Bosco,active,3583361,San Salvador,San Salvador Department,13.68935,-89.18718,safe_active_exact_name_only
6689,global_backlog,review,SV,El Salvador,,,,,,,,,held_review_site_only
6690,global_backlog,review,SV,El Salvador,,,,,,,,,held_review_site_only
6691,global_backlog,review,SV,El Salvador,,,,,,,,,held_review_site_only
6692,global_backlog,safe_active,SV,El Salvador,https://ror.org/02spway15,Francisco Gavidia University,active,3583361,San Salvador,San Salvador Department,13.68935,-89.18718,safe_active_exact_name_site_agreement
6693,global_backlog,unmatched,SV,El Salvador,,,,,,,,,unmatched
6694,global_backlog,unmatched,SV,El Salvador,,,,,,,,,unmatched
6695,global_backlog,safe_active,SV,El Salvador,https://ror.org/01h43q230,Universidad Modular Abierta,active,3583361,San Salvador,San Salvador Department,13.68935,-89.18718,safe_active_exact_name_site_agreement
6696,global_backlog,review,SV,El Salvador,,,,,,,,,held_review_site_only
6697,global_backlog,safe_active,SV,El Salvador,https://ror.org/00vfjs247,Universidad Nueva San Salvador,active,3583361,San Salvador,San Salvador Department,13.68935,-89.18718,safe_active_exact_name_site_agreement
6698,global_backlog,review,SV,El Salvador,,,,,,,,,held_review_site_only
6699,global_backlog,safe_active,SV,El Salvador,https://ror.org/014dtj905,Universidad Pedagógica de El Salvador,active,3583361,San Salvador,San Salvador Department,13.68935,-89.18718,safe_active_exact_name_only
6700,global_backlog,safe_active,SV,El Salvador,https://ror.org/040gj5g64,Universidad Politécnica de El Salvador,active,3583361,San Salvador,San Salvador Department,13.68935,-89.18718,safe_active_exact_name_site_agreement
6701,global_backlog,review,SV,El Salvador,,,,,,,,,held_review_site_only
6702,global_backlog,safe_active,SV,El Salvador,https://ror.org/0532w7m55,Universidad Técnica Latinoamericana,active,3584257,Santa Tecla,La Libertad Department,13.67694,-89.27972,safe_active_exact_name_site_agreement
6703,global_backlog,safe_active,SV,El Salvador,https://ror.org/01jmr1174,Universidad Tecnológica de El Salvador,active,3583361,San Salvador,San Salvador Department,13.68935,-89.18718,safe_active_exact_name_site_agreement
6704,global_backlog,review,SY,Syria,,,,,,,,,held_alias_without_clean_domain_agreement
6705,global_backlog,safe_active,SY,Syria,https://ror.org/04mw1hy69,Al Wataniya Private University,active,170017,Hama,Hama,35.13179,36.75783,safe_active_exact_name_site_agreement
6706,global_backlog,safe_active,SY,Syria,https://ror.org/05skgxb48,Arab International University,active,170325,Ghabāghib,Daraa,33.18235,36.22534,safe_active_exact_name_site_agreement
6707,global_backlog,safe_active,SY,Syria,https://ror.org/03m098d13,Damascus University,active,170654,Damascus,Dimashq,33.5102,36.29128,safe_active_exact_name_site_agreement
6708,global_backlog,safe_active,SY,Syria,https://ror.org/03gvw6m91,Higher Institute of Business Administration,active,170654,Damascus,Dimashq,33.5102,36.29128,safe_active_exact_name_site_agreement
6709,global_backlog,safe_active,SY,Syria,https://ror.org/03frvp088,International University for Science and Technology,active,170905,Dar‘ā,Daraa,32.61889,36.10213,safe_active_exact_name_site_agreement
6710,global_backlog,safe_active,SY,Syria,https://ror.org/0427t6n75,Ittihad Private University,active,172955,Rakka,Ar-Raqqah,35.95283,39.00788,safe_active_exact_name_site_agreement
6711,global_backlog,unmatched,SY,Syria,,,,,,,,,unmatched
6712,global_backlog,unmatched,SY,Syria,,,,,,,,,unmatched
6713,global_backlog,safe_active,SY,Syria,https://ror.org/043vmz451,Syrian Virtual University,active,170654,Damascus,Dimashq,33.5102,36.29128,safe_active_exact_name_site_agreement
6714,global_backlog,safe_active,SY,Syria,https://ror.org/04nqts970,Latakia University,active,173576,Latakia,Latakia,35.53125,35.79088,safe_active_exact_name_site_agreement
6715,global_backlog,safe_active,SY,Syria,https://ror.org/03mzvxz96,University of Aleppo,active,170063,Aleppo,Aleppo,36.20124,37.16117,safe_active_exact_name_site_agreement
6716,global_backlog,safe_active,SY,Syria,https://ror.org/02g847680,University of Kalamoon,active,170797,Dayr ‘Aţīyah,Rif-dimashq,34.09541,36.76791,safe_active_exact_name_site_agreement
6717,global_backlog,safe_active,SY,Syria,https://ror.org/00edm2h72,Wadi International University,active,170654,Damascus,Dimashq,33.5102,36.29128,safe_active_exact_name_site_agreement
6718,global_backlog,safe_active,SY,Syria,https://ror.org/0147hmw17,Yarmouk Private University,active,170654,Damascus,Dimashq,33.5102,36.29128,safe_active_exact_name_only
6719,global_backlog,safe_active,SZ,Eswatini,https://ror.org/05nv2rz39,University of Eswatini,active,935054,Kwaluseni,Manzini Region,-26.47675,31.33274,safe_active_exact_name_site_agreement
6720,global_backlog,safe_active,TC,Turks and Caicos Islands,https://ror.org/03z1phr67,Charisma University,active,8131575,Grace Bay,,21.78139,-72.20919,safe_active_exact_name_site_agreement
6721,global_backlog,safe_active,TD,Chad,https://ror.org/013gpqv08,University of N'Djamena,active,2427123,N'Djamena,N’Djaména,12.10672,15.0444,safe_active_exact_name_only
6722,global_backlog,safe_active,TG,Togo,https://ror.org/00wc07928,University of Lomé,active,2365267,Lomé,Maritime,6.12874,1.22154,safe_active_exact_name_site_agreement
6790,global_backlog,safe_active,TJ,Tajikistan,https://ror.org/045cv1381,Tajik Agrarian University Shirinsho Shotemur,active,1221874,Dushanbe,Dushanbe,38.53575,68.77905,safe_active_exact_name_site_agreement
6791,global_backlog,unmatched,TJ,Tajikistan,,,,,,,,,unmatched
6792,global_backlog,safe_active,TJ,Tajikistan,https://ror.org/04bccg972,Tajik National University,active,1221874,Dushanbe,Dushanbe,38.53575,68.77905,safe_active_exact_name_only
6793,global_backlog,safe_active,TM,Turkmenistan,https://ror.org/02dg6na50,International Turkmen-Turkish University,active,162183,Ashgabat,Ashgabat,37.95,58.38333,safe_active_exact_name_site_agreement
6794,global_backlog,unmatched,TN,Tunisia,,,,,,,,,unmatched
6795,global_backlog,unmatched,TN,Tunisia,,,,,,,,,unmatched
6796,global_backlog,safe_active,TN,Tunisia,https://ror.org/04w9mdw91,Institut Supérieur de Gestion de Tunis,active,2464470,Tunis,Tunis Governorate,36.81897,10.16579,safe_active_exact_name_site_agreement
6797,global_backlog,unmatched,TN,Tunisia,,,,,,,,,unmatched
6798,global_backlog,unmatched,TN,Tunisia,,,,,,,,,unmatched
6799,global_backlog,safe_active,TN,Tunisia,https://ror.org/022efad20,University of Gabès,active,2468369,Gabès,Gabès Governorate,33.88146,10.0982,safe_active_exact_name_site_agreement
6800,global_backlog,safe_active,TN,Tunisia,https://ror.org/01kzjzn40,University of Gafsa,active,2468353,Gafsa,Gafsa,34.425,8.78417,safe_active_exact_name_site_agreement
6801,global_backlog,safe_active,TN,Tunisia,https://ror.org/000g0zm60,University of Jendouba,active,2470088,Jendouba,Jendouba Governorate,36.50114,8.78024,safe_active_exact_name_site_agreement
6802,global_backlog,safe_active,TN,Tunisia,https://ror.org/024mpte60,University of Kairouan,active,2473449,Kairouan,Kairouan,35.6781,10.09633,safe_active_exact_name_site_agreement
6803,global_backlog,safe_active,TN,Tunisia,https://ror.org/0503ejf32,Manouba University,active,2469274,Manouba,Manouba,36.81006,10.09557,safe_active_exact_name_site_agreement
6804,global_backlog,safe_active,TN,Tunisia,https://ror.org/00nhtcg76,University of Monastir,active,2473493,Monastir,Monastir Governorate,35.77799,10.82617,safe_active_exact_name_site_agreement
6805,global_backlog,safe_active,TN,Tunisia,https://ror.org/04d4sd432,University of Sfax,active,2467454,Sfax,Sfax Governorate,34.74056,10.76028,safe_active_exact_name_only
6806,global_backlog,safe_active,TN,Tunisia,https://ror.org/02q1spa57,Tunis University,active,2464470,Tunis,Tunis Governorate,36.81897,10.16579,safe_active_exact_name_site_agreement
6807,global_backlog,safe_active,TN,Tunisia,https://ror.org/029cgt552,Tunis El Manar University,active,2464470,Tunis,Tunis Governorate,36.81897,10.16579,safe_active_exact_name_site_agreement
6808,global_backlog,review,TN,Tunisia,,,,,,,,,held_review_site_only
6809,global_backlog,safe_active,TN,Tunisia,https://ror.org/00hhe7195,Ez-Zitouna University,active,2464470,Tunis,Tunis Governorate,36.81897,10.16579,safe_active_exact_name_site_agreement
6810,global_backlog,safe_active,TN,Tunisia,https://ror.org/033xhzd30,Tunisia Private University,active,2464470,Tunis,Tunis Governorate,36.81897,10.16579,safe_active_exact_name_only
6811,global_backlog,review,TN,Tunisia,,,,,,,,,held_review_site_only
6812,global_backlog,unmatched,TN,Tunisia,,,,,,,,,unmatched
6814,global_backlog,safe_active,TR,Türkiye,https://ror.org/01x1kqx83,Bolu Abant İzzet Baysal University,active,750516,Bolu,Bolu,40.73583,31.60611,safe_active_exact_name_site_agreement
6815,global_backlog,safe_active,TR,Türkiye,https://ror.org/03n7yzv56,Adnan Menderes University,active,322830,Aydin,Aydın,37.84501,27.83963,safe_active_exact_name_site_agreement
6816,global_backlog,review,TR,Türkiye,,,,,,,,,held_ambiguous_active_exact_name
6817,global_backlog,safe_active,TR,Türkiye,https://ror.org/05rrfpt58,Ahi Evran University,active,307515,Kırşehir,Kırşehir,39.14583,34.16389,safe_active_exact_name_site_agreement
6818,global_backlog,safe_active,TR,Türkiye,https://ror.org/01m59r132,Akdeniz University,active,323777,Antalya,Antalya,36.90812,30.69556,safe_active_exact_name_site_agreement
6819,global_backlog,review,TR,Türkiye,,,,,,,,,held_ambiguous_active_exact_name
6820,global_backlog,safe_active,TR,Türkiye,https://ror.org/01wntqw50,Ankara University,active,323786,Ankara,Ankara,39.91987,32.85427,safe_active_exact_name_site_agreement
6821,global_backlog,safe_active,TR,Türkiye,https://ror.org/03je5c526,Atatürk University,active,315368,Erzurum,Erzurum,39.90861,41.27694,safe_active_exact_name_site_agreement
6822,global_backlog,safe_active,TR,Türkiye,https://ror.org/04pd3v454,Atilim University,active,323786,Ankara,Ankara,39.91987,32.85427,safe_active_exact_name_site_agreement
6823,global_backlog,review,TR,Türkiye,,,,,,,,,held_review_site_only
6824,global_backlog,review,TR,Türkiye,,,,,,,,,held_review_site_only
6825,global_backlog,review,TR,Türkiye,,,,,,,,,held_review_site_only
6826,global_backlog,safe_active,TR,Türkiye,https://ror.org/03dcvf827,Beykent University,active,745044,Istanbul,Istanbul,41.01384,28.94966,safe_active_exact_name_site_agreement
6827,global_backlog,safe_active,TR,Türkiye,https://ror.org/00dzfx204,Bilecik Şeyh Edebali Üniversitesi,active,750598,Bilecik,Bilecik,40.14192,29.97932,safe_active_exact_name_site_agreement
6828,global_backlog,safe_active,TR,Türkiye,https://ror.org/02vh8a032,Bilkent University,active,323786,Ankara,Ankara,39.91987,32.85427,safe_active_exact_name_site_agreement
6829,global_backlog,review,TR,Türkiye,,,,,,,,,held_review_site_only
6830,global_backlog,review,TR,Türkiye,,,,,,,,,held_review_site_only
6831,global_backlog,review,TR,Türkiye,,,,,,,,,held_review_site_only
6832,global_backlog,review,TR,Türkiye,,,,,,,,,held_review_site_only
6833,global_backlog,review,TR,Türkiye,,,,,,,,,held_alias_without_clean_domain_agreement
6834,global_backlog,safe_active,TR,Türkiye,https://ror.org/05wxkj555,Cukurova University,active,325363,Adana,Adana,36.98615,35.32531,safe_active_exact_name_site_agreement
6835,global_backlog,review,TR,Türkiye,,,,,,,,,held_review_site_only
6836,global_backlog,review,TR,Türkiye,,,,,,,,,held_review_site_only
6837,global_backlog,review,TR,Türkiye,,,,,,,,,held_review_site_only
6838,global_backlog,safe_active,TR,Türkiye,https://ror.org/00dbd8b73,Dokuz Eylül University,active,311046,Izmir,İzmir Province,38.41273,27.13838,safe_active_exact_name_site_agreement
6839,global_backlog,unmatched,TR,Türkiye,,,,,,,,,unmatched
6840,global_backlog,safe_active,TR,Türkiye,https://ror.org/02eaafc18,Ege University,active,311046,Izmir,İzmir Province,38.41273,27.13838,safe_active_exact_name_site_agreement
6841,global_backlog,safe_active,TR,Türkiye,https://ror.org/047g8vk19,Erciyes University,active,308464,Kayseri,Kayseri,38.73222,35.48528,safe_active_exact_name_site_agreement
6842,global_backlog,safe_active,TR,Türkiye,https://ror.org/02wbrth70,Fatih University,active,745044,Istanbul,Istanbul,41.01384,28.94966,safe_active_exact_name_site_agreement
6843,global_backlog,review,TR,Türkiye,,,,,,,,,held_review_site_only
6844,global_backlog,safe_active,TR,Türkiye,https://ror.org/00btgsb62,Galatasaray University,active,745044,Istanbul,Istanbul,41.01384,28.94966,safe_active_exact_name_site_agreement
6845,global_backlog,safe_active,TR,Türkiye,https://ror.org/020vvc407,Gaziantep University,active,314830,Gaziantep,Gaziantep,37.05944,37.3825,safe_active_exact_name_site_agreement
6846,global_backlog,review,TR,Türkiye,,,,,,,,,held_review_site_only
6847,global_backlog,review,TR,Türkiye,,,,,,,,,held_review_site_only
6848,global_backlog,review,TR,Türkiye,,,,,,,,,held_alias_without_clean_domain_agreement
6849,global_backlog,inactive_history,TR,Türkiye,,,,,,,,,held_inactive_exact_name
6850,global_backlog,review,TR,Türkiye,,,,,,,,,held_review_site_only
6851,global_backlog,safe_active,TR,Türkiye,https://ror.org/04kwvgz42,Hacettepe University,active,323786,Ankara,Ankara,39.91987,32.85427,safe_active_exact_name_only
6852,global_backlog,review,TR,Türkiye,,,,,,,,,held_review_site_only
6853,global_backlog,safe_active,TR,Türkiye,https://ror.org/057qfs197,Harran University,active,298333,Sanliurfa,Şanlıurfa,37.16708,38.79392,safe_active_exact_name_site_agreement
6854,global_backlog,review,TR,Türkiye,,,,,,,,,held_review_site_only
6855,global_backlog,review,TR,Türkiye,,,,,,,,,held_review_site_only
6856,global_backlog,review,TR,Türkiye,,,,,,,,,held_review_site_only
6857,global_backlog,safe_active,TR,Türkiye,https://ror.org/03natay60,Istanbul Arel University,active,6947641,Büyükçekmece,Istanbul,41.02072,28.58502,safe_active_exact_name_site_agreement
6858,global_backlog,safe_active,TR,Türkiye,https://ror.org/04pm4x478,Istanbul Bilgi University,active,745044,Istanbul,Istanbul,41.01384,28.94966,safe_active_exact_name_only
6859,global_backlog,review,TR,Türkiye,,,,,,,,,held_review_site_only
6860,global_backlog,review,TR,Türkiye,,,,,,,,,held_review_site_only
6861,global_backlog,safe_active,TR,Türkiye,https://ror.org/059636586,Istanbul Technical University,active,745044,Istanbul,Istanbul,41.01384,28.94966,safe_active_exact_name_site_agreement
6862,global_backlog,unmatched,TR,Türkiye,,,,,,,,,unmatched
6863,global_backlog,safe_active,TR,Türkiye,https://ror.org/03a5qrr21,Istanbul University,active,745044,Istanbul,Istanbul,41.01384,28.94966,safe_active_exact_name_site_agreement
6864,global_backlog,unmatched,TR,Türkiye,,,,,,,,,unmatched
6865,global_backlog,safe_active,TR,Türkiye,https://ror.org/03stptj97,Izmir Institute of Technology,active,311046,Izmir,İzmir Province,38.41273,27.13838,safe_active_exact_name_site_agreement
6866,global_backlog,safe_active,TR,Türkiye,https://ror.org/03zzckc47,Kadir Has University,active,745044,Istanbul,Istanbul,41.01384,28.94966,safe_active_exact_name_site_agreement
6867,global_backlog,safe_active,TR,Türkiye,https://ror.org/04v302n28,Kafkas University,active,743952,Kars,Kars Province,40.59825,43.08548,safe_active_exact_name_site_agreement
6868,global_backlog,review,TR,Türkiye,,,,,,,,,held_review_site_only
6869,global_backlog,safe_active,TR,Türkiye,https://ror.org/03z8fyr40,Karadeniz Technical University,active,738648,Trabzon,Trabzon,41.005,39.72694,safe_active_exact_name_site_agreement
6870,global_backlog,safe_active,TR,Türkiye,https://ror.org/048b6qs33,Kilis 7 Aralık University,active,307864,Kilis,Kilis,36.71611,37.115,safe_active_exact_name_site_agreement
6871,global_backlog,review,TR,Türkiye,,,,,,,,,held_review_site_only
6872,global_backlog,safe_active,TR,Türkiye,https://ror.org/0411seq30,Kocaeli Üniversitesi,active,745028,İzmit,Kocaeli,40.76499,29.92928,safe_active_exact_name_only
6873,global_backlog,review,TR,Türkiye,,,,,,,,,held_review_site_only
6874,global_backlog,safe_active,TR,Türkiye,https://ror.org/004dg2369,Maltepe University,active,745044,Istanbul,Istanbul,41.01384,28.94966,safe_active_exact_name_site_agreement
6875,global_backlog,safe_active,TR,Türkiye,https://ror.org/02kswqa67,Marmara University,active,745044,Istanbul,Istanbul,41.01384,28.94966,safe_active_exact_name_site_agreement
6876,global_backlog,safe_active,TR,Türkiye,https://ror.org/04nqdwb39,Mersin Üniversitesi,active,304531,Mersin,Mersin,36.81196,34.63886,safe_active_exact_name_site_agreement
6877,global_backlog,safe_active,TR,Türkiye,https://ror.org/014weej12,Middle East Technical University,active,323786,Ankara,Ankara,39.91987,32.85427,safe_active_exact_name_only
6878,global_backlog,review,TR,Türkiye,,,,,,,,,held_review_site_only
6879,global_backlog,review,TR,Türkiye,,,,,,,,,held_review_site_only
6880,global_backlog,safe_active,TR,Türkiye,https://ror.org/056hcgc41,Mustafa Kemal University,active,323779,Antakya,Hatay,36.20655,36.15722,safe_active_exact_name_site_agreement
6881,global_backlog,review,TR,Türkiye,,,,,,,,,held_review_site_only
6882,global_backlog,safe_active,TR,Türkiye,https://ror.org/013s3zh21,Necmettin Erbakan University,active,306571,Konya,Konya,37.87135,32.48464,safe_active_exact_name_only
6883,global_backlog,unmatched,TR,Türkiye,,,,,,,,,unmatched
6884,global_backlog,review,TR,Türkiye,,,,,,,,,held_review_site_only
6885,global_backlog,review,TR,Türkiye,,,,,,,,,held_review_site_only
6886,global_backlog,review,TR,Türkiye,,,,,,,,,held_review_site_only
6887,global_backlog,safe_active,TR,Türkiye,https://ror.org/01etz1309,Pamukkale University,active,317109,Denizli,Denizli,37.77417,29.0875,safe_active_exact_name_only
6888,global_backlog,unmatched,TR,Türkiye,,,,,,,,,unmatched
6889,global_backlog,safe_active,TR,Türkiye,https://ror.org/04ttnw109,Sakarya University,active,752850,Adapazarı,Sakarya,40.78056,30.40333,safe_active_exact_name_only
6890,global_backlog,review,TR,Türkiye,,,,,,,,,held_review_site_only
6891,global_backlog,safe_active,TR,Türkiye,https://ror.org/04fjtte88,Süleyman Demirel Üniversitesi,active,311073,Isparta,Isparta,37.76444,30.55222,safe_active_exact_name_site_agreement
6892,global_backlog,review,TR,Türkiye,,,,,,,,,held_review_site_only
6893,global_backlog,safe_active,TR,Türkiye,https://ror.org/00xa0xn82,Trakya University,active,747712,Edirne,Edirne,41.67719,26.55597,safe_active_exact_name_site_agreement
6894,global_backlog,safe_active,TR,Türkiye,https://ror.org/017bbc354,Türkisch-Deutsche Universität,active,745044,Istanbul,Istanbul,41.01384,28.94966,safe_active_exact_name_site_agreement
6895,global_backlog,safe_active,TR,Türkiye,https://ror.org/058ya6669,Turkish Military Academy,active,323786,Ankara,Ankara,39.91987,32.85427,safe_active_exact_name_site_agreement
6896,global_backlog,safe_active,TR,Türkiye,https://ror.org/05syseh24,Naval Academy,active,745044,Istanbul,Istanbul,41.01384,28.94966,safe_active_exact_name_site_agreement
6897,global_backlog,safe_active,TR,Türkiye,https://ror.org/04dj8ng22,Ufuk University,active,323786,Ankara,Ankara,39.91987,32.85427,safe_active_exact_name_only
6898,global_backlog,review,TR,Türkiye,,,,,,,,,held_review_site_only
6899,global_backlog,safe_active,TR,Türkiye,https://ror.org/01x18ax09,Yalova University,active,749075,Çınarcık,Yalova,40.64538,29.1245,safe_active_exact_name_site_agreement
6900,global_backlog,review,TR,Türkiye,,,,,,,,,held_review_site_only
6901,global_backlog,safe_active,TR,Türkiye,https://ror.org/025mx2575,Yeditepe University,active,745044,Istanbul,Istanbul,41.01384,28.94966,safe_active_exact_name_site_agreement
6902,global_backlog,review,TR,Türkiye,,,,,,,,,held_alias_without_clean_domain_agreement
6903,global_backlog,review,TR,Türkiye,,,,,,,,,held_review_site_only
6904,global_backlog,review,TR,Türkiye,,,,,,,,,held_review_site_only
6905,global_backlog,review,TR,Türkiye,,,,,,,,,held_alias_without_clean_domain_agreement
6906,global_backlog,safe_active,TT,Trinidad and Tobago,https://ror.org/01vyn2554,University of the Southern Caribbean,active,3573890,Port of Spain,Port of Spain,10.66668,-61.51889,safe_active_exact_name_site_agreement
6907,global_backlog,unmatched,TT,Trinidad and Tobago,,,,,,,,,unmatched
6908,global_backlog,safe_active,TT,Trinidad and Tobago,https://ror.org/03np13864,University of Trinidad and Tobago,active,3575051,Arima,Borough of Arima,10.63737,-61.28228,safe_active_exact_name_site_agreement
6909,global_backlog,safe_active,TW,Taiwan,https://ror.org/00ke8ye77,Aletheia University,active,1668341,Taipei,Taiwan,25.05306,121.52639,safe_active_exact_name_site_agreement
6910,global_backlog,safe_active,TW,Taiwan,https://ror.org/03xms6995,Central Police University,active,1667905,Taoyuan District,Taiwan,24.9896,121.3187,safe_active_exact_name_only
6911,global_backlog,safe_active,TW,Taiwan,https://ror.org/00d80zx46,Chang Gung University,active,6696918,Taoyuan,Taiwan,24.99368,121.29696,safe_active_exact_name_site_agreement
6912,global_backlog,unmatched,TW,Taiwan,,,,,,,,,unmatched
6913,global_backlog,review,TW,Taiwan,,,,,,,,,held_review_site_only
6914,global_backlog,unmatched,TW,Taiwan,,,,,,,,,unmatched
6915,global_backlog,review,TW,Taiwan,,,,,,,,,held_alias_without_clean_domain_agreement
6916,global_backlog,safe_active,TW,Taiwan,https://ror.org/04shepe48,Chinese Culture University,active,1668341,Taipei,Taiwan,25.05306,121.52639,safe_active_exact_name_site_agreement
6917,global_backlog,review,TW,Taiwan,,,,,,,,,held_review_site_only
6918,global_backlog,safe_active,TW,Taiwan,https://ror.org/01yzz0f51,Chung Hua University,active,1675151,Hsinchu,Taiwan,24.80361,120.96861,safe_active_exact_name_only
6919,global_backlog,unmatched,TW,Taiwan,,,,,,,,,unmatched
6920,global_backlog,safe_active,TW,Taiwan,https://ror.org/02w8ws377,Chung Yuan Christian University,active,6696918,Taoyuan,Taiwan,24.99368,121.29696,safe_active_exact_name_only
6921,global_backlog,review,TW,Taiwan,,,,,,,,,held_review_site_only
6922,global_backlog,safe_active,TW,Taiwan,https://ror.org/05vhczg54,Feng Chia University,active,1668399,Taichung,Taiwan,24.1469,120.6839,safe_active_exact_name_only
6923,global_backlog,safe_active,TW,Taiwan,https://ror.org/04je98850,Fu Jen Catholic University,active,1668341,Taipei,Taiwan,25.05306,121.52639,safe_active_exact_name_site_agreement
6924,global_backlog,safe_active,TW,Taiwan,https://ror.org/03a0cvz60,Hsuan Chuang University,active,1675151,Hsinchu,Taiwan,24.80361,120.96861,safe_active_exact_name_site_agreement
6925,global_backlog,safe_active,TW,Taiwan,https://ror.org/02x5hb316,Huafan University,active,1668341,Taipei,Taiwan,25.05306,121.52639,safe_active_exact_name_site_agreement
6926,global_backlog,safe_active,TW,Taiwan,https://ror.org/04d7e4m76,I-Shou University,active,1673820,Kaohsiung,Kaohsiung,22.61626,120.31333,safe_active_exact_name_site_agreement
6927,global_backlog,unmatched,TW,Taiwan,,,,,,,,,unmatched
6928,global_backlog,review,TW,Taiwan,,,,,,,,,held_review_site_only
6929,global_backlog,unmatched,TW,Taiwan,,,,,,,,,unmatched
6930,global_backlog,safe_active,TW,Taiwan,https://ror.org/01gzkdv90,Kun Shan University,active,1668355,Tainan City,Taiwan,22.99083,120.21333,safe_active_exact_name_site_agreement
6931,global_backlog,safe_active,TW,Taiwan,https://ror.org/03vcw8k58,Ling Tung University,active,1668399,Taichung,Taiwan,24.1469,120.6839,safe_active_exact_name_only
6932,global_backlog,safe_active,TW,Taiwan,https://ror.org/001y2wd07,Lunghwa University of Science and Technology,active,6696918,Taoyuan,Taiwan,24.99368,121.29696,safe_active_exact_name_site_agreement
6933,global_backlog,safe_active,TW,Taiwan,https://ror.org/02pgvzy25,Ming Chuan University,active,1667905,Taoyuan District,Taiwan,24.9896,121.3187,safe_active_exact_name_site_agreement
6934,global_backlog,safe_active,TW,Taiwan,https://ror.org/01tfbz441,Nanhua University,active,1678836,Chiayi City,Taiwan,23.47917,120.44889,safe_active_exact_name_site_agreement
6935,global_backlog,safe_active,TW,Taiwan,https://ror.org/00944ve71,National Central University,active,6696918,Taoyuan,Taiwan,24.99368,121.29696,safe_active_exact_name_site_agreement
6936,global_backlog,safe_active,TW,Taiwan,https://ror.org/005gkfa10,National Changhua University of Education,active,1679134,Changhua,Taiwan,23.95361,120.49083,safe_active_exact_name_only
6937,global_backlog,safe_active,TW,Taiwan,https://ror.org/03rqk8h36,National Chengchi University,active,1668341,Taipei,Taiwan,25.05306,121.52639,safe_active_exact_name_site_agreement
6938,global_backlog,safe_active,TW,Taiwan,https://ror.org/01b8kcc49,National Cheng Kung University,active,1668355,Tainan City,Taiwan,22.99083,120.21333,safe_active_exact_name_only
6939,global_backlog,unmatched,TW,Taiwan,,,,,,,,,unmatched
6940,global_backlog,safe_active,TW,Taiwan,https://ror.org/04gknbs13,National Chiayi University,active,1678836,Chiayi City,Taiwan,23.47917,120.44889,safe_active_exact_name_site_agreement
6941,global_backlog,safe_active,TW,Taiwan,https://ror.org/03ha6v181,National Chi Nan University,active,1670310,Puli,Taiwan,23.96639,120.96952,safe_active_exact_name_site_agreement
6942,global_backlog,safe_active,TW,Taiwan,https://ror.org/0028v3876,National Chung Cheng University,active,1671913,Minxiong,Taiwan,23.55606,120.43047,safe_active_exact_name_site_agreement
6943,global_backlog,review,TW,Taiwan,,,,,,,,,held_review_site_only
6944,global_backlog,unmatched,TW,Taiwan,,,,,,,,,unmatched
6945,global_backlog,unmatched,TW,Taiwan,,,,,,,,,unmatched
6946,global_backlog,safe_active,TW,Taiwan,https://ror.org/00mng9617,National Dong Hwa University,active,1674504,Hualien City,Taiwan,23.97694,121.60444,safe_active_exact_name_site_agreement
6947,global_backlog,safe_active,TW,Taiwan,https://ror.org/00q523p52,National Formosa University,active,1665196,Douliu,Taiwan,23.70944,120.54333,safe_active_exact_name_site_agreement
6948,global_backlog,unmatched,TW,Taiwan,,,,,,,,,unmatched
6949,global_backlog,unmatched,TW,Taiwan,,,,,,,,,unmatched
6950,global_backlog,safe_active,TW,Taiwan,https://ror.org/01npf0s58,National Ilan University,active,1674199,Yilan,Taiwan,24.757,121.753,safe_active_exact_name_only
6951,global_backlog,review,TW,Taiwan,,,,,,,,,held_alias_without_clean_domain_agreement
6952,global_backlog,inactive_history,TW,Taiwan,,,,,,,,,held_inactive_exact_name
6953,global_backlog,safe_active,TW,Taiwan,https://ror.org/04tsc8g87,National Kaohsiung Normal University,active,1673820,Kaohsiung,Kaohsiung,22.61626,120.31333,safe_active_exact_name_only
6954,global_backlog,review,TW,Taiwan,,,,,,,,,held_inactive_name_conflict
6955,global_backlog,safe_active,TW,Taiwan,https://ror.org/01d81q939,National Open University,active,1668341,Taipei,Taiwan,25.05306,121.52639,safe_active_exact_name_site_agreement
6956,global_backlog,unmatched,TW,Taiwan,,,,,,,,,unmatched
6957,global_backlog,safe_active,TW,Taiwan,https://ror.org/01y6ccj36,National Pingtung University of Science and Technology,active,1670481,Pingtung City,Taiwan,22.67135,120.48814,safe_active_exact_name_site_agreement
6958,global_backlog,safe_active,TW,Taiwan,https://ror.org/00mjawt10,National Sun Yat-sen University,active,1673820,Kaohsiung,Kaohsiung,22.61626,120.31333,safe_active_exact_name_site_agreement
6959,global_backlog,unmatched,TW,Taiwan,,,,,,,,,unmatched
6960,global_backlog,unmatched,TW,Taiwan,,,,,,,,,unmatched
6961,global_backlog,review,TW,Taiwan,,,,,,,,,held_alias_without_clean_domain_agreement
6962,global_backlog,review,TW,Taiwan,,,,,,,,,held_alias_without_clean_domain_agreement
6963,global_backlog,safe_active,TW,Taiwan,https://ror.org/03e29r284,National Taipei University,active,1668341,Taipei,Taiwan,25.05306,121.52639,safe_active_exact_name_only
6964,global_backlog,safe_active,TW,Taiwan,https://ror.org/00cn92c09,National Taipei University of Technology,active,1668341,Taipei,Taiwan,25.05306,121.52639,safe_active_exact_name_site_agreement
6965,global_backlog,unmatched,TW,Taiwan,,,,,,,,,unmatched
6966,global_backlog,unmatched,TW,Taiwan,,,,,,,,,unmatched
6967,global_backlog,unmatched,TW,Taiwan,,,,,,,,,unmatched
6968,global_backlog,unmatched,TW,Taiwan,,,,,,,,,unmatched
6969,global_backlog,safe_active,TW,Taiwan,https://ror.org/059dkdx38,National Taiwan Normal University,active,1668341,Taipei,Taiwan,25.05306,121.52639,safe_active_exact_name_site_agreement
6970,global_backlog,safe_active,TW,Taiwan,https://ror.org/03bvvnt49,National Taiwan Ocean University,active,1678228,Keelung,Taiwan,25.13089,121.74094,safe_active_exact_name_only
6971,global_backlog,safe_active,TW,Taiwan,https://ror.org/05bqach95,National Taiwan University,active,1668341,Taipei,Taiwan,25.05306,121.52639,safe_active_exact_name_site_agreement
6972,global_backlog,safe_active,TW,Taiwan,https://ror.org/00q09pe49,National Taiwan University of Science and Technology,active,1668341,Taipei,Taiwan,25.05306,121.52639,safe_active_exact_name_site_agreement
6973,global_backlog,review,TW,Taiwan,,,,,,,,,held_review_site_only
6974,global_backlog,safe_active,TW,Taiwan,https://ror.org/04twccc71,National United University,active,1671971,Miaoli,Taiwan,24.56427,120.82367,safe_active_exact_name_site_agreement
6975,global_backlog,safe_active,TW,Taiwan,https://ror.org/013zjb662,National University of Kaohsiung,active,1673820,Kaohsiung,Kaohsiung,22.61626,120.31333,safe_active_exact_name_site_agreement
6976,global_backlog,unmatched,TW,Taiwan,,,,,,,,,unmatched
6977,global_backlog,safe_active,TW,Taiwan,https://ror.org/04qkq2m54,National Yunlin University of Science and Technology,active,1665196,Douliu,Taiwan,23.70944,120.54333,safe_active_exact_name_site_agreement
6978,global_backlog,safe_active,TW,Taiwan,https://ror.org/03fcpsq87,Providence University,active,1668399,Taichung,Taiwan,24.1469,120.6839,safe_active_exact_name_only
6979,global_backlog,safe_active,TW,Taiwan,https://ror.org/01c3hyk82,Shih Chien University,active,1668341,Taipei,Taiwan,25.05306,121.52639,safe_active_exact_name_only
6980,global_backlog,safe_active,TW,Taiwan,https://ror.org/03ynprv96,Shih Hsin University,active,1668341,Taipei,Taiwan,25.05306,121.52639,safe_active_exact_name_site_agreement
6981,global_backlog,safe_active,TW,Taiwan,https://ror.org/05kvm7n82,Soochow University,active,1668341,Taipei,Taiwan,25.05306,121.52639,safe_active_exact_name_only
6982,global_backlog,unmatched,TW,Taiwan,,,,,,,,,unmatched
6983,global_backlog,unmatched,TW,Taiwan,,,,,,,,,unmatched
6984,global_backlog,unmatched,TW,Taiwan,,,,,,,,,unmatched
6985,global_backlog,review,TW,Taiwan,,,,,,,,,held_alias_without_clean_domain_agreement
6986,global_backlog,review,TW,Taiwan,,,,,,,,,held_alias_without_clean_domain_agreement
6987,global_backlog,unmatched,TW,Taiwan,,,,,,,,,unmatched
6988,global_backlog,unmatched,TW,Taiwan,,,,,,,,,unmatched
6989,global_backlog,safe_active,TW,Taiwan,https://ror.org/04tft4718,Tamkang University,active,1668341,Taipei,Taiwan,25.05306,121.52639,safe_active_exact_name_only
6990,global_backlog,unmatched,TW,Taiwan,,,,,,,,,unmatched
6991,global_backlog,safe_active,TW,Taiwan,https://ror.org/030m18266,Tatung University,active,1668341,Taipei,Taiwan,25.05306,121.52639,safe_active_exact_name_only
6992,global_backlog,safe_active,TW,Taiwan,https://ror.org/00zhvdn11,Tunghai University,active,1668399,Taichung,Taiwan,24.1469,120.6839,safe_active_exact_name_site_agreement
6993,global_backlog,review,TW,Taiwan,,,,,,,,,held_alias_without_clean_domain_agreement
6994,global_backlog,safe_active,TW,Taiwan,https://ror.org/01fv1ds98,Yuan Ze University,active,1667905,Taoyuan District,Taiwan,24.9896,121.3187,safe_active_exact_name_site_agreement
6995,global_backlog,review,TZ,Tanzania,,,,,,,,,held_review_site_only
6996,global_backlog,safe_active,TZ,Tanzania,https://ror.org/02wwrqj12,Aga Khan University,active,160263,Dar es Salaam,Dar es Salaam Region,-6.82349,39.26951,safe_active_exact_name_only
6997,global_backlog,review,TZ,Tanzania,,,,,,,,,held_review_site_only
6998,global_backlog,safe_active,TZ,Tanzania,https://ror.org/01vy3hr18,Hubert Kairuki Memorial University,active,160263,Dar es Salaam,Dar es Salaam Region,-6.82349,39.26951,safe_active_exact_name_site_agreement
6999,global_backlog,safe_active,TZ,Tanzania,https://ror.org/009nnap37,Institute of Accountancy Arusha,active,161325,Arusha,Arusha,-3.36667,36.68333,safe_active_exact_name_site_agreement
7000,global_backlog,safe_active,TZ,Tanzania,https://ror.org/04jsebv71,Institute of Finance Management,active,160263,Dar es Salaam,Dar es Salaam Region,-6.82349,39.26951,safe_active_exact_name_site_agreement
7001,global_backlog,safe_active,TZ,Tanzania,https://ror.org/02hh51f62,International Medical and Technological University,active,160263,Dar es Salaam,Dar es Salaam Region,-6.82349,39.26951,safe_active_exact_name_site_agreement
7002,global_backlog,review,TZ,Tanzania,,,,,,,,,held_review_site_only
7003,global_backlog,unmatched,TZ,Tanzania,,,,,,,,,unmatched
7004,global_backlog,safe_active,TZ,Tanzania,https://ror.org/02e2ve941,Mount Meru University,active,161325,Arusha,Arusha,-3.36667,36.68333,safe_active_exact_name_site_agreement
7005,global_backlog,unmatched,TZ,Tanzania,,,,,,,,,unmatched
7006,global_backlog,unmatched,TZ,Tanzania,,,,,,,,,unmatched
7007,global_backlog,unmatched,TZ,Tanzania,,,,,,,,,unmatched
7008,global_backlog,safe_active,TZ,Tanzania,https://ror.org/02m6yfe37,Open University of Tanzania,active,160263,Dar es Salaam,Dar es Salaam Region,-6.82349,39.26951,safe_active_exact_name_site_agreement
7009,global_backlog,unmatched,TZ,Tanzania,,,,,,,,,unmatched
7010,global_backlog,safe_active,TZ,Tanzania,https://ror.org/00jdryp44,Sokoine University of Agriculture,active,153220,Morogoro,Morogoro,-6.82102,37.66122,safe_active_exact_name_site_agreement
7011,global_backlog,safe_active,TZ,Tanzania,https://ror.org/00p8msr48,St. Augustine University of Tanzania,active,152224,Mwanza,Mwanza,-2.51667,32.9,safe_active_exact_name_site_agreement
7012,global_backlog,unmatched,TZ,Tanzania,,,,,,,,,unmatched
7013,global_backlog,unmatched,TZ,Tanzania,,,,,,,,,unmatched
7014,global_backlog,safe_active,TZ,Tanzania,https://ror.org/0479aed98,University of Dar es Salaam,active,160263,Dar es Salaam,Dar es Salaam Region,-6.82349,39.26951,safe_active_exact_name_site_agreement
7015,global_backlog,safe_active,TZ,Tanzania,https://ror.org/009n8zh45,The University of Dodoma,active,160196,Dodoma,Dodoma,-6.17221,35.73947,safe_active_exact_name_site_agreement
7016,global_backlog,unmatched,UA,Ukraine,,,,,,,,,unmatched
7017,global_backlog,unmatched,UA,Ukraine,,,,,,,,,unmatched
7018,global_backlog,unmatched,UA,Ukraine,,,,,,,,,unmatched
7019,global_backlog,unmatched,UA,Ukraine,,,,,,,,,unmatched
7020,global_backlog,safe_active,UA,Ukraine,https://ror.org/02khw0n64,Dniprovsk State Technical University,active,709932,Kamianske,Dnipropetrovsk,48.51716,34.60617,safe_active_exact_name_site_agreement
7021,global_backlog,review,UA,Ukraine,,,,,,,,,held_review_site_only
7022,global_backlog,review,UA,Ukraine,,,,,,,,,held_review_site_only
7023,global_backlog,safe_active,UA,Ukraine,https://ror.org/00whe2089,Donetsk National Technical University,active,709611,Drohobych,Lviv,49.351,23.5174,safe_active_exact_name_site_agreement
7024,global_backlog,review,UA,Ukraine,,,,,,,,,held_review_site_only
7025,global_backlog,unmatched,UA,Ukraine,,,,,,,,,unmatched
7026,global_backlog,review,UA,Ukraine,,,,,,,,,held_review_site_only
7027,global_backlog,unmatched,UA,Ukraine,,,,,,,,,unmatched
7028,global_backlog,unmatched,UA,Ukraine,,,,,,,,,unmatched
7029,global_backlog,safe_active,UA,Ukraine,https://ror.org/02anx2442,Simon Kuznets Kharkiv National University of Economics,active,706483,Kharkiv,Kharkivs’ka Oblast’,49.98081,36.25272,safe_active_exact_name_site_agreement
7030,global_backlog,safe_active,UA,Ukraine,https://ror.org/01ctj1b90,Kharkiv National University of Radio Electronics,active,706483,Kharkiv,Kharkivs’ka Oblast’,49.98177,36.25475,safe_active_exact_name_only
7031,global_backlog,review,UA,Ukraine,,,,,,,,,held_alias_without_clean_domain_agreement
7032,global_backlog,review,UA,Ukraine,,,,,,,,,held_review_site_only
7033,global_backlog,review,UA,Ukraine,,,,,,,,,held_review_site_only
7034,global_backlog,safe_active,UA,Ukraine,https://ror.org/04cbe1f31,Kherson State University,active,706448,Kherson,Kherson,46.63695,32.61458,safe_active_exact_name_only
7035,global_backlog,unmatched,UA,Ukraine,,,,,,,,,unmatched
7036,global_backlog,review,UA,Ukraine,,,,,,,,,held_review_site_only
7037,global_backlog,review,UA,Ukraine,,,,,,,,,held_review_site_only
7038,global_backlog,review,UA,Ukraine,,,,,,,,,held_review_site_only
7039,global_backlog,review,UA,Ukraine,,,,,,,,,held_review_site_only
7040,global_backlog,review,UA,Ukraine,,,,,,,,,held_review_site_only
7041,global_backlog,safe_active,UA,Ukraine,https://ror.org/03smh8813,Luhansk State Medical University,active,695594,Rivne,Rivne,50.62308,26.22743,safe_active_exact_name_only
7042,global_backlog,unmatched,UA,Ukraine,,,,,,,,,unmatched
7043,global_backlog,review,UA,Ukraine,,,,,,,,,held_site_name_conflict
7044,global_backlog,review,UA,Ukraine,,,,,,,,,held_review_site_only
7045,global_backlog,unmatched,UA,Ukraine,,,,,,,,,unmatched
7046,global_backlog,safe_active,UA,Ukraine,https://ror.org/0542q3127,Lviv Polytechnic National University,active,702550,Lviv,Lviv,49.83826,24.02324,safe_active_exact_name_site_agreement
7047,global_backlog,review,UA,Ukraine,,,,,,,,,held_review_site_only
7048,global_backlog,review,UA,Ukraine,,,,,,,,,held_alias_without_clean_domain_agreement
7049,global_backlog,review,UA,Ukraine,,,,,,,,,held_review_site_only
7050,global_backlog,unmatched,UA,Ukraine,,,,,,,,,unmatched
7051,global_backlog,inactive_history,UA,Ukraine,,,,,,,,,held_inactive_exact_name
7052,global_backlog,review,UA,Ukraine,,,,,,,,,held_review_site_only
7053,global_backlog,unmatched,UA,Ukraine,,,,,,,,,unmatched
7054,global_backlog,unmatched,UA,Ukraine,,,,,,,,,unmatched
7055,global_backlog,unmatched,UA,Ukraine,,,,,,,,,unmatched
7056,global_backlog,review,UA,Ukraine,,,,,,,,,held_review_site_only
7057,global_backlog,review,UA,Ukraine,,,,,,,,,held_review_site_only
7058,global_backlog,safe_active,UA,Ukraine,https://ror.org/01akgs808,National Transport University,active,703448,Kyiv,Kyiv City,50.45466,30.5238,safe_active_exact_name_only
7059,global_backlog,safe_active,UA,Ukraine,https://ror.org/03sgk3c38,National University of Food Technologies,active,703448,Kyiv,Kyiv City,50.45466,30.5238,safe_active_exact_name_only
7060,global_backlog,review,UA,Ukraine,,,,,,,,,held_review_site_only
7061,global_backlog,unmatched,UA,Ukraine,,,,,,,,,unmatched
7062,global_backlog,unmatched,UA,Ukraine,,,,,,,,,unmatched
7063,global_backlog,unmatched,UA,Ukraine,,,,,,,,,unmatched
7064,global_backlog,review,UA,Ukraine,,,,,,,,,held_alias_without_clean_domain_agreement
7065,global_backlog,review,UA,Ukraine,,,,,,,,,held_review_site_only
7066,global_backlog,unmatched,UA,Ukraine,,,,,,,,,unmatched
7067,global_backlog,unmatched,UA,Ukraine,,,,,,,,,unmatched
7068,global_backlog,review,UA,Ukraine,,,,,,,,,held_alias_without_clean_domain_agreement
7069,global_backlog,unmatched,UA,Ukraine,,,,,,,,,unmatched
7070,global_backlog,unmatched,UA,Ukraine,,,,,,,,,unmatched
7071,global_backlog,review,UA,Ukraine,,,,,,,,,held_alias_without_clean_domain_agreement
7072,global_backlog,review,UA,Ukraine,,,,,,,,,held_alias_without_clean_domain_agreement
7073,global_backlog,unmatched,UA,Ukraine,,,,,,,,,unmatched
7074,global_backlog,unmatched,UA,Ukraine,,,,,,,,,unmatched
7075,global_backlog,safe_active,UA,Ukraine,https://ror.org/053mxw461,Sevastopol National Technical University,active,694423,Sebastopol,Sevastopol City,44.60795,33.52134,safe_active_exact_name_only
7076,global_backlog,review,UA,Ukraine,,,,,,,,,held_review_site_only
7077,global_backlog,safe_active,UA,Ukraine,https://ror.org/00vnaf984,Sumy National Agrarian University,active,692194,Sumy,Sumy,50.9216,34.80029,safe_active_exact_name_only
7078,global_backlog,safe_active,UA,Ukraine,https://ror.org/01w60n236,Sumy State University,active,692194,Sumy,Sumy,50.9216,34.80029,safe_active_exact_name_site_agreement
7079,global_backlog,safe_active,UA,Ukraine,https://ror.org/04748z305,Taurida National V.I. Vernadsky University,active,693805,Simferopol,Crimea,44.95719,34.11079,safe_active_exact_name_only
7080,global_backlog,unmatched,UA,Ukraine,,,,,,,,,unmatched
7081,global_backlog,unmatched,UA,Ukraine,,,,,,,,,unmatched
7082,global_backlog,unmatched,UA,Ukraine,,,,,,,,,unmatched
7083,global_backlog,review,UA,Ukraine,,,,,,,,,held_alias_without_clean_domain_agreement
7084,global_backlog,unmatched,UA,Ukraine,,,,,,,,,unmatched
7085,global_backlog,inactive_history,UA,Ukraine,,,,,,,,,held_inactive_exact_name
7086,global_backlog,safe_active,UA,Ukraine,https://ror.org/00rwcdf75,Ukrainian National Forestry University,active,702550,Lviv,Lviv,49.83826,24.02324,safe_active_exact_name_only
7087,global_backlog,unmatched,UA,Ukraine,,,,,,,,,unmatched
7088,global_backlog,unmatched,UA,Ukraine,,,,,,,,,unmatched
7089,global_backlog,unmatched,UA,Ukraine,,,,,,,,,unmatched
7090,global_backlog,unmatched,UA,Ukraine,,,,,,,,,unmatched
7091,global_backlog,review,UA,Ukraine,,,,,,,,,held_review_site_only
7092,global_backlog,review,UG,Uganda,,,,,,,,,held_review_site_only
7093,global_backlog,safe_active,UG,Uganda,https://ror.org/02trpe492,Bugema University,active,232422,Kampala,Central Region,0.31628,32.58219,safe_active_exact_name_site_agreement
7094,global_backlog,safe_active,UG,Uganda,https://ror.org/035d9jb31,Busitema University,active,226110,Tororo,Eastern Region,0.69299,34.18085,safe_active_exact_name_site_agreement
7095,global_backlog,safe_active,UG,Uganda,https://ror.org/05397ce75,Busoga University,active,233275,Iganga,Eastern Region,0.60917,33.46861,safe_active_exact_name_site_agreement
7096,global_backlog,unmatched,UG,Uganda,,,,,,,,,unmatched
7097,global_backlog,safe_active,UG,Uganda,https://ror.org/042vepq05,Gulu University,active,233346,Gulu,Northern Region,2.77457,32.29899,safe_active_exact_name_site_agreement
7098,global_backlog,safe_active,UG,Uganda,https://ror.org/03ph49z03,Islamic University in Uganda,active,229278,Mbale,Eastern Region,1.08209,34.17503,safe_active_exact_name_site_agreement
7099,global_backlog,safe_active,UG,Uganda,https://ror.org/017g82c94,Kampala International University,active,232422,Kampala,Central Region,0.31628,32.58219,safe_active_exact_name_site_agreement
7100,global_backlog,safe_active,UG,Uganda,https://ror.org/014khff20,Kampala University,active,232422,Kampala,Central Region,0.31628,32.58219,safe_active_exact_name_site_agreement
7101,global_backlog,safe_active,UG,Uganda,https://ror.org/01wb6tr49,Kyambogo University,active,232422,Kampala,Central Region,0.31628,32.58219,safe_active_exact_name_site_agreement
7102,global_backlog,safe_active,UG,Uganda,https://ror.org/03dmz0111,Makerere University,active,232422,Kampala,Central Region,0.31628,32.58219,safe_active_exact_name_site_agreement
7103,global_backlog,safe_active,UG,Uganda,https://ror.org/01bkn5154,Mbarara University of Science and Technology,active,229268,Mbarara,Western Region,-0.60467,30.64851,safe_active_exact_name_site_agreement
7104,global_backlog,safe_active,UG,Uganda,https://ror.org/03s5r1026,Mountains of the Moon University,active,233476,Fort Portal,Western Region,0.66174,30.2748,safe_active_exact_name_site_agreement
7105,global_backlog,review,UG,Uganda,,,,,,,,,held_review_site_only
7106,global_backlog,safe_active,UG,Uganda,https://ror.org/00nmq1179,Ndejje University,active,232422,Kampala,Central Region,0.31628,32.58219,safe_active_exact_name_site_agreement
7107,global_backlog,safe_active,UG,Uganda,https://ror.org/057mqf960,Nkumba University,active,233508,Entebbe,Central Region,0.05621,32.47949,safe_active_exact_name_site_agreement
7108,global_backlog,review,UG,Uganda,,,,,,,,,held_inactive_name_conflict
7109,global_backlog,safe_active,UG,Uganda,https://ror.org/007pr2d48,Uganda Christian University,active,228853,Mukono,Central Region,0.35333,32.75528,safe_active_exact_name_site_agreement
7110,global_backlog,review,UG,Uganda,,,,,,,,,held_review_site_only
9185,global_backlog,unmatched,UY,Uruguay,,,,,,,,,unmatched
9186,global_backlog,safe_active,UY,Uruguay,https://ror.org/019xvpc30,Universidad Católica del Uruguay,active,3441575,Montevideo,Montevideo Department,-34.90328,-56.18816,safe_active_exact_name_site_agreement
9187,global_backlog,review,UY,Uruguay,,,,,,,,,held_review_site_only
9188,global_backlog,review,UY,Uruguay,,,,,,,,,held_alias_without_clean_domain_agreement
9189,global_backlog,safe_active,UY,Uruguay,https://ror.org/05w626e73,Universidad de Montevideo,active,3441575,Montevideo,Montevideo Department,-34.90328,-56.18816,safe_active_exact_name_site_agreement
9190,global_backlog,safe_active,UY,Uruguay,https://ror.org/03ypykr22,Universidad ORT Uruguay,active,3441575,Montevideo,Montevideo Department,-34.90328,-56.18816,safe_active_exact_name_site_agreement
9191,global_backlog,unmatched,UZ,Uzbekistan,,,,,,,,,unmatched
9192,global_backlog,unmatched,UZ,Uzbekistan,,,,,,,,,unmatched
9193,global_backlog,unmatched,UZ,Uzbekistan,,,,,,,,,unmatched
9194,global_backlog,unmatched,UZ,Uzbekistan,,,,,,,,,unmatched
9195,global_backlog,safe_active,UZ,Uzbekistan,https://ror.org/011647w73,National University of Uzbekistan,active,1512569,Tashkent,Tashkent,41.26465,69.21627,safe_active_exact_name_site_agreement
9196,global_backlog,review,UZ,Uzbekistan,,,,,,,,,held_review_site_only
9197,global_backlog,safe_active,UZ,Uzbekistan,https://ror.org/02b6gy972,Samarkand State University named after Sharof Rashidov,active,1216265,Samarkand,Samarqand Region,39.65417,66.95972,safe_active_exact_name_site_agreement
9198,global_backlog,unmatched,UZ,Uzbekistan,,,,,,,,,unmatched
9199,global_backlog,review,UZ,Uzbekistan,,,,,,,,,held_alias_without_clean_domain_agreement
9200,global_backlog,review,UZ,Uzbekistan,,,,,,,,,held_review_site_only
9201,global_backlog,inactive_history,UZ,Uzbekistan,,,,,,,,,held_inactive_exact_name
9202,global_backlog,safe_active,UZ,Uzbekistan,https://ror.org/00ste1919,Tashkent Pharmaceutical Institute,active,1512569,Tashkent,Tashkent,41.26465,69.21627,safe_active_exact_name_site_agreement
9203,global_backlog,review,UZ,Uzbekistan,,,,,,,,,held_review_site_only
9204,global_backlog,safe_active,UZ,Uzbekistan,https://ror.org/05gr4mx33,Tashkent State Agrarian University,active,1512569,Tashkent,Tashkent,41.26465,69.21627,safe_active_exact_name_only
9205,global_backlog,safe_active,UZ,Uzbekistan,https://ror.org/01bmg2a15,Tashkent State Technical University named after Islam Karimov,active,1512569,Tashkent,Tashkent,41.26465,69.21627,safe_active_exact_name_site_agreement
9206,global_backlog,safe_active,UZ,Uzbekistan,https://ror.org/029t9db68,Tashkent State University of Economics,active,1512569,Tashkent,Tashkent,41.26465,69.21627,safe_active_exact_name_only
9207,global_backlog,safe_active,UZ,Uzbekistan,https://ror.org/03d53xe41,Tashkent State University of Oriental Studies,active,1512569,Tashkent,Tashkent,41.26465,69.21627,safe_active_exact_name_only
9208,global_backlog,review,UZ,Uzbekistan,,,,,,,,,held_review_site_only
9209,global_backlog,review,UZ,Uzbekistan,,,,,,,,,held_review_site_only
9210,global_backlog,safe_active,UZ,Uzbekistan,https://ror.org/043dtk166,University of World Economy and Diplomacy,active,1512569,Tashkent,Tashkent,41.26465,69.21627,safe_active_exact_name_site_agreement
9211,global_backlog,review,UZ,Uzbekistan,,,,,,,,,held_review_site_only
9212,global_backlog,safe_active,UZ,Uzbekistan,https://ror.org/032vgar48,Westminster International University in Tashkent,active,1512569,Tashkent,Tashkent,41.26465,69.21627,safe_active_exact_name_site_agreement
9213,global_backlog,review,VA,Vatican City,,,,,,,,,held_review_site_only
9214,global_backlog,unmatched,VA,Vatican City,,,,,,,,,unmatched
9215,global_backlog,unmatched,VA,Vatican City,,,,,,,,,unmatched
9216,global_backlog,review,VA,Vatican City,,,,,,,,,held_review_site_only
9217,global_backlog,review,VA,Vatican City,,,,,,,,,held_review_site_only
9218,global_backlog,unmatched,VA,Vatican City,,,,,,,,,unmatched
9219,global_backlog,unmatched,VC,St Vincent and Grenadines,,,,,,,,,unmatched
9220,global_backlog,safe_active,VE,Venezuela,https://ror.org/04xxs0n60,Universidad Bicentenaria de Aragua,active,3625829,Turmero,Aragua,10.22856,-67.47421,safe_active_exact_name_site_agreement
9221,global_backlog,safe_active,VE,Venezuela,https://ror.org/03thbf157,Bolivarian University of Venezuela,active,3646738,Caracas,Distrito Federal,10.48801,-66.87919,safe_active_exact_name_site_agreement
9222,global_backlog,review,VE,Venezuela,,,,,,,,,held_review_site_only
9223,global_backlog,safe_active,VE,Venezuela,https://ror.org/01cbeee29,Universidad Católica Cecilio Acosta,active,3633009,Maracaibo,Zulia,10.66663,-71.61245,safe_active_exact_name_site_agreement
9224,global_backlog,safe_active,VE,Venezuela,https://ror.org/05cqge031,Universidad Católica del Táchira,active,3628473,San Cristóbal,Táchira,7.76694,-72.225,safe_active_exact_name_site_agreement
9225,global_backlog,safe_active,VE,Venezuela,https://ror.org/05kacnm89,Central University of Venezuela,active,3646738,Caracas,Distrito Federal,10.48801,-66.87919,safe_active_exact_name_site_agreement
9226,global_backlog,review,VE,Venezuela,,,,,,,,,held_review_site_only
9227,global_backlog,safe_active,VE,Venezuela,https://ror.org/05sj7yp62,University of Carabobo,active,3625549,Valencia,Carabobo,10.16202,-68.00765,safe_active_exact_name_site_agreement
9228,global_backlog,safe_active,VE,Venezuela,https://ror.org/02h1b1x27,University of the Andes,active,3632308,Merida,Mérida,8.58972,-71.15611,safe_active_exact_name_site_agreement
9229,global_backlog,safe_active,VE,Venezuela,https://ror.org/04vy5s568,Universidad del Zulia,active,3633009,Maracaibo,Zulia,10.64232,-71.61089,safe_active_exact_name_only
9230,global_backlog,safe_active,VE,Venezuela,https://ror.org/03xygw105,Universidad de Oriente,active,3644768,Cumaná,Sucre,10.45397,-64.18256,safe_active_exact_name_site_agreement
9231,global_backlog,review,VE,Venezuela,,,,,,,,,held_review_site_only
9232,global_backlog,review,VE,Venezuela,,,,,,,,,held_review_site_only
9233,global_backlog,review,VE,Venezuela,,,,,,,,,held_alias_without_clean_domain_agreement
9234,global_backlog,safe_active,VE,Venezuela,https://ror.org/03d6w0229,Universidad José Antonio Páez,active,3625549,Valencia,Carabobo,10.16202,-68.00765,safe_active_exact_name_site_agreement
9235,global_backlog,review,VE,Venezuela,,,,,,,,,held_review_site_only
9236,global_backlog,safe_active,VE,Venezuela,https://ror.org/046np5693,Metropolitan University,active,3646738,Caracas,Distrito Federal,10.48801,-66.87919,safe_active_exact_name_site_agreement
9237,global_backlog,safe_active,VE,Venezuela,https://ror.org/017qtn133,Universidad Monteávila,active,3646738,Caracas,Distrito Federal,10.48801,-66.87919,safe_active_exact_name_only
9238,global_backlog,safe_active,VE,Venezuela,https://ror.org/02gz76y84,Universidad Nacional Abierta,active,3646738,Caracas,Distrito Federal,10.48801,-66.87919,safe_active_exact_name_site_agreement
9239,global_backlog,safe_active,VE,Venezuela,https://ror.org/00qseeb08,Universidad Nacional Experimental de Guayana,active,3645528,Ciudad Guayana,Bolívar,8.35122,-62.64102,safe_active_exact_name_site_agreement
9240,global_backlog,review,VE,Venezuela,,,,,,,,,held_review_site_only
9241,global_backlog,safe_active,VE,Venezuela,https://ror.org/04382kq29,Universidad Nacional Experimental de los Llanos Occidentales Ezequiel Zamora,active,3648546,Barinas,Barinas,8.62064,-70.23105,safe_active_exact_name_site_agreement
9242,global_backlog,safe_active,VE,Venezuela,https://ror.org/00fr68j09,Universidad Nacional Experimental del Táchira,active,3628473,San Cristóbal,Táchira,7.76694,-72.225,safe_active_exact_name_site_agreement
9243,global_backlog,safe_active,VE,Venezuela,https://ror.org/02ybb5327,Universidad Nacional Experimental Francisco de Miranda,active,3645213,Coro,Falcón,11.4045,-69.67344,safe_active_exact_name_site_agreement
9244,global_backlog,safe_active,VE,Venezuela,https://ror.org/03mnvhz29,"Universidad Nacional Experimental Politécnica ""Antonio José de Sucre""",active,3648522,Barquisimeto,Lara,10.0647,-69.35703,safe_active_exact_name_site_agreement
9245,global_backlog,unmatched,VE,Venezuela,,,,,,,,,unmatched
9246,global_backlog,review,VE,Venezuela,,,,,,,,,held_review_site_only
9247,global_backlog,review,VE,Venezuela,,,,,,,,,held_review_site_only
9248,global_backlog,review,VE,Venezuela,,,,,,,,,held_review_site_only
9249,global_backlog,safe_active,VE,Venezuela,https://ror.org/02bb0ey42,Universidad Nueva Esparta,active,3646738,Caracas,Distrito Federal,10.48801,-66.87919,safe_active_exact_name_site_agreement
9250,global_backlog,safe_active,VE,Venezuela,https://ror.org/05xc4qj60,Libertador Experimental Pedagogical University,active,3646738,Caracas,Distrito Federal,10.48801,-66.87919,safe_active_exact_name_site_agreement
9251,global_backlog,safe_active,VE,Venezuela,https://ror.org/031j8q670,Rafael Urdaneta University,active,3633009,Maracaibo,Zulia,10.66663,-71.61245,safe_active_exact_name_site_agreement
9252,global_backlog,unmatched,VE,Venezuela,,,,,,,,,unmatched
9253,global_backlog,review,VE,Venezuela,,,,,,,,,held_review_site_only
9254,global_backlog,safe_active,VE,Venezuela,https://ror.org/03mvpvm42,Center Technological University,active,3640465,Guacara,Carabobo,10.22609,-67.877,safe_active_exact_name_site_agreement
9255,global_backlog,safe_active,VE,Venezuela,https://ror.org/03yzht074,Universidad Valle del Momboy,active,3625542,Valera,Trujillo,9.31778,-70.60361,safe_active_exact_name_site_agreement
9256,global_backlog,unmatched,VE,Venezuela,,,,,,,,,unmatched
9257,global_backlog,safe_active,VI,U.S. Virgin Islands,https://ror.org/034amfs97,University of the Virgin Islands,active,4796512,St Croix,Saint Croix Island,17.72751,-64.74698,safe_active_exact_name_site_agreement
9305,global_backlog,review,YE,Yemen,,,,,,,,,held_review_site_only
9306,global_backlog,safe_active,YE,Yemen,https://ror.org/04ajy5s58,Iman University,active,71137,Sanaa,Amanat Alasimah,15.35472,44.20667,safe_active_exact_name_site_agreement
9307,global_backlog,safe_active,YE,Yemen,https://ror.org/02rsbbb97,Al-Nasser University,active,71137,Sanaa,Amanat Alasimah,15.35452,44.20646,safe_active_exact_name_only
9308,global_backlog,review,YE,Yemen,,,,,,,,,held_alias_without_clean_domain_agreement
9309,global_backlog,safe_active,YE,Yemen,https://ror.org/05fkpm735,Hodeidah University,active,79415,Al Hudaydah,Al Hudaydah,14.79781,42.95452,safe_active_exact_name_only
9310,global_backlog,safe_active,YE,Yemen,https://ror.org/03ygqq617,Queen Arwa University,active,71137,Sanaa,Amanat Alasimah,15.35472,44.20667,safe_active_exact_name_only
9311,global_backlog,safe_active,YE,Yemen,https://ror.org/051kvhx87,Saba University,active,71137,Sanaa,Amanat Alasimah,15.35472,44.20667,safe_active_exact_name_site_agreement
9312,global_backlog,safe_active,YE,Yemen,https://ror.org/04hcvaf32,Sana'a University,active,71137,Sanaa,Amanat Alasimah,15.35472,44.20667,safe_active_exact_name_site_agreement
9313,global_backlog,safe_active,YE,Yemen,https://ror.org/03jwcxq96,Taiz University,active,70225,Taiz,Ta‘izz,13.57952,44.02091,safe_active_exact_name_site_agreement
9314,global_backlog,safe_active,YE,Yemen,https://ror.org/04tsbkh63,Thamar University,active,76184,Dhamār,Dhamār,14.54274,44.40514,safe_active_exact_name_only
9315,global_backlog,safe_active,YE,Yemen,https://ror.org/02w043707,University of Aden,active,415189,Aden,Aden,12.77944,45.03667,safe_active_exact_name_site_agreement
9316,global_backlog,safe_active,YE,Yemen,https://ror.org/01crf4k59,University of Modern Sciences,active,71137,Sanaa,Amanat Alasimah,15.35472,44.20667,safe_active_exact_name_site_agreement
9317,global_backlog,review,YE,Yemen,,,,,,,,,held_site_name_conflict
9318,global_backlog,safe_active,YE,Yemen,https://ror.org/022jg8f66,Yemenia University,active,71137,Sanaa,Amanat Alasimah,15.35472,44.20667,safe_active_exact_name_site_agreement
9319,global_backlog,safe_active,ZA,South Africa,https://ror.org/056e9h402,Cape Peninsula University of Technology,active,3369157,Cape Town,Western Cape,-33.92584,18.42322,safe_active_exact_name_site_agreement
9320,global_backlog,safe_active,ZA,South Africa,https://ror.org/033z08192,Central University of Technology,active,1018725,Bloemfontein,Free State,-29.12107,26.214,safe_active_exact_name_site_agreement
9321,global_backlog,review,ZA,South Africa,,,,,,,,,held_alias_without_clean_domain_agreement
9322,global_backlog,review,ZA,South Africa,,,,,,,,,held_alias_without_clean_domain_agreement
9323,global_backlog,safe_active,ZA,South Africa,https://ror.org/016sewp10,Rhodes University,active,1000501,Grahamstown,Eastern Cape,-33.30422,26.53276,safe_active_exact_name_site_agreement
9324,global_backlog,safe_active,ZA,South Africa,https://ror.org/037mrss42,Tshwane University of Technology,active,964137,Pretoria,Gauteng,-25.74486,28.18783,safe_active_exact_name_site_agreement
9325,global_backlog,safe_active,ZA,South Africa,https://ror.org/03p74gp79,University of Cape Town,active,7302802,Rondebosch,Western Cape,-33.96333,18.47639,safe_active_exact_name_site_agreement
9326,global_backlog,safe_active,ZA,South Africa,https://ror.org/0184vwv17,University of Fort Hare,active,1023332,Alice,Eastern Cape,-32.78749,26.8344,safe_active_exact_name_site_agreement
9327,global_backlog,safe_active,ZA,South Africa,https://ror.org/04z6c2n17,University of Johannesburg,active,993800,Johannesburg,Gauteng,-26.20227,28.04363,safe_active_exact_name_site_agreement
9328,global_backlog,safe_active,ZA,South Africa,https://ror.org/04qzfn040,University of KwaZulu-Natal,active,1007311,Durban,KwaZulu-Natal,-29.8579,31.0292,safe_active_exact_name_site_agreement
9329,global_backlog,safe_active,ZA,South Africa,https://ror.org/017p87168,University of Limpopo,active,965289,Polokwane,Limpopo,-23.90449,29.46885,safe_active_exact_name_site_agreement
9330,global_backlog,unmatched,ZA,South Africa,,,,,,,,,unmatched
9331,global_backlog,safe_active,ZA,South Africa,https://ror.org/00g0p6g84,University of Pretoria,active,964137,Pretoria,Gauteng,-25.74486,28.18783,safe_active_exact_name_only
9332,global_backlog,safe_active,ZA,South Africa,https://ror.org/048cwvf49,University of South Africa,active,964137,Pretoria,Gauteng,-25.74486,28.18783,safe_active_exact_name_site_agreement
9333,global_backlog,safe_active,ZA,South Africa,https://ror.org/05bk57929,Stellenbosch University,active,3361025,Stellenbosch,Western Cape,-33.93462,18.86676,safe_active_exact_name_site_agreement
9334,global_backlog,safe_active,ZA,South Africa,https://ror.org/009xwd568,University of the Free State,active,1018725,Bloemfontein,Free State,-29.12107,26.214,safe_active_exact_name_only
9335,global_backlog,safe_active,ZA,South Africa,https://ror.org/00h2vm590,University of the Western Cape,active,3369157,Cape Town,Western Cape,-33.92584,18.42322,safe_active_exact_name_site_agreement
9336,global_backlog,safe_active,ZA,South Africa,https://ror.org/0338xea48,University of Venda,active,949224,Thohoyandou,Limpopo,-22.94564,30.48497,safe_active_exact_name_site_agreement
9337,global_backlog,review,ZA,South Africa,,,,,,,,,held_review_site_only
9338,global_backlog,safe_active,ZA,South Africa,https://ror.org/03v8ter60,University of Zululand,active,1005544,Empangeni,KwaZulu-Natal,-28.76197,31.89329,safe_active_exact_name_only
9339,global_backlog,safe_active,ZA,South Africa,https://ror.org/05ey7mm31,Vaal University of Technology,active,944986,Vanderbijlpark,Gauteng,-26.71171,27.83795,safe_active_exact_name_site_agreement
9340,global_backlog,review,ZA,South Africa,,,,,,,,,held_review_site_only
9341,global_backlog,review,ZM,Zambia,,,,,,,,,held_review_site_only
9342,global_backlog,safe_active,ZM,Zambia,https://ror.org/03fgtjr33,Copperbelt University,active,911148,Kitwe,Copperbelt,-12.80243,28.21323,safe_active_exact_name_site_agreement
9343,global_backlog,safe_active,ZM,Zambia,https://ror.org/02vmcxs72,Mulungushi University,active,916095,Kabwe,Central Province,-14.4469,28.44644,safe_active_exact_name_site_agreement
9344,global_backlog,safe_active,ZM,Zambia,https://ror.org/03vgyhc77,Northrise University,active,901344,Ndola,Copperbelt,-12.95867,28.63659,safe_active_exact_name_only
9345,global_backlog,safe_active,ZM,Zambia,https://ror.org/0522zyy65,Rusangu University,active,906044,Monze,Southern Province,-16.28333,27.48333,safe_active_exact_name_only
9346,global_backlog,safe_active,ZM,Zambia,https://ror.org/00603mc70,University of Lusaka,active,909137,Lusaka,Lusaka Province,-15.40669,28.28713,safe_active_exact_name_site_agreement
9347,global_backlog,safe_active,ZM,Zambia,https://ror.org/03gh19d69,University of Zambia,active,909137,Lusaka,Lusaka Province,-15.40669,28.28713,safe_active_exact_name_site_agreement
9348,global_backlog,safe_active,ZM,Zambia,https://ror.org/00vz50m28,Zambian Open University,active,909137,Lusaka,Lusaka Province,-15.40669,28.28713,safe_active_exact_name_site_agreement
9349,global_backlog,safe_active,ZW,Zimbabwe,https://ror.org/04dj2za52,Africa University,active,884979,Mutare,Manicaland,-18.9707,32.67086,safe_active_exact_name_site_agreement
9350,global_backlog,safe_active,ZW,Zimbabwe,https://ror.org/042zvmz29,Bindura University of Science Education,active,895061,Bindura,Mashonaland Central,-17.30192,31.33056,safe_active_exact_name_site_agreement
9351,global_backlog,review,ZW,Zimbabwe,,,,,,,,,held_review_site_only
9352,global_backlog,safe_active,ZW,Zimbabwe,https://ror.org/005f4y685,Chinhoyi University of Technology,active,893697,Chinhoyi,Mashonaland West,-17.36667,30.2,safe_active_exact_name_site_agreement
9353,global_backlog,safe_active,ZW,Zimbabwe,https://ror.org/00wn5gw44,Great Zimbabwe University,active,886763,Masvingo,Masvingo Province,-20.06373,30.82766,safe_active_exact_name_site_agreement
9354,global_backlog,safe_active,ZW,Zimbabwe,https://ror.org/02e7r0h80,Harare Institute of Technology,active,890299,Harare,Harare,-17.82772,31.05337,safe_active_exact_name_site_agreement
9355,global_backlog,safe_active,ZW,Zimbabwe,https://ror.org/05fzhrv79,Lupane State University,active,894701,Bulawayo,Bulawayo,-20.15,28.58333,safe_active_exact_name_site_agreement
9356,global_backlog,safe_active,ZW,Zimbabwe,https://ror.org/02gv1gw80,Midlands State University,active,890422,Gweru,Midlands Province,-19.45,29.81667,safe_active_exact_name_only
9357,global_backlog,review,ZW,Zimbabwe,,,,,,,,,held_review_site_only
9358,global_backlog,safe_active,ZW,Zimbabwe,https://ror.org/020bm8k34,Reformed Church University,active,886763,Masvingo,Masvingo Province,-20.06373,30.82766,safe_active_exact_name_site_agreement
9359,global_backlog,safe_active,ZW,Zimbabwe,https://ror.org/00c9gh315,Solusi University,active,894701,Bulawayo,Bulawayo,-20.15,28.58333,safe_active_exact_name_site_agreement
9360,global_backlog,safe_active,ZW,Zimbabwe,https://ror.org/04ze6rb18,University of Zimbabwe,active,890299,Harare,Harare,-17.82772,31.05337,safe_active_exact_name_site_agreement
9361,global_backlog,safe_active,ZW,Zimbabwe,https://ror.org/05hdq6q33,Women's University in Africa,active,890299,Harare,Harare,-17.82772,31.05337,safe_active_exact_name_site_agreement
9362,global_backlog,safe_active,ZW,Zimbabwe,https://ror.org/052ygfd66,Zimbabwe Ezekiel Guti University,active,895061,Bindura,Mashonaland Central,-17.30192,31.33056,safe_active_exact_name_site_agreement
9363,global_backlog,safe_active,ZW,Zimbabwe,https://ror.org/05kyrk544,Zimbabwe Open University,active,890299,Harare,Harare,-17.82772,31.05337,safe_active_exact_name_site_agreement
