source_row_number,scope_group,classification,source_country,source_country_name,ror_id,ror_name,ror_status,geonames_id,locality,subdivision_name,latitude,longitude,match_method
2,fta_partner,safe_active,AE,United Arab Emirates,https://ror.org/01r3kjq03,Abu Dhabi University,active,292968,Abu Dhabi,Abu Dhabi,24.45118,54.39696,safe_active_exact_name_site_agreement
3,fta_partner,safe_active,AE,United Arab Emirates,https://ror.org/01j1rma10,Ajman University,active,292932,Ajman,Ajman,25.40177,55.47878,safe_active_exact_name_site_agreement
4,fta_partner,unmatched,AE,United Arab Emirates,,,,,,,,,unmatched
5,fta_partner,safe_active,AE,United Arab Emirates,https://ror.org/05y8x6h30,Al Ghurair University,active,292223,Dubai,Dubai,25.07725,55.30927,safe_active_exact_name_site_agreement
6,fta_partner,safe_active,AE,United Arab Emirates,https://ror.org/00fkbtp02,Alhosn University,active,292968,Abu Dhabi,Abu Dhabi,24.45118,54.39696,safe_active_exact_name_site_agreement
7,fta_partner,safe_active,AE,United Arab Emirates,https://ror.org/04s2w8b69,Al Khawarizmi International College,active,292968,Abu Dhabi,Abu Dhabi,24.45118,54.39696,safe_active_exact_name_only
8,fta_partner,safe_active,AE,United Arab Emirates,https://ror.org/0352adn16,American College of Dubai,active,292223,Dubai,Dubai,25.07725,55.30927,safe_active_exact_name_only
9,fta_partner,safe_active,AE,United Arab Emirates,https://ror.org/0540vvc38,American University in Dubai,active,292223,Dubai,Dubai,25.07725,55.30927,safe_active_exact_name_site_agreement
10,fta_partner,safe_active,AE,United Arab Emirates,https://ror.org/056c6h780,American University in the Emirates,active,292223,Dubai,Dubai,25.07725,55.30927,safe_active_exact_name_site_agreement
11,fta_partner,safe_active,AE,United Arab Emirates,https://ror.org/001g2fj96,American University of Sharjah,active,292672,Sharjah,Sharjah,25.33737,55.41206,safe_active_exact_name_site_agreement
12,fta_partner,safe_active,AE,United Arab Emirates,https://ror.org/00mc18523,British University in Dubai,active,292223,Dubai,Dubai,25.07725,55.30927,safe_active_exact_name_site_agreement
13,fta_partner,safe_active,AE,United Arab Emirates,https://ror.org/05nydfs77,Dubai Medical College,active,292223,Dubai,Dubai,25.07725,55.30927,safe_active_exact_name_site_agreement
14,fta_partner,safe_active,AE,United Arab Emirates,https://ror.org/013aq5m10,Dubai Pharmacy College,active,292223,Dubai,Dubai,25.07725,55.30927,safe_active_exact_name_site_agreement
15,fta_partner,unmatched,AE,United Arab Emirates,,,,,,,,,unmatched
16,fta_partner,safe_active,AE,United Arab Emirates,https://ror.org/02kaerj47,Gulf Medical University,active,292932,Ajman,Ajman,25.40177,55.47878,safe_active_exact_name_site_agreement
17,fta_partner,review,AE,United Arab Emirates,,,,,,,,,held-alias-without-clean-domain-agreement
18,fta_partner,safe_active,AE,United Arab Emirates,https://ror.org/00qmy9z88,Higher Colleges of Technology,active,292968,Abu Dhabi,Abu Dhabi,24.45118,54.39696,safe_active_exact_name_site_agreement
19,fta_partner,safe_active,AE,United Arab Emirates,https://ror.org/01hd68v37,Ittihad University,active,291074,Ras al-Khaimah,Raʼs al Khaymah,25.78953,55.9432,safe_active_exact_name_only
20,fta_partner,safe_active,AE,United Arab Emirates,https://ror.org/0574he388,Jumeira University,active,292223,Dubai,Dubai,25.07725,55.30927,safe_active_exact_name_site_agreement
21,fta_partner,review,AE,United Arab Emirates,,,,,,,,,held-alias-without-clean-domain-agreement
22,fta_partner,review,AE,United Arab Emirates,,,,,,,,,held_review_site_only
23,fta_partner,review,AE,United Arab Emirates,,,,,,,,,held_review_site_only
24,fta_partner,safe_active,AE,United Arab Emirates,https://ror.org/00e5k0821,New York University Abu Dhabi,active,292968,Abu Dhabi,Abu Dhabi,24.45118,54.39696,safe_active_exact_name_site_agreement
25,fta_partner,safe_active,AE,United Arab Emirates,https://ror.org/03e1ymy32,Sorbonne University Abu Dhabi,active,292968,Abu Dhabi,Abu Dhabi,24.45118,54.39696,safe_active_exact_name_site_agreement
26,fta_partner,review,AE,United Arab Emirates,,,,,,,,,held_review_site_only
27,fta_partner,safe_active,AE,United Arab Emirates,https://ror.org/03zmfa837,Rochester Institute of Technology - Dubai,active,292223,Dubai,Dubai,25.07725,55.30927,safe_active_exact_name_only
28,fta_partner,review,AE,United Arab Emirates,,,,,,,,,held_review_site_only
29,fta_partner,review,AE,United Arab Emirates,,,,,,,,,held_review_site_only
30,fta_partner,unmatched,AE,United Arab Emirates,,,,,,,,,unmatched
31,fta_partner,unmatched,AE,United Arab Emirates,,,,,,,,,unmatched
32,fta_partner,safe_active,AE,United Arab Emirates,https://ror.org/01km6p862,United Arab Emirates University,active,292913,Al Ain,Abu Dhabi,24.19167,55.76056,safe_active_exact_name_site_agreement
33,fta_partner,safe_active,AE,United Arab Emirates,https://ror.org/05h0z7c09,University of Dubai,active,292223,Dubai,Dubai,25.07725,55.30927,safe_active_exact_name_site_agreement
34,fta_partner,safe_active,AE,United Arab Emirates,https://ror.org/002mja273,University of Jazeera,active,292223,Dubai,Dubai,25.07725,55.30927,safe_active_exact_name_only
35,fta_partner,safe_active,AE,United Arab Emirates,https://ror.org/00engpz63,University of Sharjah,active,292672,Sharjah,Sharjah,25.33737,55.41206,safe_active_exact_name_site_agreement
36,fta_partner,review,AE,United Arab Emirates,,,,,,,,,held_review_site_only
37,fta_partner,safe_active,AE,United Arab Emirates,https://ror.org/03snqfa66,Zayed University,active,292968,Abu Dhabi,Abu Dhabi,24.45118,54.39696,safe_active_exact_name_site_agreement
209,eu_framework,safe_active,AT,Austria,https://ror.org/029djt864,Akademie der bildenden Künste Wien,active,2761369,Vienna,Vienna,48.20849,16.37208,safe_active_exact_name_site_agreement
210,eu_framework,safe_active,AT,Austria,https://ror.org/03ef4a036,Universität für Weiterbildung Krems,active,2773549,Krems,Lower Austria,48.40921,15.61415,safe_active_exact_name_site_agreement
211,eu_framework,safe_active,AT,Austria,https://ror.org/00t6gnv18,University of Applied Sciences Burgenland,active,2780190,Eisenstadt,Burgenland,47.84565,16.52327,safe_active_exact_name_site_agreement
212,eu_framework,review,AT,Austria,,,,,,,,,held_review_site_only
213,eu_framework,review,AT,Austria,,,,,,,,,held_review_site_only
214,eu_framework,unmatched,AT,Austria,,,,,,,,,unmatched
215,eu_framework,review,AT,Austria,,,,,,,,,held_review_site_only
216,eu_framework,review,AT,Austria,,,,,,,,,held_review_site_only
217,eu_framework,safe_active,AT,Austria,https://ror.org/0072dxg89,Fachhochschule Salzburg,active,2766824,Salzburg,Salzburg,47.79941,13.04399,safe_active_exact_name_only
218,eu_framework,review,AT,Austria,,,,,,,,,held-alias-without-clean-domain-agreement
219,eu_framework,safe_active,AT,Austria,https://ror.org/031wyx077,Vorarlberg University of Applied Sciences,active,2780741,Dornbirn,Vorarlberg,47.41427,9.74195,safe_active_exact_name_site_agreement
220,eu_framework,safe_active,AT,Austria,https://ror.org/03k7r0z51,Fachhochschule Wiener Neustadt,active,2761353,Wiener Neustadt,Lower Austria,47.80485,16.23196,safe_active_exact_name_site_agreement
221,eu_framework,unmatched,AT,Austria,,,,,,,,,unmatched
222,eu_framework,unmatched,AT,Austria,,,,,,,,,unmatched
223,eu_framework,unmatched,AT,Austria,,,,,,,,,unmatched
224,eu_framework,unmatched,AT,Austria,,,,,,,,,unmatched
225,eu_framework,unmatched,AT,Austria,,,,,,,,,unmatched
226,eu_framework,unmatched,AT,Austria,,,,,,,,,unmatched
227,eu_framework,unmatched,AT,Austria,,,,,,,,,unmatched
228,eu_framework,review,AT,Austria,,,,,,,,,held_review_site_only
229,eu_framework,safe_active,AT,Austria,https://ror.org/02n0bts35,Medical University of Graz,active,2778067,Graz,Styria,47.06733,15.44197,safe_active_exact_name_only
230,eu_framework,safe_active,AT,Austria,https://ror.org/03pt86f80,Innsbruck Medical University,active,2775220,Innsbruck,Tyrol,47.26266,11.39454,safe_active_exact_name_site_agreement
231,eu_framework,safe_active,AT,Austria,https://ror.org/05n3x4p02,Medical University of Vienna,active,2761369,Vienna,Vienna,48.20849,16.37208,safe_active_exact_name_only
232,eu_framework,safe_active,AT,Austria,https://ror.org/02fhfw393,Montanuniversität Leoben,active,2772649,Leoben,Styria,47.3765,15.09144,safe_active_exact_name_site_agreement
233,eu_framework,safe_active,AT,Austria,https://ror.org/02d0kps43,"UMIT - Private Universität für Gesundheitswissenschaften, Medizinische Informatik und Technik",active,2764958,Hall in Tirol,Tyrol,47.28333,11.51667,safe_active_exact_name_site_agreement
234,eu_framework,review,AT,Austria,,,,,,,,,held_review_site_only
235,eu_framework,safe_active,AT,Austria,https://ror.org/00d7xrm67,Graz University of Technology,active,2778067,Graz,Styria,47.06733,15.44197,safe_active_exact_name_site_agreement
236,eu_framework,review,AT,Austria,,,,,,,,,held-alias-without-clean-domain-agreement
237,eu_framework,safe_active,AT,Austria,https://ror.org/05yjy4360,University of Applied Arts Vienna,active,2761369,Vienna,Vienna,48.20849,16.37208,safe_active_exact_name_only
238,eu_framework,safe_active,AT,Austria,https://ror.org/057ff4y42,BOKU University,active,2761369,Vienna,Vienna,48.20849,16.37208,safe_active_exact_name_site_agreement
239,eu_framework,safe_active,AT,Austria,https://ror.org/02as55378,University of Arts and Industrial Design Linz,active,2772400,Linz,Upper Austria,48.30639,14.28611,safe_active_exact_name_only
240,eu_framework,safe_active,AT,Austria,https://ror.org/0541v4g57,University of Music and Performing Arts Graz,active,2778067,Graz,Styria,47.06667,15.45,safe_active_exact_name_site_agreement
241,eu_framework,safe_active,AT,Austria,https://ror.org/000ymgt65,University of Music and Performing Arts Vienna,active,2761369,Vienna,Vienna,48.20849,16.37208,safe_active_exact_name_site_agreement
242,eu_framework,unmatched,AT,Austria,,,,,,,,,unmatched
243,eu_framework,safe_active,AT,Austria,https://ror.org/054pv6659,Universität Innsbruck,active,2775220,Innsbruck,Tyrol,47.26266,11.39454,safe_active_exact_name_site_agreement
244,eu_framework,safe_active,AT,Austria,https://ror.org/05q9m0937,University of Klagenfurt,active,2774326,Klagenfurt,Carinthia,46.62472,14.30528,safe_active_exact_name_only
245,eu_framework,unmatched,AT,Austria,,,,,,,,,unmatched
246,eu_framework,safe_active,AT,Austria,https://ror.org/00tfmqe91,Mozarteum University of Salzburg,active,2766824,Salzburg,Salzburg,47.79941,13.04399,safe_active_exact_name_site_agreement
247,eu_framework,unmatched,AT,Austria,,,,,,,,,unmatched
248,eu_framework,review,AT,Austria,,,,,,,,,held_review_site_only
249,eu_framework,safe_active,AT,Austria,https://ror.org/01w6qp003,University of Veterinary Medicine Vienna,active,2761369,Vienna,Vienna,48.20849,16.37208,safe_active_exact_name_only
250,eu_framework,safe_active,AT,Austria,https://ror.org/03nhjjj32,Webster Vienna Private University,active,2761369,Vienna,Vienna,48.20849,16.37208,safe_active_exact_name_site_agreement
251,eu_framework,safe_active,AT,Austria,https://ror.org/03yn8s215,Vienna University of Economics and Business,active,2761369,Vienna,Vienna,48.20849,16.37208,safe_active_exact_name_only
252,oceania,safe_active,AU,Australia,https://ror.org/04cxm4j25,Australian Catholic University,active,2174003,Brisbane,Queensland,-27.46794,153.02809,automatic-strict-name
253,oceania,unmatched,AU,Australia,,,,,,,,,unresolved
254,oceania,safe_active,AU,Australia,https://ror.org/02j5s7g39,Australian Defence Force Academy,active,2172517,Canberra,Australian Capital Territory,-35.28346,149.12807,automatic-strict-name
255,oceania,safe_active,AU,Australia,https://ror.org/00q7xcw45,Australian Lutheran College,active,8469169,North Adelaide,South Australia,-34.90733,138.59141,automatic-strict-name
256,oceania,safe_active,AU,Australia,https://ror.org/05fv9c840,Australian Maritime College,active,2155416,Newnham,Tasmania,-41.38969,147.11397,automatic-strict-name
257,oceania,safe_active,AU,Australia,https://ror.org/019wvm592,Australian National University,active,2172517,Canberra,Australian Capital Territory,-35.28346,149.12807,automatic-strict-name
258,oceania,review,AU,Australia,,,,,,,,,manual-candidate
259,oceania,safe_active,AU,Australia,https://ror.org/03n0gvg35,Batchelor Institute of Indigenous Tertiary Education,active,2073124,Darwin,Northern Territory,-12.46113,130.84185,automatic-strict-name
260,oceania,unmatched,AU,Australia,,,,,,,,,unresolved
261,oceania,safe_active,AU,Australia,https://ror.org/006jxzx88,Bond University,active,2165087,Gold Coast,Queensland,-28.00029,153.43088,automatic-strict-name
262,oceania,safe_active,AU,Australia,https://ror.org/023q4bk22,Central Queensland University,active,2151437,Rockhampton,Queensland,-23.38032,150.50595,automatic-strict-name
263,oceania,safe_active,AU,Australia,https://ror.org/048zcaj52,Charles Darwin University,active,2073124,Darwin,Northern Territory,-12.46113,130.84185,automatic-strict-name
264,oceania,safe_active,AU,Australia,https://ror.org/00wfvh315,Charles Sturt University,active,2176632,Bathurst,New South Wales,-33.41665,149.5806,automatic-strict-name
265,oceania,safe_active,AU,Australia,https://ror.org/02n415q13,Curtin University,active,2063523,Perth,Western Australia,-31.95224,115.8614,automatic-strict-name
266,oceania,safe_active,AU,Australia,https://ror.org/02czsnj07,Deakin University,active,7932622,Burwood,Victoria,-37.84978,145.11901,automatic-strict-name
267,oceania,safe_active,AU,Australia,https://ror.org/05jhnwe22,Edith Cowan University,active,2063523,Perth,Western Australia,-31.95224,115.8614,automatic-strict-name
268,oceania,safe_active,AU,Australia,https://ror.org/01kpzv902,Flinders University,active,2078025,Adelaide,South Australia,-34.92866,138.59863,automatic-strict-name
269,oceania,safe_active,AU,Australia,https://ror.org/02sc3r913,Griffith University,active,2174003,Brisbane,Queensland,-27.46794,153.02809,automatic-strict-name
270,oceania,unmatched,AU,Australia,,,,,,,,,unresolved
271,oceania,unmatched,AU,Australia,,,,,,,,,unresolved
272,oceania,unmatched,AU,Australia,,,,,,,,,unresolved
273,oceania,review,AU,Australia,,,,,,,,,manual-candidate
274,oceania,safe_active,AU,Australia,https://ror.org/01rxfrp27,La Trobe University,active,2158177,Melbourne,Victoria,-37.814,144.96332,automatic-strict-name
275,oceania,safe_active,AU,Australia,https://ror.org/01sf06y89,Macquarie University,active,2147714,Sydney,New South Wales,-33.86785,151.20732,automatic-strict-name
276,oceania,unmatched,AU,Australia,,,,,,,,,unresolved
277,oceania,safe_active,AU,Australia,https://ror.org/02bfwt286,Monash University,active,2158177,Melbourne,Victoria,-37.814,144.96332,automatic-strict-name
278,oceania,safe_active,AU,Australia,https://ror.org/00r4sry34,Murdoch University,active,2063523,Perth,Western Australia,-31.95224,115.8614,automatic-strict-name
279,oceania,safe_active,AU,Australia,https://ror.org/03pnv4752,Queensland University of Technology,active,2174003,Brisbane,Queensland,-27.46794,153.02809,automatic-strict-name
280,oceania,review,AU,Australia,,,,,,,,,manual-candidate
281,oceania,safe_active,AU,Australia,https://ror.org/001xkv632,Southern Cross University,active,2160063,Lismore,New South Wales,-28.81354,153.2773,automatic-strict-name
282,oceania,safe_active,AU,Australia,https://ror.org/031rekg67,Swinburne University of Technology,active,2158177,Melbourne,Victoria,-37.814,144.96332,automatic-strict-name
283,oceania,inactive_history,AU,Australia,,,,,,,,,automatic-strict-name
284,oceania,review,AU,Australia,,,,,,,,,manual-candidate
285,oceania,safe_active,AU,Australia,https://ror.org/04s1nv328,University of Canberra,active,2172517,Canberra,Australian Capital Territory,-35.28346,149.12807,automatic-strict-name
286,oceania,safe_active,AU,Australia,https://ror.org/02xn8bh65,University of Divinity,active,7932628,Kew East,Victoria,-37.79758,145.05378,automatic-strict-name
287,oceania,safe_active,AU,Australia,https://ror.org/01ej9dk98,The University of Melbourne,active,2158177,Melbourne,Victoria,-37.814,144.96332,automatic-strict-name
288,oceania,review,AU,Australia,,,,,,,,,held-domain-only-identity
289,oceania,safe_active,AU,Australia,https://ror.org/04r659a56,University of New England,active,2177671,Armidale,New South Wales,-30.50123,151.66553,automatic-strict-name
290,oceania,safe_active,AU,Australia,https://ror.org/03r8z3t63,UNSW Sydney,active,2147714,Sydney,New South Wales,-33.86785,151.20732,automatic-strict-name
291,oceania,review,AU,Australia,,,,,,,,,manual-candidate
292,oceania,safe_active,AU,Australia,https://ror.org/00rqy9422,The University of Queensland,active,2174003,Brisbane,Queensland,-27.46794,153.02809,automatic-strict-name
293,oceania,inactive_history,AU,Australia,,,,,,,,,automatic-strict-name
294,oceania,safe_active,AU,Australia,https://ror.org/04sjbnx57,University of Southern Queensland,active,2146268,Toowoomba,Queensland,-27.56056,151.95386,automatic-strict-name
295,oceania,review,AU,Australia,,,,,,,,,held-alias-without-domain-agreement
296,oceania,safe_active,AU,Australia,https://ror.org/01nfmeh72,University of Tasmania,active,2163355,Hobart,Tasmania,-42.87936,147.32941,automatic-strict-name
297,oceania,safe_active,AU,Australia,https://ror.org/03f0f6041,University of Technology Sydney,active,2147714,Sydney,New South Wales,-33.86785,151.20732,automatic-strict-name
298,oceania,safe_active,AU,Australia,https://ror.org/016gb9e15,University of the Sunshine Coast,active,10630449,Sunshine Coast,Queensland,-26.65682,153.07955,automatic-strict-name
299,oceania,safe_active,AU,Australia,https://ror.org/047272k79,The University of Western Australia,active,2063523,Perth,Western Australia,-31.95224,115.8614,automatic-strict-name
300,oceania,review,AU,Australia,,,,,,,,,held-alias-without-domain-agreement
301,oceania,safe_active,AU,Australia,https://ror.org/00jtmb277,University of Wollongong,active,2171507,Wollongong,New South Wales,-34.424,150.89345,automatic-strict-name
421,eu_framework,unmatched,BE,Belgium,,,,,,,,,unmatched
422,eu_framework,review,BE,Belgium,,,,,,,,,held_review_site_only
423,eu_framework,safe_active,BE,Belgium,https://ror.org/002kn6n54,Brussels School of International Studies,active,2800866,Brussels,Brussels Capital,50.85045,4.34878,safe_active_exact_name_only
424,eu_framework,safe_active,BE,Belgium,https://ror.org/0079jgp14,College of Europe,active,2800931,Bruges,Flanders,51.20892,3.22424,safe_active_exact_name_site_agreement
425,eu_framework,unmatched,BE,Belgium,,,,,,,,,unmatched
426,eu_framework,safe_active,BE,Belgium,https://ror.org/019axjh19,ECAM Institut Supérieur Industriel,active,2800866,Brussels,Brussels Capital,50.85045,4.34878,safe_active_exact_name_only
427,eu_framework,unmatched,BE,Belgium,,,,,,,,,unmatched
428,eu_framework,safe_active,BE,Belgium,https://ror.org/01767d733,Erasmus University College Brussels,active,2800866,Brussels,Brussels Capital,50.85045,4.34878,safe_active_exact_name_only
429,eu_framework,review,BE,Belgium,,,,,,,,,held_review_site_only
430,eu_framework,unmatched,BE,Belgium,,,,,,,,,unmatched
431,eu_framework,safe_active,BE,Belgium,https://ror.org/053e9nw85,Evangelical Theological Faculty,active,2792482,Leuven,Flanders,50.87959,4.70093,safe_active_exact_name_site_agreement
432,eu_framework,unmatched,BE,Belgium,,,,,,,,,unmatched
433,eu_framework,unmatched,BE,Belgium,,,,,,,,,unmatched
434,eu_framework,unmatched,BE,Belgium,,,,,,,,,unmatched
435,eu_framework,safe_active,BE,Belgium,https://ror.org/02ygek028,UCLouvain Saint-Louis Brussels,active,2800866,Brussels,Brussels Capital,50.85045,4.34878,safe_active_exact_name_only
436,eu_framework,review,BE,Belgium,,,,,,,,,held-alias-without-clean-domain-agreement
437,eu_framework,unmatched,BE,Belgium,,,,,,,,,unmatched
438,eu_framework,safe_active,BE,Belgium,https://ror.org/04nbhqj75,Hasselt University,active,2796491,Hasselt,Flanders,50.93106,5.33781,safe_active_exact_name_site_agreement
439,eu_framework,review,BE,Belgium,,,,,,,,,held_review_site_only
440,eu_framework,unmatched,BE,Belgium,,,,,,,,,unmatched
441,eu_framework,unmatched,BE,Belgium,,,,,,,,,unmatched
442,eu_framework,unmatched,BE,Belgium,,,,,,,,,unmatched
443,eu_framework,review,BE,Belgium,,,,,,,,,held_review_site_only
444,eu_framework,safe_active,BE,Belgium,https://ror.org/05acs9g96,Karel de Grote Hogeschool,active,2803138,Antwerp,Flanders,51.22047,4.40026,safe_active_exact_name_site_agreement
445,eu_framework,unmatched,BE,Belgium,,,,,,,,,unmatched
446,eu_framework,unmatched,BE,Belgium,,,,,,,,,unmatched
447,eu_framework,unmatched,BE,Belgium,,,,,,,,,unmatched
448,eu_framework,unmatched,BE,Belgium,,,,,,,,,unmatched
449,eu_framework,safe_active,BE,Belgium,https://ror.org/05f950310,KU Leuven,active,2792482,Leuven,Flanders,50.87959,4.70093,safe_active_exact_name_only
450,eu_framework,unmatched,BE,Belgium,,,,,,,,,unmatched
451,eu_framework,safe_active,BE,Belgium,https://ror.org/02vmnye06,Royal Military Academy,active,2800866,Brussels,Brussels Capital,50.85045,4.34878,safe_active_exact_name_site_agreement
452,eu_framework,unmatched,BE,Belgium,,,,,,,,,unmatched
453,eu_framework,unmatched,BE,Belgium,,,,,,,,,unmatched
454,eu_framework,review,BE,Belgium,,,,,,,,,held-alias-without-clean-domain-agreement
455,eu_framework,safe_active,BE,Belgium,https://ror.org/00afp2z80,University of Liège,active,2792413,Liège,Wallonia,50.63373,5.56749,safe_active_exact_name_only
456,eu_framework,unmatched,BE,Belgium,,,,,,,,,unmatched
457,eu_framework,safe_active,BE,Belgium,https://ror.org/008x57b05,University of Antwerp,active,2803138,Antwerp,Flanders,51.22047,4.40026,safe_active_exact_name_only
458,eu_framework,unmatched,BE,Belgium,,,,,,,,,unmatched
459,eu_framework,unmatched,BE,Belgium,,,,,,,,,unmatched
460,eu_framework,safe_active,BE,Belgium,https://ror.org/00cv9y106,Ghent University,active,2797656,Ghent,Flanders,51.05,3.71667,safe_active_exact_name_only
461,eu_framework,safe_active,BE,Belgium,https://ror.org/01r9htc13,Université Libre de Bruxelles,active,2800866,Brussels,Brussels Capital,50.85045,4.34878,safe_active_exact_name_only
462,eu_framework,safe_active,BE,Belgium,https://ror.org/025qq8j12,Vesalius College,active,2800866,Brussels,Brussels Capital,50.85045,4.34878,safe_active_exact_name_only
463,eu_framework,unmatched,BE,Belgium,,,,,,,,,unmatched
464,eu_framework,safe_active,BE,Belgium,https://ror.org/006e5kg04,Vrije Universiteit Brussel,active,2800866,Brussels,Brussels Capital,50.85045,4.34878,safe_active_exact_name_site_agreement
466,eu_framework,review,BG,Bulgaria,,,,,,,,,held_review_site_only
467,eu_framework,safe_active,BG,Bulgaria,https://ror.org/05m7h6793,"Academy of Music, Dance and Fine Arts",active,728193,Plovdiv,Plovdiv,42.15,24.75,safe_active_exact_name_only
468,eu_framework,review,BG,Bulgaria,,,,,,,,,held_review_site_only
469,eu_framework,safe_active,BG,Bulgaria,https://ror.org/05n8fe870,American University in Bulgaria,active,733191,Blagoevgrad,Blagoevgrad,42.01457,23.09804,safe_active_exact_name_only
470,eu_framework,review,BG,Bulgaria,,,,,,,,,held_review_site_only
471,eu_framework,review,BG,Bulgaria,,,,,,,,,held_review_site_only
472,eu_framework,unmatched,BG,Bulgaria,,,,,,,,,unmatched
473,eu_framework,safe_active,BG,Bulgaria,https://ror.org/01xaxtt28,Varna University of Management,active,726418,Dobrich,Dobrich,43.56667,27.83333,safe_active_exact_name_site_agreement
474,eu_framework,safe_active,BG,Bulgaria,https://ror.org/01n9zy652,Medical University of Sofia,active,727011,Sofia,Sofia-Capital,42.69751,23.32415,safe_active_exact_name_site_agreement
475,eu_framework,safe_active,BG,Bulgaria,https://ror.org/049ztct72,Medical University Pleven,active,728203,Pleven,Pleven,43.41667,24.61667,safe_active_exact_name_site_agreement
476,eu_framework,safe_active,BG,Bulgaria,https://ror.org/02kzxd152,Medical University Plovdiv,active,728193,Plovdiv,Plovdiv,42.15,24.75,safe_active_exact_name_site_agreement
477,eu_framework,review,BG,Bulgaria,,,,,,,,,held_review_site_only
478,eu_framework,unmatched,BG,Bulgaria,,,,,,,,,unmatched
479,eu_framework,unmatched,BG,Bulgaria,,,,,,,,,unmatched
480,eu_framework,safe_active,BG,Bulgaria,https://ror.org/01psx1920,National Academy of Arts,active,727011,Sofia,Sofia-Capital,42.69751,23.32415,safe_active_exact_name_only
481,eu_framework,review,BG,Bulgaria,,,,,,,,,held_review_site_only
482,eu_framework,review,BG,Bulgaria,,,,,,,,,held_review_site_only
483,eu_framework,safe_active,BG,Bulgaria,https://ror.org/002qhr126,New Bulgarian University,active,727011,Sofia,Sofia-Capital,42.69751,23.32415,safe_active_exact_name_site_agreement
484,eu_framework,unmatched,BG,Bulgaria,,,,,,,,,unmatched
485,eu_framework,safe_active,BG,Bulgaria,https://ror.org/02jv3k292,"Sofia University ""St. Kliment Ohridski""",active,727011,Sofia,Sofia-Capital,42.69751,23.32415,safe_active_exact_name_site_agreement
486,eu_framework,safe_active,BG,Bulgaria,https://ror.org/002wcjr61,"South-West University ""Neofit Rilski""",active,733191,Blagoevgrad,Blagoevgrad,42.01667,23.1,safe_active_exact_name_site_agreement
487,eu_framework,safe_active,BG,Bulgaria,https://ror.org/028d5by70,Technical University of Gabrovo,active,731549,Gabrovo,Gabrovo,42.87472,25.33417,safe_active_exact_name_site_agreement
488,eu_framework,safe_active,BG,Bulgaria,https://ror.org/052prhs50,Technical University of Sofia,active,727011,Sofia,Sofia-Capital,42.69751,23.32415,safe_active_exact_name_site_agreement
489,eu_framework,safe_active,BG,Bulgaria,https://ror.org/03zrwm897,Technical University of Varna,active,726050,Varna,Varna,43.21912,27.91024,safe_active_exact_name_only
490,eu_framework,unmatched,BG,Bulgaria,,,,,,,,,unmatched
491,eu_framework,safe_active,BG,Bulgaria,https://ror.org/033cz7157,"University of Architecture, Civil Engineering and Geodesy",active,727011,Sofia,Sofia-Capital,42.69751,23.32415,safe_active_exact_name_site_agreement
492,eu_framework,safe_active,BG,Bulgaria,https://ror.org/0402pty94,University of Chemical Technology and Metallurgy,active,727011,Sofia,Sofia-Capital,42.69751,23.32415,safe_active_exact_name_site_agreement
493,eu_framework,safe_active,BG,Bulgaria,https://ror.org/03g67sb77,University of Economics Varna,active,726050,Varna,Varna,43.21667,27.91667,safe_active_exact_name_site_agreement
494,eu_framework,review,BG,Bulgaria,,,,,,,,,held_review_site_only
495,eu_framework,review,BG,Bulgaria,,,,,,,,,held_review_site_only
496,eu_framework,review,BG,Bulgaria,,,,,,,,,held_review_site_only
497,eu_framework,safe_active,BG,Bulgaria,https://ror.org/017ph0934,University of National and World Economy,active,727011,Sofia,Sofia-Capital,42.69751,23.32415,safe_active_exact_name_only
498,eu_framework,review,BG,Bulgaria,,,,,,,,,held_review_site_only
499,eu_framework,unmatched,BG,Bulgaria,,,,,,,,,unmatched
500,eu_framework,safe_active,BG,Bulgaria,https://ror.org/00e97v486,Varna Free University,active,726050,Varna,Varna,43.21667,27.91667,safe_active_exact_name_site_agreement
501,eu_framework,review,BG,Bulgaria,,,,,,,,,held_review_site_only
521,fta_partner,review,BN,Brunei,,,,,,,,,held-alias-without-clean-domain-agreement
522,fta_partner,safe_active,BN,Brunei,https://ror.org/02gvn8796,Sultan Sharif Ali Islamic University,active,1820906,Bandar Seri Begawan,Brunei-Muara District,4.89035,114.94006,safe_active_exact_name_site_agreement
523,fta_partner,safe_active,BN,Brunei,https://ror.org/02qnf3n86,Universiti Brunei Darussalam,active,1820906,Bandar Seri Begawan,Brunei-Muara District,4.89035,114.94006,safe_active_exact_name_site_agreement
773,fta_partner,safe_active,CA,Canada,https://ror.org/00839we02,Acadia University,active,6183858,Wolfville,Nova Scotia,45.08345,-64.36546,safe_active_exact_name_only
774,fta_partner,safe_active,CA,Canada,https://ror.org/03jgjt094,Algonquin College,active,6094817,Ottawa,Ontario,45.41117,-75.69812,safe_active_exact_name_site_agreement
775,fta_partner,unmatched,CA,Canada,,,,,,,,,unmatched
776,fta_partner,safe_active,CA,Canada,https://ror.org/05c9jga87,Assumption University,active,6182962,Windsor,Ontario,42.30008,-83.01654,safe_active_exact_name_site_agreement
777,fta_partner,safe_active,CA,Canada,https://ror.org/01y3xgc52,Athabasca University,active,5887916,Athabasca,Alberta,54.71687,-113.28537,safe_active_exact_name_site_agreement
778,fta_partner,unmatched,CA,Canada,,,,,,,,,unmatched
779,fta_partner,safe_active,CA,Canada,https://ror.org/051prj435,Bishop's University,active,6146143,Sherbrooke,Quebec,45.40008,-71.89908,safe_active_exact_name_site_agreement
780,fta_partner,safe_active,CA,Canada,https://ror.org/01he0tp29,Bow Valley College,active,5913490,Calgary,Alberta,51.05011,-114.08529,safe_active_exact_name_site_agreement
781,fta_partner,safe_active,CA,Canada,https://ror.org/02qp25a50,Brandon University,active,5907896,Brandon,Manitoba,49.84692,-99.95306,safe_active_exact_name_site_agreement
782,fta_partner,review,CA,Canada,,,,,,,,,held_review_site_only
783,fta_partner,safe_active,CA,Canada,https://ror.org/01p65pg69,British Columbia Institute of Technology,active,5911606,Burnaby,British Columbia,49.26636,-122.95263,safe_active_exact_name_site_agreement
784,fta_partner,unmatched,CA,Canada,,,,,,,,,unmatched
785,fta_partner,safe_active,CA,Canada,https://ror.org/056am2717,Brock University,active,6155721,St. Catharines,Ontario,43.17126,-79.24267,safe_active_exact_name_site_agreement
786,fta_partner,safe_active,CA,Canada,https://ror.org/02v6aqf52,Camosun College,active,6174041,Victoria,British Columbia,48.4359,-123.35155,safe_active_exact_name_only
787,fta_partner,review,CA,Canada,,,,,,,,,held_site_name_conflict
788,fta_partner,unmatched,CA,Canada,,,,,,,,,unmatched
789,fta_partner,safe_active,CA,Canada,https://ror.org/046qgfw50,Canadian Mennonite University,active,6183235,Winnipeg,Manitoba,49.8844,-97.14704,safe_active_exact_name_site_agreement
790,fta_partner,unmatched,CA,Canada,,,,,,,,,unmatched
791,fta_partner,safe_active,CA,Canada,https://ror.org/02qtvee93,Carleton University,active,6094817,Ottawa,Ontario,45.41117,-75.69812,safe_active_exact_name_site_agreement
792,fta_partner,safe_active,CA,Canada,https://ror.org/05bhp3g52,Centennial College,active,6167865,Toronto,Ontario,43.70643,-79.39864,safe_active_exact_name_site_agreement
793,fta_partner,safe_active,CA,Canada,https://ror.org/0561z3j45,Collège Boréal,active,5964700,Sudbury,Ontario,46.49,-80.99001,safe_active_exact_name_only
794,fta_partner,safe_active,CA,Canada,https://ror.org/00w7ta717,College of New Caledonia,active,6113365,Prince George,British Columbia,53.9166,-122.75301,safe_active_exact_name_site_agreement
795,fta_partner,safe_active,CA,Canada,https://ror.org/03jxg4w44,College of the Rockies,active,5931800,Cranbrook,British Columbia,49.49991,-115.76879,safe_active_exact_name_site_agreement
796,fta_partner,safe_active,CA,Canada,https://ror.org/05fy98n62,Columbia College,active,6173331,Vancouver,British Columbia,49.24966,-123.11934,safe_active_exact_name_site_agreement
797,fta_partner,safe_active,CA,Canada,https://ror.org/0420zvk78,Concordia University,active,6077243,Montreal,Quebec,45.50884,-73.58781,safe_active_exact_name_site_agreement
798,fta_partner,safe_active,CA,Canada,https://ror.org/04013rx15,Concordia University of Edmonton,active,5946768,Edmonton,Alberta,53.55014,-113.46871,safe_active_exact_name_site_agreement
799,fta_partner,safe_active,CA,Canada,https://ror.org/01t8qhk85,Conestoga College,active,5992996,Kitchener,Ontario,43.42537,-80.5112,safe_active_exact_name_site_agreement
800,fta_partner,safe_active,CA,Canada,https://ror.org/01e6qks80,Dalhousie University,active,6324729,Halifax,Nova Scotia,44.64269,-63.57688,safe_active_exact_name_site_agreement
801,fta_partner,unmatched,CA,Canada,,,,,,,,,unmatched
802,fta_partner,review,CA,Canada,,,,,,,,,held-alias-without-clean-domain-agreement
803,fta_partner,safe_active,CA,Canada,https://ror.org/03wze7d53,Douglas College,active,6087844,New Westminster,British Columbia,49.20678,-122.91092,safe_active_exact_name_only
804,fta_partner,safe_active,CA,Canada,https://ror.org/03f9vhh95,Durham College,active,6094578,Oshawa,Ontario,43.90012,-78.84957,safe_active_exact_name_only
805,fta_partner,review,CA,Canada,,,,,,,,,held_review_site_only
806,fta_partner,review,CA,Canada,,,,,,,,,held_review_site_only
807,fta_partner,unmatched,CA,Canada,,,,,,,,,unmatched
808,fta_partner,review,CA,Canada,,,,,,,,,held_review_site_only
809,fta_partner,unmatched,CA,Canada,,,,,,,,,unmatched
810,fta_partner,safe_active,CA,Canada,https://ror.org/04zqj3g76,First Nations University of Canada,active,6119109,Regina,Saskatchewan,50.45008,-104.6178,safe_active_exact_name_only
811,fta_partner,safe_active,CA,Canada,https://ror.org/03e8vv411,George Brown College,active,6167865,Toronto,Ontario,43.70643,-79.39864,safe_active_exact_name_only
812,fta_partner,safe_active,CA,Canada,https://ror.org/05xv2md42,Humber Polytechnic,active,6167865,Toronto,Ontario,43.70643,-79.39864,safe_active_exact_name_site_agreement
813,fta_partner,review,CA,Canada,,,,,,,,,held-alias-without-clean-domain-agreement
814,fta_partner,unmatched,CA,Canada,,,,,,,,,unmatched
815,fta_partner,unmatched,CA,Canada,,,,,,,,,unmatched
816,fta_partner,review,CA,Canada,,,,,,,,,held_review_site_only
817,fta_partner,unmatched,CA,Canada,,,,,,,,,unmatched
818,fta_partner,review,CA,Canada,,,,,,,,,held_ambiguous_active_exact_name
819,fta_partner,unmatched,CA,Canada,,,,,,,,,unmatched
820,fta_partner,safe_active,CA,Canada,https://ror.org/023p7mg82,Lakehead University,active,6166142,Thunder Bay,Ontario,48.38202,-89.25018,safe_active_exact_name_site_agreement
821,fta_partner,safe_active,CA,Canada,https://ror.org/05qp50e50,Langara College,active,6173331,Vancouver,British Columbia,49.24966,-123.11934,safe_active_exact_name_only
822,fta_partner,unmatched,CA,Canada,,,,,,,,,unmatched
823,fta_partner,review,CA,Canada,,,,,,,,,held_review_site_only
824,fta_partner,unmatched,CA,Canada,,,,,,,,,unmatched
825,fta_partner,safe_active,CA,Canada,https://ror.org/003s89n44,MacEwan University,active,5946768,Edmonton,Alberta,53.55014,-113.46871,safe_active_exact_name_site_agreement
826,fta_partner,review,CA,Canada,,,,,,,,,held-alias-without-clean-domain-agreement
827,fta_partner,safe_active,CA,Canada,https://ror.org/01pxwe438,McGill University,active,6077243,Montreal,Quebec,45.50884,-73.58781,safe_active_exact_name_site_agreement
828,fta_partner,safe_active,CA,Canada,https://ror.org/02fa3aq29,McMaster University,active,5969782,Hamilton,Ontario,43.25011,-79.84963,safe_active_exact_name_site_agreement
829,fta_partner,safe_active,CA,Canada,https://ror.org/04haebc03,Memorial University of Newfoundland,active,6324733,St. John's,Newfoundland and Labrador,47.56494,-52.70931,safe_active_exact_name_only
830,fta_partner,safe_active,CA,Canada,https://ror.org/03grc6f14,Mount Allison University,active,6137063,Sackville,New Brunswick,45.89868,-64.36836,safe_active_exact_name_site_agreement
831,fta_partner,review,CA,Canada,,,,,,,,,held-alias-without-clean-domain-agreement
832,fta_partner,safe_active,CA,Canada,https://ror.org/03g3p3b82,Mount Saint Vincent University,active,6324729,Halifax,Nova Scotia,44.64269,-63.57688,safe_active_exact_name_site_agreement
833,fta_partner,unmatched,CA,Canada,,,,,,,,,unmatched
834,fta_partner,safe_active,CA,Canada,https://ror.org/05k14ba46,Nipissing University,active,6089426,North Bay,Ontario,46.3168,-79.46633,safe_active_exact_name_site_agreement
835,fta_partner,safe_active,CA,Canada,https://ror.org/056v48353,Northern Alberta Institute of Technology,active,5946768,Edmonton,Alberta,53.55014,-113.46871,safe_active_exact_name_site_agreement
836,fta_partner,unmatched,CA,Canada,,,,,,,,,unmatched
837,fta_partner,safe_active,CA,Canada,https://ror.org/05as1na60,North Island College,active,5930890,Courtenay,British Columbia,49.68657,-124.9936,safe_active_exact_name_site_agreement
838,fta_partner,unmatched,CA,Canada,,,,,,,,,unmatched
839,fta_partner,review,CA,Canada,,,,,,,,,held-alias-without-clean-domain-agreement
840,fta_partner,review,CA,Canada,,,,,,,,,held-alias-without-clean-domain-agreement
841,fta_partner,safe_active,CA,Canada,https://ror.org/059ncap70,Ontario College of Art and Design,active,6167865,Toronto,Ontario,43.70643,-79.39864,safe_active_exact_name_only
842,fta_partner,unmatched,CA,Canada,,,,,,,,,unmatched
843,fta_partner,safe_active,CA,Canada,https://ror.org/02y72wh86,Queen's University,active,5992500,Kingston,Ontario,44.22976,-76.48098,safe_active_exact_name_site_agreement
844,fta_partner,review,CA,Canada,,,,,,,,,held_review_site_only
845,fta_partner,safe_active,CA,Canada,https://ror.org/04qx1zg28,Redeemer University,active,8285452,Ancaster,Ontario,43.21806,-79.98716,safe_active_exact_name_site_agreement
846,fta_partner,safe_active,CA,Canada,https://ror.org/02xzjn598,Regent College,active,6173331,Vancouver,British Columbia,49.24966,-123.11934,safe_active_exact_name_site_agreement
847,fta_partner,safe_active,CA,Canada,https://ror.org/04yr71909,Royal Military College of Canada,active,5992500,Kingston,Ontario,44.22976,-76.48098,safe_active_exact_name_site_agreement
848,fta_partner,safe_active,CA,Canada,https://ror.org/05w4ste42,Royal Roads University,active,6174041,Victoria,British Columbia,48.4359,-123.35155,safe_active_exact_name_site_agreement
849,fta_partner,review,CA,Canada,,,,,,,,,held-alias-without-clean-domain-agreement
850,fta_partner,review,CA,Canada,,,,,,,,,held-alias-without-clean-domain-agreement
851,fta_partner,unmatched,CA,Canada,,,,,,,,,unmatched
852,fta_partner,safe_active,CA,Canada,https://ror.org/00gz95c92,Selkirk College,active,5918118,Castlegar,British Columbia,49.32317,-117.65831,safe_active_exact_name_only
853,fta_partner,review,CA,Canada,,,,,,,,,held-alias-without-clean-domain-agreement
854,fta_partner,safe_active,CA,Canada,https://ror.org/05jdsfp91,Sheridan College,active,6092122,Oakville,Ontario,43.45011,-79.68292,safe_active_exact_name_only
855,fta_partner,safe_active,CA,Canada,https://ror.org/0213rcc28,Simon Fraser University,active,5911606,Burnaby,British Columbia,49.26636,-122.95263,safe_active_exact_name_site_agreement
856,fta_partner,review,CA,Canada,,,,,,,,,held_review_site_only
857,fta_partner,unmatched,CA,Canada,,,,,,,,,unmatched
858,fta_partner,safe_active,CA,Canada,https://ror.org/02vds7q94,St. Clair College,active,6182962,Windsor,Ontario,42.30008,-83.01654,safe_active_exact_name_only
859,fta_partner,safe_active,CA,Canada,https://ror.org/01wcaxs37,St. Francis Xavier University,active,5886182,Antigonish,Nova Scotia,45.61685,-61.99858,safe_active_exact_name_site_agreement
860,fta_partner,safe_active,CA,Canada,https://ror.org/05y6c7y19,St. Mary's University,active,5913490,Calgary,Alberta,51.05011,-114.08529,safe_active_exact_name_only
861,fta_partner,review,CA,Canada,,,,,,,,,held_review_site_only
862,fta_partner,safe_active,CA,Canada,https://ror.org/05baznr53,St. Thomas University,active,5957776,Fredericton,New Brunswick,45.94541,-66.66558,safe_active_exact_name_only
863,fta_partner,unmatched,CA,Canada,,,,,,,,,unmatched
864,fta_partner,safe_active,CA,Canada,https://ror.org/01v9wj339,Thompson Rivers University,active,5989045,Kamloops,British Columbia,50.66648,-120.3192,safe_active_exact_name_site_agreement
865,fta_partner,safe_active,CA,Canada,https://ror.org/03ygmq230,Trent University,active,6101645,Peterborough,Ontario,44.30012,-78.31623,safe_active_exact_name_site_agreement
866,fta_partner,safe_active,CA,Canada,https://ror.org/01j2kd606,Trinity Western University,active,6049429,Langley,British Columbia,49.10107,-122.65883,safe_active_exact_name_site_agreement
867,fta_partner,safe_active,CA,Canada,https://ror.org/0161xgx34,Université de Montréal,active,6077243,Montreal,Quebec,45.50884,-73.58781,safe_active_exact_name_site_agreement
868,fta_partner,safe_active,CA,Canada,https://ror.org/00kybxq39,Université de Sherbrooke,active,6146143,Sherbrooke,Quebec,45.40008,-71.89908,safe_active_exact_name_only
869,fta_partner,safe_active,CA,Canada,https://ror.org/00y3hzd62,Université du Québec à Chicoutimi,active,6137270,Saguenay,Quebec,48.41675,-71.06573,safe_active_exact_name_site_agreement
870,fta_partner,safe_active,CA,Canada,https://ror.org/002rjbv21,Université du Québec à Montréal,active,6077243,Montreal,Quebec,45.50884,-73.58781,safe_active_exact_name_site_agreement
871,fta_partner,safe_active,CA,Canada,https://ror.org/049jtt335,Université du Québec à Rimouski,active,6354895,Rimouski,Quebec,48.44879,-68.52396,safe_active_exact_name_only
872,fta_partner,safe_active,CA,Canada,https://ror.org/02xrw9r68,Université du Québec à Trois-Rivières,active,6169141,Trois-Rivières,Quebec,46.34515,-72.5477,safe_active_exact_name_only
873,fta_partner,safe_active,CA,Canada,https://ror.org/02mqrrm75,Université du Québec en Abitibi-Témiscamingue,active,6128577,Rouyn-Noranda,Quebec,48.23656,-79.02311,safe_active_exact_name_only
874,fta_partner,safe_active,CA,Canada,https://ror.org/011pqxa69,Université du Québec en Outaouais,active,5959974,Gatineau,Quebec,45.47723,-75.70164,safe_active_exact_name_site_agreement
875,fta_partner,safe_active,CA,Canada,https://ror.org/04sjchr03,Université Laval,active,6325494,Québec,Quebec,46.81228,-71.21454,safe_active_exact_name_site_agreement
876,fta_partner,safe_active,CA,Canada,https://ror.org/028d12s45,University Canada West,active,6173331,Vancouver,British Columbia,49.24966,-123.11934,safe_active_exact_name_only
877,fta_partner,review,CA,Canada,,,,,,,,,held-alias-without-clean-domain-agreement
878,fta_partner,unmatched,CA,Canada,,,,,,,,,unmatched
879,fta_partner,unmatched,CA,Canada,,,,,,,,,unmatched
880,fta_partner,review,CA,Canada,,,,,,,,,held-alias-without-clean-domain-agreement
881,fta_partner,safe_active,CA,Canada,https://ror.org/0160cpw27,University of Alberta,active,5946768,Edmonton,Alberta,53.55014,-113.46871,safe_active_exact_name_site_agreement
882,fta_partner,safe_active,CA,Canada,https://ror.org/03rmrcq20,University of British Columbia,active,6173331,Vancouver,British Columbia,49.24966,-123.11934,safe_active_exact_name_site_agreement
883,fta_partner,safe_active,CA,Canada,https://ror.org/03yjb2x39,University of Calgary,active,5913490,Calgary,Alberta,51.05011,-114.08529,safe_active_exact_name_site_agreement
884,fta_partner,safe_active,CA,Canada,https://ror.org/01r7awg59,University of Guelph,active,5967629,Guelph,Ontario,43.54594,-80.25599,safe_active_exact_name_site_agreement
885,fta_partner,safe_active,CA,Canada,https://ror.org/01cw0fy64,University of King's College,active,6324729,Halifax,Nova Scotia,44.64269,-63.57688,safe_active_exact_name_only
886,fta_partner,safe_active,CA,Canada,https://ror.org/044j76961,University of Lethbridge,active,6053154,Lethbridge,Alberta,49.69999,-112.81856,safe_active_exact_name_site_agreement
887,fta_partner,safe_active,CA,Canada,https://ror.org/02gfys938,University of Manitoba,active,6183235,Winnipeg,Manitoba,49.8844,-97.14704,safe_active_exact_name_site_agreement
888,fta_partner,safe_active,CA,Canada,https://ror.org/029tnqt29,Université de Moncton,active,6076211,Moncton,New Brunswick,46.09454,-64.7965,safe_active_exact_name_site_agreement
889,fta_partner,unmatched,CA,Canada,,,,,,,,,unmatched
890,fta_partner,unmatched,CA,Canada,,,,,,,,,unmatched
891,fta_partner,safe_active,CA,Canada,https://ror.org/05nkf0n29,University of New Brunswick,active,5957776,Fredericton,New Brunswick,45.94541,-66.66558,safe_active_exact_name_site_agreement
892,fta_partner,unmatched,CA,Canada,,,,,,,,,unmatched
893,fta_partner,safe_active,CA,Canada,https://ror.org/025wzwv46,University of Northern British Columbia,active,6113365,Prince George,British Columbia,53.9166,-122.75301,safe_active_exact_name_site_agreement
894,fta_partner,review,CA,Canada,,,,,,,,,held-alias-without-clean-domain-agreement
895,fta_partner,safe_active,CA,Canada,https://ror.org/03c4mmv16,University of Ottawa,active,6094817,Ottawa,Ontario,45.41117,-75.69812,safe_active_exact_name_site_agreement
896,fta_partner,safe_active,CA,Canada,https://ror.org/02xh9x144,University of Prince Edward Island,active,5920288,Charlottetown,Prince Edward Island,46.23459,-63.1256,safe_active_exact_name_only
897,fta_partner,review,CA,Canada,,,,,,,,,held_review_site_only
898,fta_partner,safe_active,CA,Canada,https://ror.org/03dzc0485,University of Regina,active,6119109,Regina,Saskatchewan,50.45008,-104.6178,safe_active_exact_name_site_agreement
899,fta_partner,safe_active,CA,Canada,https://ror.org/010x8gc63,University of Saskatchewan,active,6141256,Saskatoon,Saskatchewan,52.13238,-106.66892,safe_active_exact_name_site_agreement
900,fta_partner,unmatched,CA,Canada,,,,,,,,,unmatched
901,fta_partner,review,CA,Canada,,,,,,,,,held_review_site_only
902,fta_partner,safe_active,CA,Canada,https://ror.org/02cdcg608,University of Sudbury,active,5964700,Sudbury,Ontario,46.49,-80.99001,safe_active_exact_name_only
903,fta_partner,safe_active,CA,Canada,https://ror.org/03dbr7087,University of Toronto,active,6167865,Toronto,Ontario,43.70643,-79.39864,safe_active_exact_name_site_agreement
904,fta_partner,unmatched,CA,Canada,,,,,,,,,unmatched
905,fta_partner,unmatched,CA,Canada,,,,,,,,,unmatched
906,fta_partner,safe_active,CA,Canada,https://ror.org/019dhar59,Trinity College,active,6167865,Toronto,Ontario,43.70643,-79.39864,safe_active_exact_name_site_agreement
907,fta_partner,safe_active,CA,Canada,https://ror.org/04s5mat29,University of Victoria,active,6174041,Victoria,British Columbia,48.4359,-123.35155,safe_active_exact_name_site_agreement
908,fta_partner,safe_active,CA,Canada,https://ror.org/01aff2v68,University of Waterloo,active,6176823,Waterloo,Ontario,43.4668,-80.51639,safe_active_exact_name_site_agreement
909,fta_partner,safe_active,CA,Canada,https://ror.org/02grkyz14,Western University,active,6058560,London,Ontario,42.98339,-81.23304,safe_active_exact_name_site_agreement
910,fta_partner,safe_active,CA,Canada,https://ror.org/01gw3d370,University of Windsor,active,6182962,Windsor,Ontario,42.30008,-83.01654,safe_active_exact_name_site_agreement
911,fta_partner,safe_active,CA,Canada,https://ror.org/02gdzyx04,University of Winnipeg,active,6183235,Winnipeg,Manitoba,49.8844,-97.14704,safe_active_exact_name_site_agreement
912,fta_partner,safe_active,CA,Canada,https://ror.org/04y91p704,Vancouver Community College,active,6173331,Vancouver,British Columbia,49.24966,-123.11934,safe_active_exact_name_site_agreement
913,fta_partner,unmatched,CA,Canada,,,,,,,,,unmatched
914,fta_partner,safe_active,CA,Canada,https://ror.org/00fn7gb05,Wilfrid Laurier University,active,6176823,Waterloo,Ontario,43.4668,-80.51639,safe_active_exact_name_site_agreement
915,fta_partner,unmatched,CA,Canada,,,,,,,,,unmatched
916,fta_partner,safe_active,CA,Canada,https://ror.org/05fq50484,York University,active,6167865,Toronto,Ontario,43.70643,-79.39864,safe_active_exact_name_site_agreement
917,fta_partner,review,CA,Canada,,,,,,,,,held-alias-without-clean-domain-agreement
986,fta_partner,unmatched,CL,Chile,,,,,,,,,unmatched
987,fta_partner,unmatched,CL,Chile,,,,,,,,,unmatched
988,fta_partner,safe_active,CL,Chile,https://ror.org/03x7msx65,Academy of Christian Humanism University,active,3871336,Santiago,Santiago Metropolitan,-33.45694,-70.64827,safe_active_exact_name_site_agreement
989,fta_partner,safe_active,CL,Chile,https://ror.org/03x7msx65,Academy of Christian Humanism University,active,3871336,Santiago,Santiago Metropolitan,-33.45694,-70.64827,safe_active_exact_name_site_agreement
990,fta_partner,review,CL,Chile,,,,,,,,,held_review_site_only
991,fta_partner,safe_active,CL,Chile,https://ror.org/0326knt82,Adolfo Ibáñez University,active,3871336,Santiago,Santiago Metropolitan,-33.45694,-70.64827,safe_active_exact_name_site_agreement
992,fta_partner,safe_active,CL,Chile,https://ror.org/038j0b276,Universidad Adventista de Chile,active,3895088,Chillán,Ñuble,-36.60664,-72.10344,safe_active_exact_name_only
993,fta_partner,safe_active,CL,Chile,https://ror.org/00749za89,Alberto Hurtado University,active,3871336,Santiago,Santiago Metropolitan,-33.45694,-70.64827,safe_active_exact_name_site_agreement
994,fta_partner,review,CL,Chile,,,,,,,,,held-alias-without-clean-domain-agreement
995,fta_partner,safe_active,CL,Chile,https://ror.org/01hrxxx24,Arturo Prat University,active,3887127,Iquique,Tarapacá,-20.21326,-70.15027,safe_active_exact_name_site_agreement
996,fta_partner,safe_active,CL,Chile,https://ror.org/029ycp228,Austral University of Chile,active,3868707,Valdivia,Los Ríos Region,-39.81422,-73.24589,safe_active_exact_name_site_agreement
997,fta_partner,unmatched,CL,Chile,,,,,,,,,unmatched
998,fta_partner,safe_active,CL,Chile,https://ror.org/00x0xhn70,Universidad Bernardo O'Higgins,active,3871336,Santiago,Santiago Metropolitan,-33.45694,-70.64827,safe_active_exact_name_only
999,fta_partner,review,CL,Chile,,,,,,,,,held_review_site_only
1000,fta_partner,unmatched,CL,Chile,,,,,,,,,unmatched
1001,fta_partner,review,CL,Chile,,,,,,,,,held_review_site_only
1002,fta_partner,review,CL,Chile,,,,,,,,,held_review_site_only
1003,fta_partner,review,CL,Chile,,,,,,,,,held_review_site_only
1004,fta_partner,unmatched,CL,Chile,,,,,,,,,unmatched
1005,fta_partner,review,CL,Chile,,,,,,,,,held_review_site_only
1006,fta_partner,review,CL,Chile,,,,,,,,,held_review_site_only
1007,fta_partner,unmatched,CL,Chile,,,,,,,,,unmatched
1008,fta_partner,safe_active,CL,Chile,https://ror.org/03rjhfb18,Universidad de Aconcagua,active,3872255,San Felipe,Valparaíso,-32.74976,-70.72584,safe_active_exact_name_only
1009,fta_partner,safe_active,CL,Chile,https://ror.org/04eyc6d95,Universidad de Antofagasta,active,3899539,Antofagasta,Antofagasta,-23.65094,-70.39752,safe_active_exact_name_site_agreement
1010,fta_partner,safe_active,CL,Chile,https://ror.org/01dkyny41,Universidad UNIACC,active,3871336,Santiago,Santiago Metropolitan,-33.45694,-70.64827,safe_active_exact_name_site_agreement
1011,fta_partner,safe_active,CL,Chile,https://ror.org/022yres73,University of Atacama,active,3893656,Copiapó,Atacama,-27.36679,-70.3314,safe_active_exact_name_site_agreement
1012,fta_partner,safe_active,CL,Chile,https://ror.org/047gc3g35,University of Chile,active,3871336,Santiago,Santiago Metropolitan,-33.45694,-70.64827,safe_active_exact_name_site_agreement
1013,fta_partner,review,CL,Chile,,,,,,,,,held_review_site_only
1014,fta_partner,review,CL,Chile,,,,,,,,,held_review_site_only
1015,fta_partner,safe_active,CL,Chile,https://ror.org/04v0snf24,Universidad de La Frontera,active,3870011,Temuco,Araucanía,-38.73965,-72.59842,safe_active_exact_name_site_agreement
1016,fta_partner,safe_active,CL,Chile,https://ror.org/0166e9x11,University of the Americas,active,3871336,Santiago,Santiago Metropolitan,-33.45694,-70.64827,safe_active_exact_name_only
1017,fta_partner,safe_active,CL,Chile,https://ror.org/01ht74751,University of La Serena,active,3884373,La Serena,Coquimbo Region,-29.90591,-71.25014,safe_active_exact_name_site_agreement
1018,fta_partner,safe_active,CL,Chile,https://ror.org/04dndfk38,University of Bío-Bío,active,3893894,Concepción,Biobío,-36.82699,-73.04977,safe_active_exact_name_site_agreement
1019,fta_partner,safe_active,CL,Chile,https://ror.org/05y33vv83,Universidad del Desarrollo,active,3871336,Santiago,Santiago Metropolitan,-33.45694,-70.64827,safe_active_exact_name_only
1020,fta_partner,safe_active,CL,Chile,https://ror.org/0184kye93,Universidad del Mar,active,3868121,Viña del Mar,Valparaíso,-33.02457,-71.55183,safe_active_exact_name_site_agreement
1021,fta_partner,review,CL,Chile,,,,,,,,,held_review_shared_site_only
1022,fta_partner,safe_active,CL,Chile,https://ror.org/05jk8e518,Universidad de Los Lagos,active,3877949,Osorno,Los Lagos Region,-40.57395,-73.13348,safe_active_exact_name_site_agreement
1023,fta_partner,inactive_history,CL,Chile,,,,,,,,,held_inactive_exact_name
1024,fta_partner,safe_active,CL,Chile,https://ror.org/049784n50,Universidad de Magallanes,active,3874787,Punta Arenas,Region of Magallanes,-53.15483,-70.91129,safe_active_exact_name_site_agreement
1025,fta_partner,unmatched,CL,Chile,,,,,,,,,unmatched
1026,fta_partner,unmatched,CL,Chile,,,,,,,,,unmatched
1027,fta_partner,safe_active,CL,Chile,https://ror.org/02ma57s91,Universidad de Santiago de Chile,active,3871336,Santiago,Santiago Metropolitan,-33.45694,-70.64827,safe_active_exact_name_site_agreement
1028,fta_partner,safe_active,CL,Chile,https://ror.org/01s4gpq44,University of Talca,active,3870294,Talca,Maule Region,-35.4264,-71.65542,safe_active_exact_name_site_agreement
1029,fta_partner,safe_active,CL,Chile,https://ror.org/04xe01d27,University of Tarapacá,active,3899361,Arica,Arica y Parinacota Region,-18.4746,-70.29792,safe_active_exact_name_site_agreement
1030,fta_partner,review,CL,Chile,,,,,,,,,held_review_site_only
1031,fta_partner,review,CL,Chile,,,,,,,,,held_review_site_only
1032,fta_partner,safe_active,CL,Chile,https://ror.org/03gtdcg60,Universidad Diego Portales,active,3871336,Santiago,Santiago Metropolitan,-33.45694,-70.64827,safe_active_exact_name_site_agreement
1033,fta_partner,safe_active,CL,Chile,https://ror.org/0225snd59,Finis Terrae University,active,3871336,Santiago,Santiago Metropolitan,-33.45694,-70.64827,safe_active_exact_name_only
1034,fta_partner,unmatched,CL,Chile,,,,,,,,,unmatched
1035,fta_partner,safe_active,CL,Chile,https://ror.org/05wygq130,Universidad Gabriela Mistral,active,3871336,Santiago,Santiago Metropolitan,-33.45694,-70.64827,safe_active_exact_name_site_agreement
1036,fta_partner,unmatched,CL,Chile,,,,,,,,,unmatched
1037,fta_partner,unmatched,CL,Chile,,,,,,,,,unmatched
1038,fta_partner,unmatched,CL,Chile,,,,,,,,,unmatched
1039,fta_partner,unmatched,CL,Chile,,,,,,,,,unmatched
1040,fta_partner,unmatched,CL,Chile,,,,,,,,,unmatched
1041,fta_partner,unmatched,CL,Chile,,,,,,,,,unmatched
1042,fta_partner,safe_active,CL,Chile,https://ror.org/00pn44t17,Universidad Mayor,active,3871336,Santiago,Santiago Metropolitan,-33.45694,-70.64827,safe_active_exact_name_site_agreement
1043,fta_partner,safe_active,CL,Chile,https://ror.org/057anza51,Metropolitan University of Educational Sciences,active,3871336,Santiago,Santiago Metropolitan,-33.45694,-70.64827,safe_active_exact_name_site_agreement
1044,fta_partner,safe_active,CL,Chile,https://ror.org/05ap1zt54,Miguel de Cervantes University,active,3871336,Santiago,Santiago Metropolitan,-33.45694,-70.64827,safe_active_exact_name_only
1045,fta_partner,review,CL,Chile,,,,,,,,,held_review_site_only
1046,fta_partner,review,CL,Chile,,,,,,,,,held_review_site_only
1047,fta_partner,safe_active,CL,Chile,https://ror.org/02vbtzd72,Universidad Santo Tomás,active,3871336,Santiago,Santiago Metropolitan,-33.45694,-70.64827,safe_active_exact_name_site_agreement
1048,fta_partner,safe_active,CL,Chile,https://ror.org/05510vn56,Federico Santa María Technical University,active,3868626,Valparaíso,Valparaíso,-33.036,-71.62963,safe_active_exact_name_only
1049,fta_partner,safe_active,CL,Chile,https://ror.org/04bpsn575,Metropolitan University of Technology,active,3871336,Santiago,Santiago Metropolitan,-33.45694,-70.64827,safe_active_exact_name_site_agreement
1050,fta_partner,unmatched,CL,Chile,,,,,,,,,unmatched
1061,fta_partner,review,CN,China,,,,,,,,,held_review_site_only
1062,fta_partner,review,CN,China,,,,,,,,,held_review_site_only
1063,fta_partner,review,CN,China,,,,,,,,,held_review_site_only
1064,fta_partner,safe_active,CN,China,https://ror.org/03xb04968,Anhui Medical University,active,1808722,Hefei,Anhui,31.86389,117.28083,safe_active_exact_name_site_agreement
1065,fta_partner,review,CN,China,,,,,,,,,held_ambiguous_active_exact_name
1066,fta_partner,unmatched,CN,China,,,,,,,,,unmatched
1067,fta_partner,safe_active,CN,China,https://ror.org/05th6yx34,Anhui University,active,1808722,Hefei,Anhui,31.86389,117.28083,safe_active_exact_name_site_agreement
1068,fta_partner,safe_active,CN,China,https://ror.org/0152zzg30,Anhui University of Finance and Economics,active,1816440,Bengbu,Anhui,32.94083,117.36083,safe_active_exact_name_only
1069,fta_partner,safe_active,CN,China,https://ror.org/0139j4p80,Anhui University of Traditional Chinese Medicine,active,1808722,Hefei,Anhui,31.86389,117.28083,safe_active_exact_name_site_agreement
1070,fta_partner,safe_active,CN,China,https://ror.org/00jdr0662,Beijing Foreign Studies University,active,1816670,Beijing,Beijing,39.9075,116.39723,safe_active_exact_name_site_agreement
1071,fta_partner,safe_active,CN,China,https://ror.org/04xv2pc41,Beijing Forestry University,active,1816670,Beijing,Beijing,39.9075,116.39723,safe_active_exact_name_site_agreement
1072,fta_partner,safe_active,CN,China,https://ror.org/04xnqep60,Beijing Information Science & Technology University,active,1816670,Beijing,Beijing,39.9075,116.39723,safe_active_exact_name_only
1073,fta_partner,safe_active,CN,China,https://ror.org/01skt4w74,Beijing Institute of Technology,active,1816670,Beijing,Beijing,39.9075,116.39723,safe_active_exact_name_site_agreement
1074,fta_partner,safe_active,CN,China,https://ror.org/058s1vf87,Beijing International Studies University,active,1816670,Beijing,Beijing,39.9075,116.39723,safe_active_exact_name_site_agreement
1075,fta_partner,safe_active,CN,China,https://ror.org/03te2zs36,Beijing Language and Culture University,active,1816670,Beijing,Beijing,39.9075,116.39723,safe_active_exact_name_only
1076,fta_partner,unmatched,CN,China,,,,,,,,,unmatched
1077,fta_partner,unmatched,CN,China,,,,,,,,,unmatched
1078,fta_partner,safe_active,CN,China,https://ror.org/022k4wk35,Beijing Normal University,active,1816670,Beijing,Beijing,39.9075,116.39723,safe_active_exact_name_site_agreement
1079,fta_partner,unmatched,CN,China,,,,,,,,,unmatched
1080,fta_partner,review,CN,China,,,,,,,,,held_ambiguous_active_exact_name
1081,fta_partner,safe_active,CN,China,https://ror.org/03w0k0x36,Beijing Sport University,active,1816670,Beijing,Beijing,39.9075,116.39723,safe_active_exact_name_only
1082,fta_partner,safe_active,CN,China,https://ror.org/01hg31662,Beijing Union University,active,1816670,Beijing,Beijing,39.9075,116.39723,safe_active_exact_name_only
1083,fta_partner,safe_active,CN,China,https://ror.org/00wk2mp56,Beihang University,active,1816670,Beijing,Beijing,39.9075,116.39723,safe_active_exact_name_site_agreement
1084,fta_partner,safe_active,CN,China,https://ror.org/03t9adt98,Beijing University of Agriculture,active,1816670,Beijing,Beijing,39.9075,116.39723,safe_active_exact_name_only
1085,fta_partner,safe_active,CN,China,https://ror.org/00df5yc52,Beijing University of Chemical Technology,active,1816670,Beijing,Beijing,39.9075,116.39723,safe_active_exact_name_site_agreement
1086,fta_partner,unmatched,CN,China,,,,,,,,,unmatched
1087,fta_partner,safe_active,CN,China,https://ror.org/04w9fbh59,Beijing University of Posts and Telecommunications,active,1816670,Beijing,Beijing,39.9075,116.39723,safe_active_exact_name_site_agreement
1088,fta_partner,review,CN,China,,,,,,,,,held_review_site_only
1089,fta_partner,safe_active,CN,China,https://ror.org/01kdzej58,Bohai University,active,2036427,Jinzhou,Liaoning,41.10778,121.14167,safe_active_exact_name_site_agreement
1090,fta_partner,unmatched,CN,China,,,,,,,,,unmatched
1091,fta_partner,safe_active,CN,China,https://ror.org/005edt527,Capital Normal University,active,1816670,Beijing,Beijing,39.9075,116.39723,safe_active_exact_name_site_agreement
1092,fta_partner,safe_active,CN,China,https://ror.org/01r5sf951,Capital University of Economics and Business,active,1816670,Beijing,Beijing,39.9075,116.39723,safe_active_exact_name_site_agreement
1093,fta_partner,unmatched,CN,China,,,,,,,,,unmatched
1094,fta_partner,review,CN,China,,,,,,,,,held_review_site_only
1095,fta_partner,safe_active,CN,China,https://ror.org/03x1jna21,Central China Normal University,active,1791247,Wuhan,Hubei,30.58333,114.26667,safe_active_exact_name_only
1096,fta_partner,review,CN,China,,,,,,,,,held-alias-without-clean-domain-agreement
1097,fta_partner,unmatched,CN,China,,,,,,,,,unmatched
1098,fta_partner,safe_active,CN,China,https://ror.org/00f1zfq44,Central South University,active,1815577,Changsha,Hunan,28.19874,112.97087,safe_active_exact_name_site_agreement
1099,fta_partner,unmatched,CN,China,,,,,,,,,unmatched
1100,fta_partner,safe_active,CN,China,https://ror.org/008e3hf02,Central University of Finance and Economics,active,1816670,Beijing,Beijing,39.9075,116.39723,safe_active_exact_name_site_agreement
1101,fta_partner,review,CN,China,,,,,,,,,held_review_site_only
1102,fta_partner,safe_active,CN,China,https://ror.org/052pakb34,Changchun University of Technology,active,2038180,Changchun,Jilin,43.88,125.32278,safe_active_exact_name_site_agreement
1103,fta_partner,unmatched,CN,China,,,,,,,,,unmatched
1104,fta_partner,unmatched,CN,China,,,,,,,,,unmatched
1105,fta_partner,unmatched,CN,China,,,,,,,,,unmatched
1106,fta_partner,safe_active,CN,China,https://ror.org/034z67559,Chengdu University,active,1815286,Chengdu,Sichuan,30.66667,104.06667,safe_active_exact_name_site_agreement
1107,fta_partner,safe_active,CN,China,https://ror.org/05pejbw21,Chengdu University of Technology,active,1815286,Chengdu,Sichuan,30.66667,104.06667,safe_active_exact_name_site_agreement
1108,fta_partner,safe_active,CN,China,https://ror.org/00pcrz470,Chengdu University of Traditional Chinese Medicine,active,1815286,Chengdu,Sichuan,30.66667,104.06667,safe_active_exact_name_site_agreement
1109,fta_partner,safe_active,CN,China,https://ror.org/01r61sr78,China Academy of Art,active,1808926,Hangzhou,Zhejiang,30.29365,120.16142,safe_active_exact_name_only
1110,fta_partner,safe_active,CN,China,https://ror.org/04v3ywz14,China Agricultural University,active,1816670,Beijing,Beijing,39.9075,116.39723,safe_active_exact_name_only
1111,fta_partner,unmatched,CN,China,,,,,,,,,unmatched
1112,fta_partner,safe_active,CN,China,https://ror.org/00kxb1h72,China Foreign Affairs University,active,1816670,Beijing,Beijing,39.9075,116.39723,safe_active_exact_name_site_agreement
1113,fta_partner,review,CN,China,,,,,,,,,held_review_site_only
1114,fta_partner,review,CN,China,,,,,,,,,held_review_site_only
1115,fta_partner,safe_active,CN,China,https://ror.org/0419nfc77,China Three Gorges University,active,1786764,Yichang,Hubei,30.71444,111.28472,safe_active_exact_name_site_agreement
1116,fta_partner,review,CN,China,,,,,,,,,held_review_site_only
1117,fta_partner,review,CN,China,,,,,,,,,held_review_site_only
1118,fta_partner,review,CN,China,,,,,,,,,held_review_site_only
1119,fta_partner,review,CN,China,,,,,,,,,held_review_site_only
1120,fta_partner,safe_active,CN,China,https://ror.org/00e49gy82,China University of Political Science and Law,active,1816670,Beijing,Beijing,39.9075,116.39723,safe_active_exact_name_site_agreement
1121,fta_partner,unmatched,CN,China,,,,,,,,,unmatched
1122,fta_partner,unmatched,CN,China,,,,,,,,,unmatched
1123,fta_partner,unmatched,CN,China,,,,,,,,,unmatched
1124,fta_partner,review,CN,China,,,,,,,,,held-alias-without-clean-domain-agreement
1125,fta_partner,safe_active,CN,China,https://ror.org/017z00e58,Chongqing Medical University,active,1814906,Chongqing,Chongqing,29.56026,106.55771,safe_active_exact_name_site_agreement
1126,fta_partner,safe_active,CN,China,https://ror.org/01dcw5w74,Chongqing Normal University,active,1814906,Chongqing,Chongqing,29.56026,106.55771,safe_active_exact_name_site_agreement
1127,fta_partner,unmatched,CN,China,,,,,,,,,unmatched
1128,fta_partner,safe_active,CN,China,https://ror.org/05hqf1284,Chongqing Technology and Business University,active,1814906,Chongqing,Chongqing,29.56026,106.55771,safe_active_exact_name_site_agreement
1129,fta_partner,unmatched,CN,China,,,,,,,,,unmatched
1130,fta_partner,safe_active,CN,China,https://ror.org/05rs3pv16,Chongqing Three Gorges University,active,1814906,Chongqing,Chongqing,29.56026,106.55771,safe_active_exact_name_only
1131,fta_partner,safe_active,CN,China,https://ror.org/023rhb549,Chongqing University,active,1814906,Chongqing,Chongqing,29.56026,106.55771,safe_active_exact_name_site_agreement
1132,fta_partner,unmatched,CN,China,,,,,,,,,unmatched
1133,fta_partner,review,CN,China,,,,,,,,,held_review_site_only
1134,fta_partner,safe_active,CN,China,https://ror.org/03n3v6d52,Chongqing University of Science and Technology,active,1814906,Chongqing,Chongqing,29.56026,106.55771,safe_active_exact_name_only
1135,fta_partner,safe_active,CN,China,https://ror.org/04vgbd477,Chongqing University of Technology,active,1814906,Chongqing,Chongqing,29.56026,106.55771,safe_active_exact_name_site_agreement
1136,fta_partner,unmatched,CN,China,,,,,,,,,unmatched
1137,fta_partner,review,CN,China,,,,,,,,,held_review_site_only
1138,fta_partner,safe_active,CN,China,https://ror.org/03je71k37,Civil Aviation University of China,active,1792947,Tianjin,Tianjin,39.14222,117.17667,safe_active_exact_name_only
1139,fta_partner,safe_active,CN,China,https://ror.org/04facbs33,Communication University of China,active,1816670,Beijing,Beijing,39.9075,116.39723,safe_active_exact_name_site_agreement
1140,fta_partner,review,CN,China,,,,,,,,,held_review_site_only
1141,fta_partner,safe_active,CN,China,https://ror.org/04c8eg608,Dalian Medical University,active,1814087,Dalian,Liaoning,38.91222,121.60222,safe_active_exact_name_site_agreement
1142,fta_partner,safe_active,CN,China,https://ror.org/00c7x4a95,Dalian Polytechnic University,active,1814087,Dalian,Liaoning,38.91222,121.60222,safe_active_exact_name_site_agreement
1143,fta_partner,safe_active,CN,China,https://ror.org/00g2ypp58,Dalian University,active,1814087,Dalian,Liaoning,38.91222,121.60222,safe_active_exact_name_site_agreement
1144,fta_partner,review,CN,China,,,,,,,,,held_review_site_only
1145,fta_partner,safe_active,CN,China,https://ror.org/023hj5876,Dalian University of Technology,active,1814087,Dalian,Liaoning,38.91222,121.60222,safe_active_exact_name_site_agreement
1146,fta_partner,safe_active,CN,China,https://ror.org/05db1pj03,Dongbei University of Finance and Economics,active,1814087,Dalian,Liaoning,38.91222,121.60222,safe_active_exact_name_site_agreement
1147,fta_partner,review,CN,China,,,,,,,,,held_review_site_only
1148,fta_partner,review,CN,China,,,,,,,,,held_review_site_only
1149,fta_partner,safe_active,CN,China,https://ror.org/02n96ep67,East China Normal University,active,1796236,Shanghai,Shanghai,31.22222,121.45806,safe_active_exact_name_site_agreement
1150,fta_partner,safe_active,CN,China,https://ror.org/01vyrm377,East China University of Science and Technology,active,1796236,Shanghai,Shanghai,31.22222,121.45806,safe_active_exact_name_site_agreement
1151,fta_partner,unmatched,CN,China,,,,,,,,,unmatched
1152,fta_partner,safe_active,CN,China,https://ror.org/02xvvvp28,Foshan University,active,1811103,Foshan,Guangdong,23.02677,113.13148,safe_active_exact_name_site_agreement
1153,fta_partner,safe_active,CN,China,https://ror.org/013q1eq08,Fudan University,active,1796236,Shanghai,Shanghai,31.22222,121.45806,safe_active_exact_name_site_agreement
1154,fta_partner,unmatched,CN,China,,,,,,,,,unmatched
1155,fta_partner,safe_active,CN,China,https://ror.org/050s6ns64,Fujian Medical University,active,1810821,Fuzhou,Fujian,26.06139,119.30611,safe_active_exact_name_site_agreement
1156,fta_partner,safe_active,CN,China,https://ror.org/020azk594,Fujian Normal University,active,1810821,Fuzhou,Fujian,26.06139,119.30611,safe_active_exact_name_site_agreement
1157,fta_partner,safe_active,CN,China,https://ror.org/05n0qbd70,Fujian University of Traditional Chinese Medicine,active,1810821,Fuzhou,Fujian,26.06139,119.30611,safe_active_exact_name_site_agreement
1158,fta_partner,unmatched,CN,China,,,,,,,,,unmatched
1159,fta_partner,safe_active,CN,China,https://ror.org/011xvna82,Fuzhou University,active,1810821,Fuzhou,Fujian,26.06139,119.30611,safe_active_exact_name_site_agreement
1160,fta_partner,safe_active,CN,China,https://ror.org/05ym42410,Gansu Agricultural University,active,1804430,Lanzhou,Gansu,36.05701,103.83987,safe_active_exact_name_site_agreement
1161,fta_partner,review,CN,China,,,,,,,,,held-alias-without-clean-domain-agreement
1162,fta_partner,safe_active,CN,China,https://ror.org/05fsjkf12,Guangdong Peizheng College,active,1809858,Guangzhou,Guangdong,23.11667,113.25,safe_active_exact_name_only
1163,fta_partner,safe_active,CN,China,https://ror.org/02pcb5m77,Guangdong Polytechnic Normal University,active,1809858,Guangzhou,Guangdong,23.11667,113.25,safe_active_exact_name_only
1164,fta_partner,review,CN,China,,,,,,,,,held_review_site_only
1165,fta_partner,safe_active,CN,China,https://ror.org/00fhc9y79,Guangdong University of Foreign Studies,active,1809858,Guangzhou,Guangdong,23.11667,113.25,safe_active_exact_name_only
1166,fta_partner,safe_active,CN,China,https://ror.org/04azbjn80,Guangdong University of Technology,active,1809858,Guangzhou,Guangdong,23.11667,113.25,safe_active_exact_name_only
1167,fta_partner,safe_active,CN,China,https://ror.org/03dveyr97,Guangxi Medical University,active,1799869,Nanning,Guangxi,22.81667,108.31667,safe_active_exact_name_site_agreement
1168,fta_partner,safe_active,CN,China,https://ror.org/02frt9q65,Guangxi Normal University,active,1809498,Guilin,Guangxi,25.28022,110.29639,safe_active_exact_name_site_agreement
1169,fta_partner,review,CN,China,,,,,,,,,held-alias-without-clean-domain-agreement
1170,fta_partner,safe_active,CN,China,https://ror.org/02c9qn167,Guangxi University,active,1799869,Nanning,Guangxi,22.81667,108.31667,safe_active_exact_name_site_agreement
1171,fta_partner,review,CN,China,,,,,,,,,held-alias-without-clean-domain-agreement
1172,fta_partner,review,CN,China,,,,,,,,,held_review_site_only
1173,fta_partner,unmatched,CN,China,,,,,,,,,unmatched
1174,fta_partner,safe_active,CN,China,https://ror.org/05ar8rn06,Guangzhou University,active,1809858,Guangzhou,Guangdong,23.11667,113.25,safe_active_exact_name_site_agreement
1175,fta_partner,review,CN,China,,,,,,,,,held_review_site_only
1176,fta_partner,safe_active,CN,China,https://ror.org/02x1pa065,Guizhou Normal University,active,1809461,Guiyang,Guizhou,26.58333,106.71667,safe_active_exact_name_site_agreement
1177,fta_partner,safe_active,CN,China,https://ror.org/02wmsc916,Guizhou University,active,1809461,Guiyang,Guizhou,26.58333,106.71667,safe_active_exact_name_site_agreement
1178,fta_partner,safe_active,CN,China,https://ror.org/031dhcv14,Hainan Normal University,active,1809078,Haikou,Hainan,20.03421,110.34651,safe_active_exact_name_site_agreement
1179,fta_partner,safe_active,CN,China,https://ror.org/03q648j11,Hainan University,active,1809078,Haikou,Hainan,20.03421,110.34651,safe_active_exact_name_only
1180,fta_partner,safe_active,CN,China,https://ror.org/03x80pn82,Harbin Engineering University,active,2037013,Harbin,Heilongjiang,45.75,126.65,safe_active_exact_name_site_agreement
1181,fta_partner,safe_active,CN,China,https://ror.org/01yqg2h08,Harbin Institute of Technology,active,2037013,Harbin,Heilongjiang,45.75,126.65,safe_active_exact_name_site_agreement
1182,fta_partner,safe_active,CN,China,https://ror.org/05jscf583,Harbin Medical University,active,2037013,Harbin,Heilongjiang,45.75,126.65,safe_active_exact_name_site_agreement
1183,fta_partner,safe_active,CN,China,https://ror.org/0270y6950,Harbin Normal University,active,2037013,Harbin,Heilongjiang,45.75,126.65,safe_active_exact_name_site_agreement
1184,fta_partner,unmatched,CN,China,,,,,,,,,unmatched
1185,fta_partner,safe_active,CN,China,https://ror.org/04e6y1282,Harbin University of Science and Technology,active,2037013,Harbin,Heilongjiang,45.75,126.65,safe_active_exact_name_site_agreement
1186,fta_partner,unmatched,CN,China,,,,,,,,,unmatched
1187,fta_partner,safe_active,CN,China,https://ror.org/009fw8j44,Hebei Agricultural University,active,1816971,Baoding,Hebei,38.87288,115.46246,safe_active_exact_name_site_agreement
1188,fta_partner,safe_active,CN,China,https://ror.org/04eymdx19,Hebei Medical University,active,1795270,Shijiazhuang,Hebei,38.04139,114.47861,safe_active_exact_name_site_agreement
1189,fta_partner,safe_active,CN,China,https://ror.org/004rbbw49,Hebei Normal University,active,1795270,Shijiazhuang,Hebei,38.04139,114.47861,safe_active_exact_name_only
1190,fta_partner,review,CN,China,,,,,,,,,held-alias-without-clean-domain-agreement
1191,fta_partner,safe_active,CN,China,https://ror.org/01p884a79,Hebei University,active,1816971,Baoding,Hebei,38.87288,115.46246,safe_active_exact_name_site_agreement
1192,fta_partner,unmatched,CN,China,,,,,,,,,unmatched
1193,fta_partner,safe_active,CN,China,https://ror.org/05h3pkk68,Hebei University of Science and Technology,active,1795270,Shijiazhuang,Hebei,38.04139,114.47861,safe_active_exact_name_site_agreement
1194,fta_partner,safe_active,CN,China,https://ror.org/018hded08,Hebei University of Technology,active,1792947,Tianjin,Tianjin,39.14222,117.17667,safe_active_exact_name_site_agreement
1195,fta_partner,safe_active,CN,China,https://ror.org/02czkny70,Hefei University of Technology,active,1808722,Hefei,Anhui,31.86389,117.28083,safe_active_exact_name_site_agreement
1196,fta_partner,review,CN,China,,,,,,,,,held_review_site_only
1197,fta_partner,unmatched,CN,China,,,,,,,,,unmatched
1198,fta_partner,unmatched,CN,China,,,,,,,,,unmatched
1199,fta_partner,safe_active,CN,China,https://ror.org/04zyhq975,Heilongjiang University,active,2037013,Harbin,Heilongjiang,45.75,126.65,safe_active_exact_name_site_agreement
1200,fta_partner,review,CN,China,,,,,,,,,held_review_site_only
1201,fta_partner,unmatched,CN,China,,,,,,,,,unmatched
1202,fta_partner,safe_active,CN,China,https://ror.org/00s13br28,Henan Normal University,active,8403878,Xinxiang,Chongqing,30.49999,108.27278,safe_active_exact_name_only
1203,fta_partner,review,CN,China,,,,,,,,,held_review_site_only
1204,fta_partner,unmatched,CN,China,,,,,,,,,unmatched
1205,fta_partner,safe_active,CN,China,https://ror.org/031zps173,Jiangsu Ocean University,active,1809003,Haizhou,Jiangsu,34.58167,119.12889,safe_active_exact_name_site_agreement
1206,fta_partner,unmatched,CN,China,,,,,,,,,unmatched
1207,fta_partner,safe_active,CN,China,https://ror.org/01x2j0a42,Huaihua Radio and Television University,active,8327965,Jinxi,Jiangsu,31.1793,120.8933,safe_active_exact_name_site_agreement
1208,fta_partner,review,CN,China,,,,,,,,,held_site_name_conflict
1209,fta_partner,review,CN,China,,,,,,,,,held_review_site_only
1210,fta_partner,review,CN,China,,,,,,,,,held_review_site_only
1211,fta_partner,safe_active,CN,China,https://ror.org/023b72294,Huazhong Agricultural University,active,1791247,Wuhan,Hubei,30.58333,114.26667,safe_active_exact_name_site_agreement
1212,fta_partner,safe_active,CN,China,https://ror.org/00p991c53,Huazhong University of Science and Technology,active,1791247,Wuhan,Hubei,30.58333,114.26667,safe_active_exact_name_only
1213,fta_partner,safe_active,CN,China,https://ror.org/03a60m280,Hubei University,active,1791247,Wuhan,Hubei,30.58333,114.26667,safe_active_exact_name_site_agreement
1214,fta_partner,safe_active,CN,China,https://ror.org/03q3s7962,Huizhou University,active,1806776,Huizhou,Guangdong,23.11147,114.41523,safe_active_exact_name_only
1215,fta_partner,safe_active,CN,China,https://ror.org/01dzed356,Hunan Agricultural University,active,1815577,Changsha,Hunan,28.19874,112.97087,safe_active_exact_name_only
1216,fta_partner,safe_active,CN,China,https://ror.org/053w1zy07,Hunan Normal University,active,1815577,Changsha,Hunan,28.19874,112.97087,safe_active_exact_name_site_agreement
1217,fta_partner,safe_active,CN,China,https://ror.org/05htk5m33,Hunan University,active,1815577,Changsha,Hunan,28.19874,112.97087,safe_active_exact_name_only
1218,fta_partner,safe_active,CN,China,https://ror.org/015d0jq83,Inner Mongolia Agricultural University,active,2036892,Hohhot,Inner Mongolia,40.81056,111.65222,safe_active_exact_name_site_agreement
1219,fta_partner,safe_active,CN,China,https://ror.org/0497ase59,Inner Mongolia Normal University,active,2036892,Hohhot,Inner Mongolia,40.81056,111.65222,safe_active_exact_name_site_agreement
1220,fta_partner,unmatched,CN,China,,,,,,,,,unmatched
1221,fta_partner,safe_active,CN,China,https://ror.org/0106qb496,Inner Mongolia University,active,2036892,Hohhot,Inner Mongolia,40.81056,111.65222,safe_active_exact_name_site_agreement
1222,fta_partner,unmatched,CN,China,,,,,,,,,unmatched
1223,fta_partner,safe_active,CN,China,https://ror.org/00tyjp878,Jiangsu University of Science and Technology,active,1784642,Zhenjiang,Jiangsu,32.21086,119.45508,safe_active_exact_name_only
1224,fta_partner,safe_active,CN,China,https://ror.org/00dc7s858,Jiangxi Agricultural University,active,1800163,Nanchang,Jiangxi,28.68396,115.85306,safe_active_exact_name_only
1225,fta_partner,safe_active,CN,China,https://ror.org/05nkgk822,Jiangxi Normal University,active,1800163,Nanchang,Jiangxi,28.68396,115.85306,safe_active_exact_name_site_agreement
1226,fta_partner,safe_active,CN,China,https://ror.org/03efmyj29,Jiangxi University of Finance and Economics,active,1800163,Nanchang,Jiangxi,28.68396,115.85306,safe_active_exact_name_site_agreement
1227,fta_partner,safe_active,CN,China,https://ror.org/03jy32q83,Jiangxi University of Traditional Chinese Medicine,active,1800163,Nanchang,Jiangxi,28.68396,115.85306,safe_active_exact_name_only
1228,fta_partner,safe_active,CN,China,https://ror.org/018jdfk45,Jiaying University,active,1800779,Meizhou,Guangdong,24.28859,116.11768,safe_active_exact_name_site_agreement
1229,fta_partner,safe_active,CN,China,https://ror.org/05dmhhd41,Jilin Agricultural University,active,2038180,Changchun,Jilin,43.88,125.32278,safe_active_exact_name_site_agreement
1230,fta_partner,safe_active,CN,China,https://ror.org/00js3aw79,Jilin University,active,2038180,Changchun,Jilin,43.88,125.32278,safe_active_exact_name_site_agreement
1231,fta_partner,unmatched,CN,China,,,,,,,,,unmatched
1232,fta_partner,safe_active,CN,China,https://ror.org/03hknyb50,Jimei University,active,1790645,Xiamen,Fujian,24.47979,118.08187,safe_active_exact_name_site_agreement
1233,fta_partner,safe_active,CN,China,https://ror.org/02xe5ns62,Jinan University,active,1809858,Guangzhou,Guangdong,23.11667,113.25,safe_active_exact_name_site_agreement
1234,fta_partner,review,CN,China,,,,,,,,,held_review_site_only
1235,fta_partner,safe_active,CN,China,https://ror.org/056szk247,Jishou University,active,1813171,Zhangjiajie,Hunan,29.12944,110.47833,safe_active_exact_name_site_agreement
1236,fta_partner,unmatched,CN,China,,,,,,,,,unmatched
1237,fta_partner,safe_active,CN,China,https://ror.org/01mkqqe32,Lanzhou University,active,1804430,Lanzhou,Gansu,36.05701,103.83987,safe_active_exact_name_site_agreement
1238,fta_partner,unmatched,CN,China,,,,,,,,,unmatched
1239,fta_partner,safe_active,CN,China,https://ror.org/04c3cgg32,Liaoning Normal University,active,1814087,Dalian,Liaoning,38.91222,121.60222,safe_active_exact_name_site_agreement
1240,fta_partner,safe_active,CN,China,https://ror.org/01n2bd587,Liaoning Technical University,active,2037346,Fuxin,Liaoning,42.01556,121.65889,safe_active_exact_name_site_agreement
1241,fta_partner,safe_active,CN,China,https://ror.org/03xpwj629,Liaoning University,active,2034937,Shenyang,Liaoning,41.79222,123.43278,safe_active_exact_name_site_agreement
1242,fta_partner,unmatched,CN,China,,,,,,,,,unmatched
1243,fta_partner,safe_active,CN,China,https://ror.org/028h95t32,Ludong University,active,1787093,Yantai,Shandong,37.47649,121.44081,safe_active_exact_name_only
1244,fta_partner,review,CN,China,,,,,,,,,held_review_site_only
1245,fta_partner,unmatched,CN,China,,,,,,,,,unmatched
1246,fta_partner,safe_active,CN,China,https://ror.org/042v6xz23,Nanchang University,active,1800163,Nanchang,Jiangxi,28.68396,115.85306,safe_active_exact_name_site_agreement
1247,fta_partner,safe_active,CN,China,https://ror.org/05td3s095,Nanjing Agricultural University,active,1799962,Nanjing,Jiangsu,32.06167,118.77778,safe_active_exact_name_site_agreement
1248,fta_partner,safe_active,CN,China,https://ror.org/03m96p165,Nanjing Forestry University,active,1799962,Nanjing,Jiangsu,32.06167,118.77778,safe_active_exact_name_site_agreement
1249,fta_partner,unmatched,CN,China,,,,,,,,,unmatched
1250,fta_partner,safe_active,CN,China,https://ror.org/059gcgy73,Nanjing Medical University,active,1799962,Nanjing,Jiangsu,32.06167,118.77778,safe_active_exact_name_site_agreement
1251,fta_partner,safe_active,CN,China,https://ror.org/036trcv74,Nanjing Normal University,active,1799962,Nanjing,Jiangsu,32.06167,118.77778,safe_active_exact_name_site_agreement
1252,fta_partner,unmatched,CN,China,,,,,,,,,unmatched
1253,fta_partner,safe_active,CN,China,https://ror.org/01rxvg760,Nanjing University,active,1799962,Nanjing,Jiangsu,32.06167,118.77778,safe_active_exact_name_site_agreement
1254,fta_partner,safe_active,CN,China,https://ror.org/01scyh794,Nanjing University of Aeronautics and Astronautics,active,1799962,Nanjing,Jiangsu,32.06167,118.77778,safe_active_exact_name_site_agreement
1255,fta_partner,unmatched,CN,China,,,,,,,,,unmatched
1256,fta_partner,unmatched,CN,China,,,,,,,,,unmatched
1257,fta_partner,safe_active,CN,China,https://ror.org/043bpky34,Nanjing University of Posts and Telecommunications,active,1799962,Nanjing,Jiangsu,32.06167,118.77778,safe_active_exact_name_site_agreement
1258,fta_partner,safe_active,CN,China,https://ror.org/00xp9wg62,Nanjing University of Science and Technology,active,1799962,Nanjing,Jiangsu,32.06167,118.77778,safe_active_exact_name_site_agreement
1259,fta_partner,unmatched,CN,China,,,,,,,,,unmatched
1260,fta_partner,safe_active,CN,China,https://ror.org/01y1kjr75,Nankai University,active,1792947,Tianjin,Tianjin,39.14222,117.17667,safe_active_exact_name_only
1261,fta_partner,safe_active,CN,China,https://ror.org/05d2yfz11,National University of Defense Technology,active,1815577,Changsha,Hunan,28.19874,112.97087,safe_active_exact_name_site_agreement
1262,fta_partner,unmatched,CN,China,,,,,,,,,unmatched
1263,fta_partner,safe_active,CN,China,https://ror.org/03et85d35,Ningbo University,active,1799397,Ningbo,Zhejiang,29.87819,121.54945,safe_active_exact_name_site_agreement
1264,fta_partner,safe_active,CN,China,https://ror.org/037dym702,Ningbo University of Technology,active,1799397,Ningbo,Zhejiang,29.87819,121.54945,safe_active_exact_name_site_agreement
1265,fta_partner,review,CN,China,,,,,,,,,held-alias-without-clean-domain-agreement
1266,fta_partner,safe_active,CN,China,https://ror.org/04j7b2v61,Ningxia University,active,1786657,Yinchuan,Ningxia,38.46806,106.27306,safe_active_exact_name_site_agreement
1267,fta_partner,safe_active,CN,China,https://ror.org/04qr5t414,North China Electric Power University,active,1816670,Beijing,Beijing,39.9075,116.39723,safe_active_exact_name_only
1268,fta_partner,safe_active,CN,China,https://ror.org/01nky7652,North China University of Technology,active,1816670,Beijing,Beijing,39.9075,116.39723,safe_active_exact_name_site_agreement
1269,fta_partner,safe_active,CN,China,https://ror.org/0515nd386,Northeast Agricultural University,active,2037013,Harbin,Heilongjiang,45.75,126.65,safe_active_exact_name_site_agreement
1270,fta_partner,safe_active,CN,China,https://ror.org/03awzbc87,Northeastern University,active,2034937,Shenyang,Liaoning,41.79222,123.43278,safe_active_exact_name_site_agreement
1271,fta_partner,review,CN,China,,,,,,,,,held_review_site_only
1272,fta_partner,safe_active,CN,China,https://ror.org/02rkvz144,Northeast Normal University,active,2038180,Changchun,Jilin,43.88,125.32278,safe_active_exact_name_site_agreement
1273,fta_partner,unmatched,CN,China,,,,,,,,,unmatched
1274,fta_partner,review,CN,China,,,,,,,,,held-alias-without-clean-domain-agreement
1275,fta_partner,review,CN,China,,,,,,,,,held_review_site_only
1276,fta_partner,safe_active,CN,China,https://ror.org/0051rme32,Northwest A&F University,active,1787458,Yangling,Shaanxi,34.27173,108.07891,safe_active_exact_name_only
1277,fta_partner,review,CN,China,,,,,,,,,held_review_site_only
1278,fta_partner,review,CN,China,,,,,,,,,held_review_site_only
1279,fta_partner,unmatched,CN,China,,,,,,,,,unmatched
1280,fta_partner,safe_active,CN,China,https://ror.org/04rdtx186,Ocean University of China,active,1797929,Qingdao,Shandong,36.06488,120.38042,safe_active_exact_name_site_agreement
1281,fta_partner,safe_active,CN,China,https://ror.org/01h8y6y39,Panzhihua University,active,6929460,Panzhihua,Sichuan,26.58509,101.71276,safe_active_exact_name_site_agreement
1282,fta_partner,safe_active,CN,China,https://ror.org/02v51f717,Peking University,active,1816670,Beijing,Beijing,39.9075,116.39723,safe_active_exact_name_site_agreement
1283,fta_partner,safe_active,CN,China,https://ror.org/021cj6z65,Qingdao University,active,1797929,Qingdao,Shandong,36.06488,120.38042,safe_active_exact_name_site_agreement
1284,fta_partner,safe_active,CN,China,https://ror.org/041j8js14,Qingdao University of Science and Technology,active,1797929,Qingdao,Shandong,36.06488,120.38042,safe_active_exact_name_site_agreement
1285,fta_partner,safe_active,CN,China,https://ror.org/03az1t892,Qinghai Normal University,active,1788852,Xining,Qinghai,36.62554,101.75739,safe_active_exact_name_site_agreement
1286,fta_partner,unmatched,CN,China,,,,,,,,,unmatched
1287,fta_partner,safe_active,CN,China,https://ror.org/05h33bt13,Qinghai University,active,1788852,Xining,Qinghai,36.62554,101.75739,safe_active_exact_name_site_agreement
1288,fta_partner,review,CN,China,,,,,,,,,held-alias-without-clean-domain-agreement
1289,fta_partner,safe_active,CN,China,https://ror.org/03ceheh96,Qufu Normal University,active,1797333,Qufu,Shandong,35.59667,116.99111,safe_active_exact_name_site_agreement
1290,fta_partner,safe_active,CN,China,https://ror.org/041pakw92,Renmin University of China,active,1816670,Beijing,Beijing,39.9075,116.39723,safe_active_exact_name_site_agreement
1291,fta_partner,safe_active,CN,China,https://ror.org/0170z8493,Shaanxi Normal University,active,1790630,Xi'an,Shaanxi,34.25833,108.92861,safe_active_exact_name_site_agreement
1292,fta_partner,safe_active,CN,China,https://ror.org/02ke8fw32,Shandong Agricultural University,active,1793724,Tai’an,Shandong,36.18528,117.12,safe_active_exact_name_site_agreement
1293,fta_partner,unmatched,CN,China,,,,,,,,,unmatched
1294,fta_partner,review,CN,China,,,,,,,,,held_review_site_only
1295,fta_partner,safe_active,CN,China,https://ror.org/01wy3h363,Shandong Normal University,active,1805753,Jinan,Shandong,36.66833,116.99722,safe_active_exact_name_site_agreement
1296,fta_partner,safe_active,CN,China,https://ror.org/0207yh398,Shandong University,active,1805753,Jinan,Shandong,36.66833,116.99722,safe_active_exact_name_site_agreement
1297,fta_partner,safe_active,CN,China,https://ror.org/034p36h22,Shandong University of Art and Design,active,1805753,Jinan,Shandong,36.66833,116.99722,safe_active_exact_name_site_agreement
1298,fta_partner,safe_active,CN,China,https://ror.org/04gtjhw98,Shandong University of Science and Technology,active,1797929,Qingdao,Shandong,36.06488,120.38042,safe_active_exact_name_site_agreement
1299,fta_partner,safe_active,CN,China,https://ror.org/02mr3ar13,Shandong University of Technology,active,1785286,Zibo,Shandong,36.79056,118.06333,safe_active_exact_name_site_agreement
1300,fta_partner,review,CN,China,,,,,,,,,held_review_site_only
1301,fta_partner,safe_active,CN,China,https://ror.org/05kf5z787,Shanghai Business School,active,1796236,Shanghai,Shanghai,31.22222,121.45806,safe_active_exact_name_site_agreement
1302,fta_partner,unmatched,CN,China,,,,,,,,,unmatched
1303,fta_partner,safe_active,CN,China,https://ror.org/01agvej60,Shanghai Customs College,active,1796236,Shanghai,Shanghai,31.22222,121.45806,safe_active_exact_name_only
1304,fta_partner,review,CN,China,,,,,,,,,held_review_site_only
1305,fta_partner,review,CN,China,,,,,,,,,held_review_site_only
1306,fta_partner,safe_active,CN,China,https://ror.org/01bn89z48,Shanghai International Studies University,active,1796236,Shanghai,Shanghai,31.22222,121.45806,safe_active_exact_name_site_agreement
1307,fta_partner,safe_active,CN,China,https://ror.org/0220qvk04,Shanghai Jiao Tong University,active,1796236,Shanghai,Shanghai,31.22222,121.45806,safe_active_exact_name_site_agreement
1308,fta_partner,unmatched,CN,China,,,,,,,,,unmatched
1309,fta_partner,safe_active,CN,China,https://ror.org/02g81yf77,Shanghai Lixin University of Accounting and Finance,active,1796236,Shanghai,Shanghai,31.22222,121.45806,safe_active_exact_name_site_agreement
1310,fta_partner,safe_active,CN,China,https://ror.org/04z7qrj66,Shanghai Maritime University,active,1796236,Shanghai,Shanghai,31.22222,121.45806,safe_active_exact_name_site_agreement
1311,fta_partner,unmatched,CN,China,,,,,,,,,unmatched
1312,fta_partner,safe_active,CN,China,https://ror.org/01cxqmw89,Shanghai Normal University,active,1796236,Shanghai,Shanghai,31.22222,121.45806,safe_active_exact_name_only
1313,fta_partner,safe_active,CN,China,https://ror.org/04n40zv07,Shanghai Ocean University,active,1796236,Shanghai,Shanghai,31.22222,121.45806,safe_active_exact_name_site_agreement
1314,fta_partner,unmatched,CN,China,,,,,,,,,unmatched
1315,fta_partner,review,CN,China,,,,,,,,,held_review_site_only
1316,fta_partner,unmatched,CN,China,,,,,,,,,unmatched
1317,fta_partner,safe_active,CN,China,https://ror.org/02as5yg64,Shanghai Polytechnic University,active,1796236,Shanghai,Shanghai,31.22222,121.45806,safe_active_exact_name_only
1318,fta_partner,unmatched,CN,China,,,,,,,,,unmatched
1319,fta_partner,safe_active,CN,China,https://ror.org/027r7gj11,Shanghai Open University,active,1796236,Shanghai,Shanghai,31.22222,121.45806,safe_active_exact_name_site_agreement
1320,fta_partner,unmatched,CN,China,,,,,,,,,unmatched
1321,fta_partner,safe_active,CN,China,https://ror.org/006teas31,Shanghai University,active,1796236,Shanghai,Shanghai,31.22222,121.45806,safe_active_exact_name_site_agreement
1322,fta_partner,safe_active,CN,China,https://ror.org/0557b9y08,Shanghai University of Engineering Science,active,1796236,Shanghai,Shanghai,31.22222,121.45806,safe_active_exact_name_site_agreement
1323,fta_partner,safe_active,CN,China,https://ror.org/00wtvfq62,Shanghai University of Finance and Economics,active,1796236,Shanghai,Shanghai,31.22222,121.45806,safe_active_exact_name_site_agreement
1324,fta_partner,review,CN,China,,,,,,,,,held_review_site_only
1325,fta_partner,review,CN,China,,,,,,,,,held_review_site_only
1326,fta_partner,safe_active,CN,China,https://ror.org/01a099706,Shantou University,active,1795940,Shantou,Guangdong,23.35489,116.67876,safe_active_exact_name_site_agreement
1327,fta_partner,review,CN,China,,,,,,,,,held-multiple-ror-locations
1328,fta_partner,review,CN,China,,,,,,,,,held_site_name_conflict
1329,fta_partner,safe_active,CN,China,https://ror.org/03y3e3s17,Shanxi University,active,1793511,Taiyuan,Shanxi,37.86944,112.56028,safe_active_exact_name_site_agreement
1330,fta_partner,safe_active,CN,China,https://ror.org/0286g6711,Shaoguan University,active,1795874,Shaoguan,Guangdong,24.8,113.58333,safe_active_exact_name_site_agreement
1331,fta_partner,unmatched,CN,China,,,,,,,,,unmatched
1332,fta_partner,safe_active,CN,China,https://ror.org/01zr73v18,Shenyang Jianzhu University,active,2034937,Shenyang,Liaoning,41.79222,123.43278,safe_active_exact_name_only
1333,fta_partner,safe_active,CN,China,https://ror.org/03dnytd23,Shenyang Pharmaceutical University,active,2034937,Shenyang,Liaoning,41.79222,123.43278,safe_active_exact_name_site_agreement
1334,fta_partner,unmatched,CN,China,,,,,,,,,unmatched
1335,fta_partner,safe_active,CN,China,https://ror.org/04ddfwm68,Shenyang University,active,2034937,Shenyang,Liaoning,41.79222,123.43278,safe_active_exact_name_site_agreement
1336,fta_partner,safe_active,CN,China,https://ror.org/01vy4gh70,Shenzhen University,active,1795565,Shenzhen,Guangdong,22.54554,114.0683,safe_active_exact_name_site_agreement
1337,fta_partner,safe_active,CN,China,https://ror.org/04x0kvm78,Shihezi University,active,1529195,Shihezi,Xinjiang,44.3023,86.03694,safe_active_exact_name_site_agreement
1338,fta_partner,safe_active,CN,China,https://ror.org/0388c3403,Sichuan Agricultural University,active,1787816,Ya'an,Sichuan,29.98521,102.999,safe_active_exact_name_site_agreement
1339,fta_partner,unmatched,CN,China,,,,,,,,,unmatched
1340,fta_partner,safe_active,CN,China,https://ror.org/036pm0w06,Sichuan International Studies University,active,1814906,Chongqing,Chongqing,29.56026,106.55771,safe_active_exact_name_site_agreement
1341,fta_partner,safe_active,CN,China,https://ror.org/043dxc061,Sichuan Normal University,active,1815286,Chengdu,Sichuan,30.66667,104.06667,safe_active_exact_name_site_agreement
1342,fta_partner,safe_active,CN,China,https://ror.org/011ashp19,Sichuan University,active,1815286,Chengdu,Sichuan,30.66667,104.06667,safe_active_exact_name_site_agreement
1343,fta_partner,safe_active,CN,China,https://ror.org/05v9jqt67,South China Agricultural University,active,1809858,Guangzhou,Guangdong,23.11667,113.25,safe_active_exact_name_site_agreement
1344,fta_partner,unmatched,CN,China,,,,,,,,,unmatched
1345,fta_partner,safe_active,CN,China,https://ror.org/01kq0pv72,South China Normal University,active,1809858,Guangzhou,Guangdong,23.11667,113.25,safe_active_exact_name_site_agreement
1346,fta_partner,review,CN,China,,,,,,,,,held_review_site_only
1347,fta_partner,safe_active,CN,China,https://ror.org/0530pts50,South China University of Technology,active,1809858,Guangzhou,Guangdong,23.11667,113.25,safe_active_exact_name_site_agreement
1348,fta_partner,safe_active,CN,China,https://ror.org/04ct4d772,Southeast University,active,1799962,Nanjing,Jiangsu,32.06167,118.77778,safe_active_exact_name_site_agreement
1349,fta_partner,unmatched,CN,China,,,,,,,,,unmatched
1350,fta_partner,review,CN,China,,,,,,,,,held-alias-without-clean-domain-agreement
1351,fta_partner,review,CN,China,,,,,,,,,held-alias-without-clean-domain-agreement
1352,fta_partner,unmatched,CN,China,,,,,,,,,unmatched
1353,fta_partner,safe_active,CN,China,https://ror.org/03dfa9f06,Southwest Forestry University,active,1804651,Kunming,Yunnan,25.03889,102.71833,safe_active_exact_name_site_agreement
1354,fta_partner,safe_active,CN,China,https://ror.org/00hn7w693,Southwest Jiaotong University,active,1815286,Chengdu,Sichuan,30.66667,104.06667,safe_active_exact_name_site_agreement
1355,fta_partner,safe_active,CN,China,https://ror.org/03h17x602,Southwest Petroleum University,active,1815286,Chengdu,Sichuan,30.66667,104.06667,safe_active_exact_name_site_agreement
1356,fta_partner,safe_active,CN,China,https://ror.org/01kj4z117,Southwest University,active,1814906,Chongqing,Chongqing,29.56026,106.55771,safe_active_exact_name_only
1357,fta_partner,review,CN,China,,,,,,,,,held_review_site_only
1358,fta_partner,review,CN,China,,,,,,,,,held_review_site_only
1359,fta_partner,safe_active,CN,China,https://ror.org/02pz16m08,Southwest University of Political Science & Law,active,1814906,Chongqing,Chongqing,29.56026,106.55771,safe_active_exact_name_site_agreement
1360,fta_partner,safe_active,CN,China,https://ror.org/04d996474,Southwest University of Science and Technology,active,1800627,Mianyang,Sichuan,31.46784,104.68168,safe_active_exact_name_site_agreement
1361,fta_partner,unmatched,CN,China,,,,,,,,,unmatched
1362,fta_partner,unmatched,CN,China,,,,,,,,,unmatched
1363,fta_partner,review,CN,China,,,,,,,,,held_site_name_conflict
1364,fta_partner,safe_active,CN,China,https://ror.org/03kv08d37,Taiyuan University of Technology,active,1793511,Taiyuan,Shanxi,37.86944,112.56028,safe_active_exact_name_site_agreement
1365,fta_partner,review,CN,China,,,,,,,,,held_review_site_only
1366,fta_partner,safe_active,CN,China,https://ror.org/05202v862,Tarim University,active,1529641,Aral,Xinjiang,40.54184,81.26566,safe_active_exact_name_site_agreement
1367,fta_partner,review,CN,China,,,,,,,,,held_review_site_only
1368,fta_partner,review,CN,China,,,,,,,,,held_review_site_only
1369,fta_partner,safe_active,CN,China,https://ror.org/02mh8wx89,Tianjin Medical University,active,1792947,Tianjin,Tianjin,39.14222,117.17667,safe_active_exact_name_only
1370,fta_partner,review,CN,China,,,,,,,,,held_ambiguous_active_exact_name
1371,fta_partner,safe_active,CN,China,https://ror.org/02d19m529,Tianjin Open University,active,1792947,Tianjin,Tianjin,39.14222,117.17667,safe_active_exact_name_site_agreement
1372,fta_partner,review,CN,China,,,,,,,,,held-alias-without-clean-domain-agreement
1373,fta_partner,safe_active,CN,China,https://ror.org/012tb2g32,Tianjin University,active,1792947,Tianjin,Tianjin,39.14222,117.17667,safe_active_exact_name_site_agreement
1374,fta_partner,safe_active,CN,China,https://ror.org/02b6amy98,Tianjin University of Commerce,active,1792947,Tianjin,Tianjin,39.14222,117.17667,safe_active_exact_name_site_agreement
1375,fta_partner,safe_active,CN,China,https://ror.org/05ev1jb90,Tianjin University of Finance and Economics,active,1792947,Tianjin,Tianjin,39.14222,117.17667,safe_active_exact_name_site_agreement
1376,fta_partner,safe_active,CN,China,https://ror.org/00zbe0w13,Tianjin University of Technology,active,1792947,Tianjin,Tianjin,39.14222,117.17667,safe_active_exact_name_site_agreement
1377,fta_partner,unmatched,CN,China,,,,,,,,,unmatched
1378,fta_partner,review,CN,China,,,,,,,,,held_review_site_only
1379,fta_partner,safe_active,CN,China,https://ror.org/05petvd47,Tibet University,active,1280737,Lhasa,Tibet,29.65,91.1,safe_active_exact_name_site_agreement
1380,fta_partner,review,CN,China,,,,,,,,,held_review_site_only
1381,fta_partner,unmatched,CN,China,,,,,,,,,unmatched
1382,fta_partner,safe_active,CN,China,https://ror.org/03rc6as71,Tongji University,active,1796236,Shanghai,Shanghai,31.22222,121.45806,safe_active_exact_name_site_agreement
1383,fta_partner,safe_active,CN,China,https://ror.org/03cve4549,Tsinghua University,active,1816670,Beijing,Beijing,39.9075,116.39723,safe_active_exact_name_site_agreement
1384,fta_partner,safe_active,CN,China,https://ror.org/04qr3zq92,University of Electronic Science and Technology of China,active,1815286,Chengdu,Sichuan,30.66667,104.06667,safe_active_exact_name_site_agreement
1385,fta_partner,unmatched,CN,China,,,,,,,,,unmatched
1386,fta_partner,safe_active,CN,China,https://ror.org/05khqpb71,University of International Business and Economics,active,1816670,Beijing,Beijing,39.9075,116.39723,safe_active_exact_name_only
1387,fta_partner,safe_active,CN,China,https://ror.org/02mjz6f26,University of Jinan,active,1805753,Jinan,Shandong,36.66833,116.99722,safe_active_exact_name_site_agreement
1388,fta_partner,unmatched,CN,China,,,,,,,,,unmatched
1389,fta_partner,safe_active,CN,China,https://ror.org/02egmk993,University of Science and Technology Beijing,active,1816670,Beijing,Beijing,39.9075,116.39723,safe_active_exact_name_site_agreement
1390,fta_partner,safe_active,CN,China,https://ror.org/04c4dkn09,University of Science and Technology of China,active,1808722,Hefei,Anhui,31.86389,117.28083,safe_active_exact_name_site_agreement
1391,fta_partner,safe_active,CN,China,https://ror.org/05kmekg24,Urumqi Vocational University,active,1529102,Ürümqi,Xinjiang,43.80096,87.60046,safe_active_exact_name_site_agreement
1392,fta_partner,unmatched,CN,China,,,,,,,,,unmatched
1393,fta_partner,safe_active,CN,China,https://ror.org/020hxh324,Wenzhou University,active,1791388,Wenzhou,Zhejiang,27.99942,120.66682,safe_active_exact_name_site_agreement
1394,fta_partner,unmatched,CN,China,,,,,,,,,unmatched
1395,fta_partner,unmatched,CN,China,,,,,,,,,unmatched
1396,fta_partner,unmatched,CN,China,,,,,,,,,unmatched
1397,fta_partner,unmatched,CN,China,,,,,,,,,unmatched
1398,fta_partner,unmatched,CN,China,,,,,,,,,unmatched
1399,fta_partner,safe_active,CN,China,https://ror.org/033vjfk17,Wuhan University,active,1791247,Wuhan,Hubei,30.58333,114.26667,safe_active_exact_name_site_agreement
1400,fta_partner,unmatched,CN,China,,,,,,,,,unmatched
1401,fta_partner,safe_active,CN,China,https://ror.org/03fe7t173,Wuhan University of Technology,active,1791247,Wuhan,Hubei,30.58333,114.26667,safe_active_exact_name_site_agreement
1402,fta_partner,unmatched,CN,China,,,,,,,,,unmatched
1403,fta_partner,unmatched,CN,China,,,,,,,,,unmatched
1404,fta_partner,review,CN,China,,,,,,,,,held_ambiguous_active_exact_name
1405,fta_partner,safe_active,CN,China,https://ror.org/00mcjh785,Xiamen University,active,1790645,Xiamen,Fujian,24.47979,118.08187,safe_active_exact_name_site_agreement
1406,fta_partner,review,CN,China,,,,,,,,,held_review_site_only
1407,fta_partner,unmatched,CN,China,,,,,,,,,unmatched
1408,fta_partner,safe_active,CN,China,https://ror.org/00xsfaz62,Xiangtan University,active,1790492,Xiangtan,Hunan,27.85,112.9,safe_active_exact_name_site_agreement
1409,fta_partner,unmatched,CN,China,,,,,,,,,unmatched
1410,fta_partner,safe_active,CN,China,https://ror.org/05gcme754,Xi'an International Studies University,active,1790630,Xi'an,Shaanxi,34.25833,108.92861,safe_active_exact_name_site_agreement
1411,fta_partner,safe_active,CN,China,https://ror.org/03zmrmn05,Xi’an Jiaotong-Liverpool University,active,1886760,Suzhou,Jiangsu,31.30408,120.59538,safe_active_exact_name_site_agreement
1412,fta_partner,safe_active,CN,China,https://ror.org/017zhmm22,Xi'an Jiaotong University,active,1790630,Xi'an,Shaanxi,34.25833,108.92861,safe_active_exact_name_site_agreement
1413,fta_partner,safe_active,CN,China,https://ror.org/04v2j2k71,Xi'an University of Architecture and Technology,active,1790630,Xi'an,Shaanxi,34.25833,108.92861,safe_active_exact_name_site_agreement
1414,fta_partner,review,CN,China,,,,,,,,,held_review_site_only
1415,fta_partner,safe_active,CN,China,https://ror.org/038avdt50,Xi'an University of Technology,active,1790630,Xi'an,Shaanxi,34.25833,108.92861,safe_active_exact_name_only
1416,fta_partner,safe_active,CN,China,https://ror.org/04gwtvf26,Xihua University,active,1815286,Chengdu,Sichuan,30.66667,104.06667,safe_active_exact_name_site_agreement
1417,fta_partner,unmatched,CN,China,,,,,,,,,unmatched
1418,fta_partner,unmatched,CN,China,,,,,,,,,unmatched
1419,fta_partner,review,CN,China,,,,,,,,,held_review_site_only
1420,fta_partner,safe_active,CN,China,https://ror.org/00ndrvk93,Xinjiang Normal University,active,1529102,Ürümqi,Xinjiang,43.80096,87.60046,safe_active_exact_name_site_agreement
1421,fta_partner,safe_active,CN,China,https://ror.org/059gw8r13,Xinjiang University,active,1529102,Ürümqi,Xinjiang,43.80096,87.60046,safe_active_exact_name_site_agreement
1422,fta_partner,safe_active,CN,China,https://ror.org/00fk31757,Xinjiang University of Finance and Economics,active,1529102,Ürümqi,Xinjiang,43.80096,87.60046,safe_active_exact_name_site_agreement
1423,fta_partner,review,CN,China,,,,,,,,,held_review_site_only
1424,fta_partner,safe_active,CN,China,https://ror.org/01dyr7034,Yan'an University,active,1928421,Shanxi,Hunan,28.03167,110.95444,safe_active_exact_name_site_agreement
1425,fta_partner,safe_active,CN,China,https://ror.org/039xnh269,Yanbian University,active,2033467,Yanji,Jilin,42.88825,129.50241,safe_active_exact_name_site_agreement
1426,fta_partner,safe_active,CN,China,https://ror.org/032se3k78,Yanbian University of Science and Technology,active,2033467,Yanji,Jilin,42.88825,129.50241,safe_active_exact_name_only
1427,fta_partner,safe_active,CN,China,https://ror.org/05v8v7d33,Yangtze Normal University,active,1810979,Fuling,Chongqing,29.70997,107.39391,safe_active_exact_name_site_agreement
1428,fta_partner,safe_active,CN,China,https://ror.org/05bhmhz54,Yangtze University,active,1805540,Jingzhou,Hubei,30.35028,112.19028,safe_active_exact_name_site_agreement
1429,fta_partner,safe_active,CN,China,https://ror.org/03tqb8s11,Yangzhou University,active,1787227,Yangzhou,Jiangsu,32.39722,119.43583,safe_active_exact_name_site_agreement
1430,fta_partner,review,CN,China,,,,,,,,,held_review_site_only
1431,fta_partner,unmatched,CN,China,,,,,,,,,unmatched
1432,fta_partner,safe_active,CN,China,https://ror.org/01rp41m56,Yantai University,active,1787093,Yantai,Shandong,37.47649,121.44081,safe_active_exact_name_site_agreement
1433,fta_partner,review,CN,China,,,,,,,,,held_review_site_only
1434,fta_partner,safe_active,CN,China,https://ror.org/00sc9n023,Yunnan Normal University,active,1804651,Kunming,Yunnan,25.03889,102.71833,safe_active_exact_name_site_agreement
1435,fta_partner,safe_active,CN,China,https://ror.org/0040axw97,Yunnan University,active,1804651,Kunming,Yunnan,25.03889,102.71833,safe_active_exact_name_site_agreement
1436,fta_partner,review,CN,China,,,,,,,,,held_review_site_only
1437,fta_partner,review,CN,China,,,,,,,,,held-alias-without-clean-domain-agreement
1438,fta_partner,safe_active,CN,China,https://ror.org/0569mkk41,Zhejiang Gongshang University,active,1808926,Hangzhou,Zhejiang,30.29365,120.16142,safe_active_exact_name_site_agreement
1439,fta_partner,safe_active,CN,China,https://ror.org/01vevwk45,Zhejiang Normal University,active,1805528,Jinhua,Zhejiang,29.10678,119.64421,safe_active_exact_name_site_agreement
1440,fta_partner,safe_active,CN,China,https://ror.org/03893we55,Zhejiang Sci-Tech University,active,1808926,Hangzhou,Zhejiang,30.29365,120.16142,safe_active_exact_name_site_agreement
1441,fta_partner,safe_active,CN,China,https://ror.org/00a2xv884,Zhejiang University,active,1808926,Hangzhou,Zhejiang,30.29365,120.16142,safe_active_exact_name_site_agreement
1442,fta_partner,safe_active,CN,China,https://ror.org/02djqfd08,Zhejiang University of Technology,active,1808926,Hangzhou,Zhejiang,30.29365,120.16142,safe_active_exact_name_site_agreement
1443,fta_partner,unmatched,CN,China,,,,,,,,,unmatched
1444,fta_partner,unmatched,CN,China,,,,,,,,,unmatched
1445,fta_partner,unmatched,CN,China,,,,,,,,,unmatched
1446,fta_partner,safe_active,CN,China,https://ror.org/04yqxxq63,Zhongnan University of Economics and Law,active,1791247,Wuhan,Hubei,30.58333,114.26667,safe_active_exact_name_only
1447,fta_partner,unmatched,CN,China,,,,,,,,,unmatched
1448,fta_partner,unmatched,CN,China,,,,,,,,,unmatched
1449,fta_partner,unmatched,CN,China,,,,,,,,,unmatched
1598,eu_framework,review,CY,Cyprus,,,,,,,,,held_review_site_only
1599,eu_framework,safe_active,CY,Cyprus,https://ror.org/05xjkag81,Cyprus College,active,146268,Nicosia,Nicosia,35.17531,33.3642,safe_active_exact_name_site_agreement
1600,eu_framework,review,CY,Cyprus,,,,,,,,,held_review_site_only
1601,eu_framework,safe_active,CY,Cyprus,https://ror.org/04mk5mk38,Cyprus International University,active,146268,Nicosia,Nicosia,35.17531,33.3642,safe_active_exact_name_site_agreement
1602,eu_framework,safe_active,CY,Cyprus,https://ror.org/05qt8tf94,Cyprus University of Technology,active,146384,Limassol,Limassol,34.68406,33.03794,safe_active_exact_name_site_agreement
1603,eu_framework,safe_active,CY,Cyprus,https://ror.org/00excyz84,Eastern Mediterranean University,active,146617,Famagusta,Ammochostos,35.12489,33.94135,safe_active_exact_name_only
1604,eu_framework,safe_active,CY,Cyprus,https://ror.org/04xp48827,European University Cyprus,active,146268,Nicosia,Nicosia,35.17531,33.3642,safe_active_exact_name_site_agreement
1605,eu_framework,unmatched,CY,Cyprus,,,,,,,,,unmatched
1606,eu_framework,safe_active,CY,Cyprus,https://ror.org/05d8tf882,Frederick University,active,146268,Nicosia,Nicosia,35.17531,33.3642,safe_active_exact_name_site_agreement
1607,eu_framework,safe_active,CY,Cyprus,https://ror.org/026b8w395,Girne American University,active,146412,Kyrenia,Keryneia,35.33634,33.31729,safe_active_exact_name_site_agreement
1608,eu_framework,safe_active,CY,Cyprus,https://ror.org/012gfrj24,Intercollege,active,146268,Nicosia,Nicosia,35.17531,33.3642,safe_active_exact_name_site_agreement
1609,eu_framework,safe_active,CY,Cyprus,https://ror.org/02x8svs93,Near East University,active,146268,Nicosia,Nicosia,35.17531,33.3642,safe_active_exact_name_site_agreement
1610,eu_framework,safe_active,CY,Cyprus,https://ror.org/033sm2k57,Open University of Cyprus,active,146268,Nicosia,Nicosia,35.17531,33.3642,safe_active_exact_name_site_agreement
1611,eu_framework,unmatched,CY,Cyprus,,,,,,,,,unmatched
1612,eu_framework,safe_active,CY,Cyprus,https://ror.org/02qjrjx09,University of Cyprus,active,146268,Nicosia,Nicosia,35.17284,33.35397,safe_active_exact_name_site_agreement
1613,eu_framework,safe_active,CY,Cyprus,https://ror.org/04v18t651,University of Nicosia,active,146268,Nicosia,Nicosia,35.17531,33.3642,safe_active_exact_name_site_agreement
1614,eu_framework,unmatched,CZ,Czechia,,,,,,,,,unmatched
1615,eu_framework,safe_active,CZ,Czechia,https://ror.org/03arvv474,Anglo-American University,active,3067696,Prague,Prague,50.08804,14.42076,safe_active_exact_name_site_agreement
1616,eu_framework,safe_active,CZ,Czechia,https://ror.org/03613d656,Brno University of Technology,active,3078610,Brno,South Moravian,49.19522,16.60796,safe_active_exact_name_site_agreement
1617,eu_framework,unmatched,CZ,Czechia,,,,,,,,,unmatched
1618,eu_framework,review,CZ,Czechia,,,,,,,,,held_review_site_only
1619,eu_framework,review,CZ,Czechia,,,,,,,,,held_review_site_only
1620,eu_framework,review,CZ,Czechia,,,,,,,,,held_review_site_only
1621,eu_framework,safe_active,CZ,Czechia,https://ror.org/02j46qs45,Masaryk University,active,3078610,Brno,South Moravian,49.19522,16.60796,safe_active_exact_name_site_agreement
1622,eu_framework,review,CZ,Czechia,,,,,,,,,held_review_site_only
1623,eu_framework,review,CZ,Czechia,,,,,,,,,held_review_site_only
1624,eu_framework,review,CZ,Czechia,,,,,,,,,held-alias-without-clean-domain-agreement
1625,eu_framework,review,CZ,Czechia,,,,,,,,,held_review_site_only
1626,eu_framework,unmatched,CZ,Czechia,,,,,,,,,unmatched
1627,eu_framework,review,CZ,Czechia,,,,,,,,,held_review_site_only
1628,eu_framework,safe_active,CZ,Czechia,https://ror.org/02jtk7k02,Technical University of Liberec,active,3071961,Liberec,Liberecký kraj,50.76711,15.05619,safe_active_exact_name_only
1629,eu_framework,review,CZ,Czechia,,,,,,,,,held_review_site_only
1630,eu_framework,safe_active,CZ,Czechia,https://ror.org/03mf7fw42,Tiffin University Prague,active,3067696,Prague,Prague,50.08804,14.42076,safe_active_exact_name_site_agreement
1631,eu_framework,review,CZ,Czechia,,,,,,,,,held_review_site_only
1632,eu_framework,safe_active,CZ,Czechia,https://ror.org/029ecwj92,Prague University of Economics and Business,active,3067696,Prague,Prague,50.08804,14.42076,safe_active_exact_name_site_agreement
1633,eu_framework,review,CZ,Czechia,,,,,,,,,held_review_site_only
1634,eu_framework,review,CZ,Czechia,,,,,,,,,held_review_site_only
1635,eu_framework,safe_active,CZ,Czechia,https://ror.org/042hb4t21,University of New York in Prague,active,3067696,Prague,Prague,50.08804,14.42076,safe_active_exact_name_site_agreement
1636,eu_framework,unmatched,CZ,Czechia,,,,,,,,,unmatched
1637,eu_framework,safe_active,CZ,Czechia,https://ror.org/00pyqav47,University of Ostrava,active,3068799,Ostrava,Moravskoslezský,49.83465,18.28204,safe_active_exact_name_site_agreement
1638,eu_framework,safe_active,CZ,Czechia,https://ror.org/01chzd453,University of Pardubice,active,3068582,Pardubice,Pardubický,50.04075,15.77659,safe_active_exact_name_site_agreement
1639,eu_framework,review,CZ,Czechia,,,,,,,,,held_review_site_only
1640,eu_framework,review,CZ,Czechia,,,,,,,,,held_review_site_only
1641,eu_framework,safe_active,CZ,Czechia,https://ror.org/040t43x18,University of West Bohemia in Pilsen,active,3068160,Pilsen,Plzeň Region,49.74747,13.37759,safe_active_exact_name_site_agreement
1642,eu_framework,unmatched,DE,Germany,,,,,,,,,unmatched
1643,eu_framework,safe_active,DE,Germany,https://ror.org/0245cg223,University of Freiburg,active,2925177,Freiburg im Breisgau,Baden-Wurttemberg,47.9959,7.85222,safe_active_exact_name_site_agreement
1644,eu_framework,unmatched,DE,Germany,,,,,,,,,unmatched
1645,eu_framework,safe_active,DE,Germany,https://ror.org/04nkken68,Augustana-Hochschule Neuendettelsau,active,2865798,Neuendettelsau,Bavaria,49.28333,10.78333,safe_active_exact_name_site_agreement
1646,eu_framework,safe_active,DE,Germany,https://ror.org/033bb5z47,Bauhaus-Universität Weimar,active,2812482,Weimar,Thuringia,50.9803,11.32903,safe_active_exact_name_site_agreement
1647,eu_framework,review,DE,Germany,,,,,,,,,held_review_site_only
1648,eu_framework,review,DE,Germany,,,,,,,,,held_review_site_only
1649,eu_framework,unmatched,DE,Germany,,,,,,,,,unmatched
1650,eu_framework,unmatched,DE,Germany,,,,,,,,,unmatched
1651,eu_framework,safe_active,DE,Germany,https://ror.org/033n9gh91,Carl von Ossietzky Universität Oldenburg,active,2857458,Oldenburg,Lower Saxony,53.14118,8.21467,safe_active_exact_name_only
1652,eu_framework,review,DE,Germany,,,,,,,,,held_review_site_only
1653,eu_framework,review,DE,Germany,,,,,,,,,held_review_site_only
1654,eu_framework,unmatched,DE,Germany,,,,,,,,,unmatched
1655,eu_framework,safe_active,DE,Germany,https://ror.org/0189raq88,German Sport University Cologne,active,2886242,Cologne,North Rhine-Westphalia,50.93333,6.95,safe_active_exact_name_site_agreement
1656,eu_framework,unmatched,DE,Germany,,,,,,,,,unmatched
1657,eu_framework,inactive_history,DE,Germany,,,,,,,,,held_inactive_site_only
1658,eu_framework,review,DE,Germany,,,,,,,,,held_review_site_only
1659,eu_framework,safe_active,DE,Germany,https://ror.org/02xdzy536,Baden-Wuerttemberg Cooperative State University,active,2825297,Stuttgart,Baden-Wurttemberg,48.78232,9.17702,safe_active_exact_name_site_agreement
1660,eu_framework,unmatched,DE,Germany,,,,,,,,,unmatched
1661,eu_framework,safe_active,DE,Germany,https://ror.org/03a1kwz48,University of Tübingen,active,2820860,Tübingen,Baden-Wurttemberg,48.52266,9.05222,safe_active_exact_name_site_agreement
1662,eu_framework,safe_active,DE,Germany,https://ror.org/00r1edq15,Universität Greifswald,active,2917788,Greifswald,Mecklenburg-Vorpommern,54.08905,13.40244,safe_active_exact_name_site_agreement
1663,eu_framework,unmatched,DE,Germany,,,,,,,,,unmatched
1664,eu_framework,unmatched,DE,Germany,,,,,,,,,unmatched
1665,eu_framework,inactive_history,DE,Germany,,,,,,,,,held_inactive_exact_name
1666,eu_framework,unmatched,DE,Germany,,,,,,,,,unmatched
1667,eu_framework,unmatched,DE,Germany,,,,,,,,,unmatched
1668,eu_framework,review,DE,Germany,,,,,,,,,held-alias-without-clean-domain-agreement
1669,eu_framework,unmatched,DE,Germany,,,,,,,,,unmatched
1670,eu_framework,unmatched,DE,Germany,,,,,,,,,unmatched
1671,eu_framework,unmatched,DE,Germany,,,,,,,,,unmatched
1672,eu_framework,unmatched,DE,Germany,,,,,,,,,unmatched
1673,eu_framework,unmatched,DE,Germany,,,,,,,,,unmatched
1674,eu_framework,unmatched,DE,Germany,,,,,,,,,unmatched
1675,eu_framework,unmatched,DE,Germany,,,,,,,,,unmatched
1676,eu_framework,unmatched,DE,Germany,,,,,,,,,unmatched
1677,eu_framework,unmatched,DE,Germany,,,,,,,,,unmatched
1678,eu_framework,unmatched,DE,Germany,,,,,,,,,unmatched
1679,eu_framework,unmatched,DE,Germany,,,,,,,,,unmatched
1680,eu_framework,review,DE,Germany,,,,,,,,,held_review_site_only
1681,eu_framework,review,DE,Germany,,,,,,,,,held_review_site_only
1682,eu_framework,unmatched,DE,Germany,,,,,,,,,unmatched
1683,eu_framework,review,DE,Germany,,,,,,,,,held-alias-without-clean-domain-agreement
1684,eu_framework,unmatched,DE,Germany,,,,,,,,,unmatched
1685,eu_framework,review,DE,Germany,,,,,,,,,held-alias-without-clean-domain-agreement
1686,eu_framework,unmatched,DE,Germany,,,,,,,,,unmatched
1687,eu_framework,unmatched,DE,Germany,,,,,,,,,unmatched
1688,eu_framework,unmatched,DE,Germany,,,,,,,,,unmatched
1689,eu_framework,review,DE,Germany,,,,,,,,,held-alias-without-clean-domain-agreement
1690,eu_framework,review,DE,Germany,,,,,,,,,held-multiple-ror-locations
1691,eu_framework,unmatched,DE,Germany,,,,,,,,,unmatched
1692,eu_framework,safe_active,DE,Germany,https://ror.org/046ns5110,Fachhochschule der Wirtschaft,active,2855745,Paderborn,North Rhine-Westphalia,51.71905,8.75439,safe_active_exact_name_site_agreement
1693,eu_framework,unmatched,DE,Germany,,,,,,,,,unmatched
1694,eu_framework,safe_active,DE,Germany,https://ror.org/03dv91853,Dortmund University of Applied Sciences and Arts,active,2935517,Dortmund,North Rhine-Westphalia,51.51494,7.466,safe_active_exact_name_site_agreement
1695,eu_framework,unmatched,DE,Germany,,,,,,,,,unmatched
1696,eu_framework,unmatched,DE,Germany,,,,,,,,,unmatched
1697,eu_framework,safe_active,DE,Germany,https://ror.org/01hkc4630,University of Applied Sciences Erfurt,active,2929670,Erfurt,Thuringia,50.9787,11.03283,safe_active_exact_name_site_agreement
1698,eu_framework,review,DE,Germany,,,,,,,,,held-alias-without-clean-domain-agreement
1699,eu_framework,review,DE,Germany,,,,,,,,,held-alias-without-clean-domain-agreement
1700,eu_framework,unmatched,DE,Germany,,,,,,,,,unmatched
1701,eu_framework,unmatched,DE,Germany,,,,,,,,,unmatched
1702,eu_framework,review,DE,Germany,,,,,,,,,held_review_site_only
1703,eu_framework,unmatched,DE,Germany,,,,,,,,,unmatched
1704,eu_framework,unmatched,DE,Germany,,,,,,,,,unmatched
1705,eu_framework,unmatched,DE,Germany,,,,,,,,,unmatched
1706,eu_framework,unmatched,DE,Germany,,,,,,,,,unmatched
1707,eu_framework,unmatched,DE,Germany,,,,,,,,,unmatched
1708,eu_framework,unmatched,DE,Germany,,,,,,,,,unmatched
1709,eu_framework,review,DE,Germany,,,,,,,,,held-alias-without-clean-domain-agreement
1710,eu_framework,unmatched,DE,Germany,,,,,,,,,unmatched
1711,eu_framework,unmatched,DE,Germany,,,,,,,,,unmatched
1712,eu_framework,unmatched,DE,Germany,,,,,,,,,unmatched
1713,eu_framework,unmatched,DE,Germany,,,,,,,,,unmatched
1714,eu_framework,unmatched,DE,Germany,,,,,,,,,unmatched
1715,eu_framework,review,DE,Germany,,,,,,,,,held-alias-without-clean-domain-agreement
1716,eu_framework,unmatched,DE,Germany,,,,,,,,,unmatched
1717,eu_framework,review,DE,Germany,,,,,,,,,held_review_site_only
1718,eu_framework,unmatched,DE,Germany,,,,,,,,,unmatched
1719,eu_framework,review,DE,Germany,,,,,,,,,held-alias-without-clean-domain-agreement
1720,eu_framework,review,DE,Germany,,,,,,,,,held-alias-without-clean-domain-agreement
1721,eu_framework,review,DE,Germany,,,,,,,,,held_review_site_only
1722,eu_framework,unmatched,DE,Germany,,,,,,,,,unmatched
1723,eu_framework,unmatched,DE,Germany,,,,,,,,,unmatched
1724,eu_framework,unmatched,DE,Germany,,,,,,,,,unmatched
1725,eu_framework,unmatched,DE,Germany,,,,,,,,,unmatched
1726,eu_framework,unmatched,DE,Germany,,,,,,,,,unmatched
1727,eu_framework,unmatched,DE,Germany,,,,,,,,,unmatched
1728,eu_framework,unmatched,DE,Germany,,,,,,,,,unmatched
1729,eu_framework,unmatched,DE,Germany,,,,,,,,,unmatched
1730,eu_framework,unmatched,DE,Germany,,,,,,,,,unmatched
1731,eu_framework,unmatched,DE,Germany,,,,,,,,,unmatched
1732,eu_framework,unmatched,DE,Germany,,,,,,,,,unmatched
1733,eu_framework,safe_active,DE,Germany,https://ror.org/00pv45a02,FH Münster,active,2867543,Münster,North Rhine-Westphalia,51.96236,7.62571,safe_active_exact_name_site_agreement
1734,eu_framework,unmatched,DE,Germany,,,,,,,,,unmatched
1735,eu_framework,unmatched,DE,Germany,,,,,,,,,unmatched
1736,eu_framework,unmatched,DE,Germany,,,,,,,,,unmatched
1737,eu_framework,review,DE,Germany,,,,,,,,,held-alias-without-clean-domain-agreement
1738,eu_framework,review,DE,Germany,,,,,,,,,held_review_site_only
1739,eu_framework,unmatched,DE,Germany,,,,,,,,,unmatched
1740,eu_framework,unmatched,DE,Germany,,,,,,,,,unmatched
1741,eu_framework,unmatched,DE,Germany,,,,,,,,,unmatched
1742,eu_framework,inactive_history,DE,Germany,,,,,,,,,held_inactive_exact_name
1743,eu_framework,unmatched,DE,Germany,,,,,,,,,unmatched
1744,eu_framework,unmatched,DE,Germany,,,,,,,,,unmatched
1745,eu_framework,safe_active,DE,Germany,https://ror.org/012m9bp23,University of Applied Sciences Potsdam,active,2852458,Potsdam,Brandenburg,52.39886,13.06566,safe_active_exact_name_site_agreement
1746,eu_framework,unmatched,DE,Germany,,,,,,,,,unmatched
1747,eu_framework,unmatched,DE,Germany,,,,,,,,,unmatched
1748,eu_framework,unmatched,DE,Germany,,,,,,,,,unmatched
1749,eu_framework,unmatched,DE,Germany,,,,,,,,,unmatched
1750,eu_framework,unmatched,DE,Germany,,,,,,,,,unmatched
1751,eu_framework,unmatched,DE,Germany,,,,,,,,,unmatched
1752,eu_framework,review,DE,Germany,,,,,,,,,held_review_site_only
1753,eu_framework,unmatched,DE,Germany,,,,,,,,,unmatched
1754,eu_framework,safe_active,DE,Germany,https://ror.org/04g99jx54,University of Applied Sciences Stralsund,active,2826287,Stralsund,Mecklenburg-Vorpommern,54.30911,13.0818,safe_active_exact_name_site_agreement
1755,eu_framework,review,DE,Germany,,,,,,,,,held_review_site_only
1756,eu_framework,unmatched,DE,Germany,,,,,,,,,unmatched
1757,eu_framework,unmatched,DE,Germany,,,,,,,,,unmatched
1758,eu_framework,unmatched,DE,Germany,,,,,,,,,unmatched
1759,eu_framework,unmatched,DE,Germany,,,,,,,,,unmatched
1760,eu_framework,review,DE,Germany,,,,,,,,,held_review_site_only
1761,eu_framework,unmatched,DE,Germany,,,,,,,,,unmatched
1762,eu_framework,unmatched,DE,Germany,,,,,,,,,unmatched
1763,eu_framework,unmatched,DE,Germany,,,,,,,,,unmatched
1764,eu_framework,unmatched,DE,Germany,,,,,,,,,unmatched
1765,eu_framework,review,DE,Germany,,,,,,,,,held-alias-without-clean-domain-agreement
1766,eu_framework,unmatched,DE,Germany,,,,,,,,,unmatched
1767,eu_framework,review,DE,Germany,,,,,,,,,held_review_site_only
1768,eu_framework,unmatched,DE,Germany,,,,,,,,,unmatched
1769,eu_framework,safe_active,DE,Germany,https://ror.org/046ak2485,Freie Universität Berlin,active,2950159,Berlin,State of Berlin,52.52437,13.41053,safe_active_exact_name_site_agreement
1770,eu_framework,safe_active,DE,Germany,https://ror.org/00f7hpc57,Friedrich-Alexander-Universität Erlangen-Nürnberg,active,2929567,Erlangen,Bavaria,49.59099,11.00783,safe_active_exact_name_only
1771,eu_framework,safe_active,DE,Germany,https://ror.org/05qpz1x62,Friedrich Schiller University Jena,active,2895044,Jena,Thuringia,50.92878,11.5899,safe_active_exact_name_site_agreement
1772,eu_framework,safe_active,DE,Germany,https://ror.org/01y9bpm73,University of Göttingen,active,2918632,Göttingen,Lower Saxony,51.53443,9.93228,safe_active_exact_name_site_agreement
1773,eu_framework,unmatched,DE,Germany,,,,,,,,,unmatched
1774,eu_framework,unmatched,DE,Germany,,,,,,,,,unmatched
1775,eu_framework,safe_active,DE,Germany,https://ror.org/01fzsd381,HafenCity University Hamburg,active,2911298,Hamburg,Hamburg,53.55073,9.99302,safe_active_exact_name_site_agreement
1776,eu_framework,safe_active,DE,Germany,https://ror.org/00vjd4k74,HHL Leipzig Graduate School of Management,active,2879139,Leipzig,Saxony,51.33962,12.37129,safe_active_exact_name_site_agreement
1777,eu_framework,safe_active,DE,Germany,https://ror.org/024z2rq82,Heinrich Heine University Düsseldorf,active,2934246,Düsseldorf,North Rhine-Westphalia,51.22172,6.77616,safe_active_exact_name_site_agreement
1778,eu_framework,review,DE,Germany,,,,,,,,,held_review_site_only
1779,eu_framework,safe_active,DE,Germany,https://ror.org/03crxcn36,Albstadt-Sigmaringen University,active,2958595,Albstadt,Baden-Wurttemberg,48.21644,9.02596,safe_active_exact_name_site_agreement
1780,eu_framework,review,DE,Germany,,,,,,,,,held_review_site_only
1781,eu_framework,safe_active,DE,Germany,https://ror.org/04f7jc139,Hochschule Bremen,active,2944388,Bremen,City state Bremen,53.07582,8.80717,safe_active_exact_name_site_agreement
1782,eu_framework,safe_active,DE,Germany,https://ror.org/001yqrb02,Hochschule Bremerhaven,active,2944368,Bremerhaven,City state Bremen,53.55357,8.57553,safe_active_exact_name_site_agreement
1783,eu_framework,safe_active,DE,Germany,https://ror.org/02p5hsv84,Coburg University of Applied Sciences,active,2939951,Coburg,Bavaria,50.25937,10.96384,safe_active_exact_name_site_agreement
1784,eu_framework,safe_active,DE,Germany,https://ror.org/047wbd030,Darmstadt University of Applied Sciences,active,2938913,Darmstadt,Hesse,49.87167,8.65027,safe_active_exact_name_only
1785,eu_framework,safe_active,DE,Germany,https://ror.org/056cezx90,Esslingen University of Applied Sciences,active,2928751,Esslingen am Neckar,Baden-Wurttemberg,48.73961,9.30473,safe_active_exact_name_site_agreement
1786,eu_framework,safe_active,DE,Germany,https://ror.org/041bz9r75,Fulda University of Applied Sciences,active,2923822,Fulda,Hesse,50.55162,9.67518,safe_active_exact_name_site_agreement
1787,eu_framework,unmatched,DE,Germany,,,,,,,,,unmatched
1788,eu_framework,unmatched,DE,Germany,,,,,,,,,unmatched
1789,eu_framework,unmatched,DE,Germany,,,,,,,,,unmatched
1790,eu_framework,unmatched,DE,Germany,,,,,,,,,unmatched
1791,eu_framework,safe_active,DE,Germany,https://ror.org/02kqy4228,Munich School of Philosophy,active,2867714,Munich,Bavaria,48.13743,11.57549,safe_active_exact_name_only
1792,eu_framework,unmatched,DE,Germany,,,,,,,,,unmatched
1793,eu_framework,safe_active,DE,Germany,https://ror.org/02ge27m07,Hochschule für Technik und Wirtschaft des Saarlandes,active,2842647,Saarbrücken,Saarland,49.23262,7.00982,safe_active_exact_name_only
1794,eu_framework,review,DE,Germany,,,,,,,,,held_review_site_only
1795,eu_framework,unmatched,DE,Germany,,,,,,,,,unmatched
1796,eu_framework,review,DE,Germany,,,,,,,,,held_review_site_only
1797,eu_framework,review,DE,Germany,,,,,,,,,held_review_site_only
1798,eu_framework,review,DE,Germany,,,,,,,,,held_review_site_only
1799,eu_framework,unmatched,DE,Germany,,,,,,,,,unmatched
1800,eu_framework,review,DE,Germany,,,,,,,,,held_review_site_only
1801,eu_framework,review,DE,Germany,,,,,,,,,held_review_site_only
1802,eu_framework,unmatched,DE,Germany,,,,,,,,,unmatched
1803,eu_framework,review,DE,Germany,,,,,,,,,held_review_site_only
1804,eu_framework,unmatched,DE,Germany,,,,,,,,,unmatched
1805,eu_framework,unmatched,DE,Germany,,,,,,,,,unmatched
1806,eu_framework,unmatched,DE,Germany,,,,,,,,,unmatched
1807,eu_framework,review,DE,Germany,,,,,,,,,held_review_site_only
1808,eu_framework,unmatched,DE,Germany,,,,,,,,,unmatched
1809,eu_framework,unmatched,DE,Germany,,,,,,,,,unmatched
1810,eu_framework,safe_active,DE,Germany,https://ror.org/000jzpp78,International University in Germany,active,2943560,Bruchsal,Baden-Wurttemberg,49.12426,8.59804,safe_active_exact_name_site_agreement
1811,eu_framework,safe_active,DE,Germany,https://ror.org/02yrs2n53,Constructor University,active,2944388,Bremen,City state Bremen,53.07582,8.80717,safe_active_exact_name_site_agreement
1812,eu_framework,safe_active,DE,Germany,https://ror.org/023b0x485,Johannes Gutenberg University Mainz,active,2874225,Mainz,Rheinland-Pfalz,49.98419,8.2791,safe_active_exact_name_site_agreement
1813,eu_framework,safe_active,DE,Germany,https://ror.org/04cvxnb49,Goethe University Frankfurt,active,2925533,Frankfurt am Main,Hesse,50.11552,8.68417,safe_active_exact_name_site_agreement
1814,eu_framework,safe_active,DE,Germany,https://ror.org/033eqas34,Justus-Liebig-Universität Gießen,active,2920512,Giessen,Hesse,50.58727,8.67554,safe_active_exact_name_site_agreement
1815,eu_framework,safe_active,DE,Germany,https://ror.org/03yjyed28,Karlshochschule International University,active,2892794,Karlsruhe,Baden-Wurttemberg,49.00937,8.40444,safe_active_exact_name_site_agreement
1816,eu_framework,unmatched,DE,Germany,,,,,,,,,unmatched
1817,eu_framework,unmatched,DE,Germany,,,,,,,,,unmatched
1818,eu_framework,unmatched,DE,Germany,,,,,,,,,unmatched
1819,eu_framework,unmatched,DE,Germany,,,,,,,,,unmatched
1820,eu_framework,unmatched,DE,Germany,,,,,,,,,unmatched
1821,eu_framework,unmatched,DE,Germany,,,,,,,,,unmatched
1822,eu_framework,review,DE,Germany,,,,,,,,,held-alias-without-clean-domain-agreement
1823,eu_framework,unmatched,DE,Germany,,,,,,,,,unmatched
1824,eu_framework,unmatched,DE,Germany,,,,,,,,,unmatched
1825,eu_framework,review,DE,Germany,,,,,,,,,held_review_site_only
1826,eu_framework,safe_active,DE,Germany,https://ror.org/040d40q10,Kunstakademie Düsseldorf,active,2934246,Düsseldorf,North Rhine-Westphalia,51.22172,6.77616,safe_active_exact_name_only
1827,eu_framework,review,DE,Germany,,,,,,,,,held_review_site_only
1828,eu_framework,safe_active,DE,Germany,https://ror.org/05591te55,Ludwig-Maximilians-Universität München,active,2867714,Munich,Bavaria,48.13743,11.57549,safe_active_exact_name_only
1829,eu_framework,safe_active,DE,Germany,https://ror.org/04vmbkv36,Lutherische Theologische Hochschule Oberursel,active,2858738,Oberursel,Hesse,50.20731,8.57747,safe_active_exact_name_only
1830,eu_framework,unmatched,DE,Germany,,,,,,,,,unmatched
1831,eu_framework,safe_active,DE,Germany,https://ror.org/05gqaka33,Martin Luther University Halle-Wittenberg,active,2911522,Halle,Saxony-Anhalt,51.48158,11.97947,safe_active_exact_name_site_agreement
1832,eu_framework,safe_active,DE,Germany,https://ror.org/00f2yqf98,Medizinische Hochschule Hannover,active,2910831,Hanover,Lower Saxony,52.37052,9.73322,safe_active_exact_name_only
1833,eu_framework,unmatched,DE,Germany,,,,,,,,,unmatched
1834,eu_framework,unmatched,DE,Germany,,,,,,,,,unmatched
1835,eu_framework,review,DE,Germany,,,,,,,,,held_review_site_only
1836,eu_framework,unmatched,DE,Germany,,,,,,,,,unmatched
1837,eu_framework,review,DE,Germany,,,,,,,,,held_review_site_only
1838,eu_framework,unmatched,DE,Germany,,,,,,,,,unmatched
1839,eu_framework,safe_active,DE,Germany,https://ror.org/01c1w6d29,University of Bamberg,active,2952984,Bamberg,Bavaria,49.89873,10.90067,safe_active_exact_name_site_agreement
1840,eu_framework,safe_active,DE,Germany,https://ror.org/00ggpsq73,Otto-von-Guericke-Universität Magdeburg,active,2874545,Magdeburg,Saxony-Anhalt,52.12773,11.62916,safe_active_exact_name_only
1841,eu_framework,unmatched,DE,Germany,,,,,,,,,unmatched
1842,eu_framework,safe_active,DE,Germany,https://ror.org/02rtsfd15,University of Education Freiburg,active,2925177,Freiburg im Breisgau,Baden-Wurttemberg,47.9959,7.85222,safe_active_exact_name_site_agreement
1843,eu_framework,safe_active,DE,Germany,https://ror.org/0044w3h23,Heidelberg University of Education,active,2907911,Heidelberg,Baden-Wurttemberg,49.40768,8.69079,safe_active_exact_name_site_agreement
1844,eu_framework,safe_active,DE,Germany,https://ror.org/01t1kq612,Karlsruhe University of Education,active,2892794,Karlsruhe,Baden-Wurttemberg,49.00937,8.40444,safe_active_exact_name_site_agreement
1845,eu_framework,safe_active,DE,Germany,https://ror.org/02j0n6s98,Ludwigsburg University of Education,active,2875392,Ludwigsburg,Baden-Wurttemberg,48.89731,9.19161,safe_active_exact_name_site_agreement
1846,eu_framework,safe_active,DE,Germany,https://ror.org/02g2sh456,University of Education Schwaebisch Gmuend,active,2835482,Schwäbisch Gmünd,Baden-Wurttemberg,48.79947,9.79809,safe_active_exact_name_site_agreement
1847,eu_framework,safe_active,DE,Germany,https://ror.org/031eq5e98,University of Education Weingarten,active,2812204,Weingarten,Baden-Wurttemberg,47.81009,9.63863,safe_active_exact_name_site_agreement
1848,eu_framework,review,DE,Germany,,,,,,,,,held_review_site_only
1849,eu_framework,review,DE,Germany,,,,,,,,,held_review_site_only
1850,eu_framework,safe_active,DE,Germany,https://ror.org/00717c553,Philosophisch-Theologische Hochschule Münster,active,2867543,Münster,North Rhine-Westphalia,51.96236,7.62571,safe_active_exact_name_site_agreement
1851,eu_framework,safe_active,DE,Germany,https://ror.org/01x84xc38,Sankt Georgen Graduate School of Philosophy and Theology,active,2925533,Frankfurt am Main,Hesse,50.11552,8.68417,safe_active_exact_name_only
1852,eu_framework,unmatched,DE,Germany,,,,,,,,,unmatched
1853,eu_framework,unmatched,DE,Germany,,,,,,,,,unmatched
1854,eu_framework,review,DE,Germany,,,,,,,,,held_review_site_only
1855,eu_framework,safe_active,DE,Germany,https://ror.org/011gev843,Popakademie Baden-Württemberg,active,2873891,Mannheim,Baden-Wurttemberg,49.4891,8.46694,safe_active_exact_name_site_agreement
1856,eu_framework,review,DE,Germany,,,,,,,,,held_review_site_only
1857,eu_framework,unmatched,DE,Germany,,,,,,,,,unmatched
1858,eu_framework,unmatched,DE,Germany,,,,,,,,,unmatched
1859,eu_framework,safe_active,DE,Germany,https://ror.org/013kf9t32,Hanseatic University Rostock,active,2844588,Rostock,Mecklenburg-Vorpommern,54.0887,12.14049,safe_active_exact_name_site_agreement
1860,eu_framework,review,DE,Germany,,,,,,,,,held_review_site_only
1861,eu_framework,review,DE,Germany,,,,,,,,,held-alias-without-clean-domain-agreement
1862,eu_framework,safe_active,DE,Germany,https://ror.org/041nas322,University of Bonn,active,2946447,Bonn,North Rhine-Westphalia,50.73438,7.09549,safe_active_exact_name_site_agreement
1863,eu_framework,safe_active,DE,Germany,https://ror.org/04xfq0f34,RWTH Aachen University,active,3247449,Aachen,North Rhine-Westphalia,50.77664,6.08342,safe_active_exact_name_site_agreement
1864,eu_framework,safe_active,DE,Germany,https://ror.org/04tsk2644,Ruhr University Bochum,active,2947416,Bochum,North Rhine-Westphalia,51.48165,7.21648,safe_active_exact_name_site_agreement
1865,eu_framework,safe_active,DE,Germany,https://ror.org/038t36y30,Heidelberg University,active,2907911,Heidelberg,Baden-Wurttemberg,49.40768,8.69079,safe_active_exact_name_site_agreement
1866,eu_framework,unmatched,DE,Germany,,,,,,,,,unmatched
1867,eu_framework,review,DE,Germany,,,,,,,,,held_review_site_only
1868,eu_framework,unmatched,DE,Germany,,,,,,,,,unmatched
1869,eu_framework,review,DE,Germany,,,,,,,,,held_site_name_conflict
1870,eu_framework,safe_active,DE,Germany,https://ror.org/03efsge90,Steinbeis University Berlin,active,2950159,Berlin,Berlin,52.52437,13.41053,safe_active_exact_name_only
1871,eu_framework,review,DE,Germany,,,,,,,,,held-alias-without-clean-domain-agreement
1872,eu_framework,unmatched,DE,Germany,,,,,,,,,unmatched
1873,eu_framework,unmatched,DE,Germany,,,,,,,,,unmatched
1874,eu_framework,safe_active,DE,Germany,https://ror.org/031vc2293,TU Bergakademie Freiberg,active,2925192,Freiberg,Saxony,50.91089,13.33881,safe_active_exact_name_site_agreement
1875,eu_framework,safe_active,DE,Germany,https://ror.org/03v4gjf40,Technische Universität Berlin,active,2950159,Berlin,State of Berlin,52.52437,13.41053,safe_active_exact_name_only
1876,eu_framework,unmatched,DE,Germany,,,,,,,,,unmatched
1877,eu_framework,safe_active,DE,Germany,https://ror.org/00a208s56,Chemnitz University of Technology,active,2940132,Chemnitz,Saxony,50.8357,12.92922,safe_active_exact_name_site_agreement
1878,eu_framework,safe_active,DE,Germany,https://ror.org/04qb8nc58,Clausthal University of Technology,active,2939995,Clausthal-Zellerfeld,Lower Saxony,51.80949,10.33821,safe_active_exact_name_site_agreement
1879,eu_framework,safe_active,DE,Germany,https://ror.org/05n911h24,Technische Universität Darmstadt,active,2938913,Darmstadt,Hesse,49.87167,8.65027,safe_active_exact_name_site_agreement
1880,eu_framework,safe_active,DE,Germany,https://ror.org/042aqky30,Technische Universität Dresden,active,2935022,Dresden,Saxony,51.05089,13.73832,safe_active_exact_name_site_agreement
1881,eu_framework,review,DE,Germany,,,,,,,,,held-alias-without-clean-domain-agreement
1882,eu_framework,safe_active,DE,Germany,https://ror.org/01weqhp73,Technische Universität Ilmenau,active,2896514,Ilmenau,Thuringia,50.68322,10.91858,safe_active_exact_name_site_agreement
1883,eu_framework,safe_active,DE,Germany,https://ror.org/02kkvpp62,Technical University of Munich,active,2867714,Munich,Bavaria,48.13743,11.57549,safe_active_exact_name_only
1884,eu_framework,safe_active,DE,Germany,https://ror.org/00e8f1a50,Theologische Fakultät Paderborn,active,2855745,Paderborn,North Rhine-Westphalia,51.71905,8.75439,safe_active_exact_name_only
1885,eu_framework,review,DE,Germany,,,,,,,,,held_site_name_conflict
1886,eu_framework,safe_active,DE,Germany,https://ror.org/038rep477,Friedensau Adventist University,active,2870278,Möckern,Saxony-Anhalt,52.14099,11.95203,safe_active_exact_name_site_agreement
1887,eu_framework,review,DE,Germany,,,,,,,,,held_review_site_only
1888,eu_framework,safe_active,DE,Germany,https://ror.org/03p14d497,University of Augsburg,active,2954172,Augsburg,Bavaria,48.37154,10.89851,safe_active_exact_name_site_agreement
1889,eu_framework,safe_active,DE,Germany,https://ror.org/0234wmv40,University of Bayreuth,active,2951825,Bayreuth,Bavaria,49.94782,11.57893,safe_active_exact_name_only
1890,eu_framework,safe_active,DE,Germany,https://ror.org/02hpadn98,Bielefeld University,active,2949186,Bielefeld,North Rhine-Westphalia,52.03333,8.53333,safe_active_exact_name_site_agreement
1891,eu_framework,safe_active,DE,Germany,https://ror.org/04ers2y35,University of Bremen,active,2944388,Bremen,City state Bremen,53.07582,8.80717,safe_active_exact_name_site_agreement
1892,eu_framework,review,DE,Germany,,,,,,,,,held-alias-without-clean-domain-agreement
1893,eu_framework,safe_active,DE,Germany,https://ror.org/05kkv3f82,Universität der Bundeswehr München,active,2867714,Munich,Bavaria,48.13743,11.57549,safe_active_exact_name_only
1894,eu_framework,safe_active,DE,Germany,https://ror.org/01jdpyv68,Saarland University,active,2842647,Saarbrücken,Saarland,49.23262,7.00982,safe_active_exact_name_site_agreement
1895,eu_framework,review,DE,Germany,,,,,,,,,held-alias-without-clean-domain-agreement
1896,eu_framework,safe_active,DE,Germany,https://ror.org/04mz5ra38,University of Duisburg-Essen,active,2928810,Essen,North Rhine-Westphalia,51.45657,7.01228,safe_active_exact_name_only
1897,eu_framework,safe_active,DE,Germany,https://ror.org/03606hw36,University of Erfurt,active,2929670,Erfurt,Thuringia,50.9787,11.03283,safe_active_exact_name_site_agreement
1898,eu_framework,safe_active,DE,Germany,https://ror.org/046e0mt33,Europa-Universität Flensburg,active,2926271,Flensburg,Schleswig-Holstein,54.78431,9.43961,safe_active_exact_name_site_agreement
1899,eu_framework,unmatched,DE,Germany,,,,,,,,,unmatched
1900,eu_framework,safe_active,DE,Germany,https://ror.org/00g30e956,Universität Hamburg,active,2911298,Hamburg,Hamburg,53.55073,9.99302,safe_active_exact_name_site_agreement
1901,eu_framework,safe_active,DE,Germany,https://ror.org/0304hq317,Leibniz University Hannover,active,2910831,Hanover,Lower Saxony,52.37052,9.73322,safe_active_exact_name_site_agreement
1902,eu_framework,safe_active,DE,Germany,https://ror.org/02f9det96,University of Hildesheim,active,2904789,Hildesheim,Lower Saxony,52.15077,9.95112,safe_active_exact_name_site_agreement
1903,eu_framework,safe_active,DE,Germany,https://ror.org/00b1c9541,University of Hohenheim,active,2825297,Stuttgart,Baden-Wurttemberg,48.78232,9.17702,safe_active_exact_name_site_agreement
1904,eu_framework,inactive_history,DE,Germany,,,,,,,,,held_inactive_site_only
1905,eu_framework,safe_active,DE,Germany,https://ror.org/04zc7p361,University of Kassel,active,2892518,Kassel,Hesse,51.31667,9.5,safe_active_exact_name_site_agreement
1906,eu_framework,inactive_history,DE,Germany,,,,,,,,,held_inactive_exact_name
1907,eu_framework,unmatched,DE,Germany,,,,,,,,,unmatched
1908,eu_framework,safe_active,DE,Germany,https://ror.org/0546hnb39,University of Konstanz,active,2885679,Konstanz,Baden-Wurttemberg,47.66033,9.17582,safe_active_exact_name_site_agreement
1909,eu_framework,safe_active,DE,Germany,https://ror.org/03s7gtk40,Leipzig University,active,2879139,Leipzig,Saxony,51.33962,12.37129,safe_active_exact_name_site_agreement
1910,eu_framework,unmatched,DE,Germany,,,,,,,,,unmatched
1911,eu_framework,safe_active,DE,Germany,https://ror.org/031bsb921,University of Mannheim,active,2873891,Mannheim,Baden-Wurttemberg,49.4891,8.46694,safe_active_exact_name_site_agreement
1912,eu_framework,safe_active,DE,Germany,https://ror.org/04qmmjx98,Osnabrück University,active,2856883,Osnabrück,Lower Saxony,52.27264,8.0498,safe_active_exact_name_site_agreement
1913,eu_framework,safe_active,DE,Germany,https://ror.org/058kzsd48,Paderborn University,active,2855745,Paderborn,North Rhine-Westphalia,51.71905,8.75439,safe_active_exact_name_site_agreement
1914,eu_framework,safe_active,DE,Germany,https://ror.org/05ydjnb78,University of Passau,active,2855328,Passau,Bavaria,48.5665,13.43122,safe_active_exact_name_site_agreement
1915,eu_framework,safe_active,DE,Germany,https://ror.org/03bnmw459,University of Potsdam,active,2852458,Potsdam,Brandenburg,52.39886,13.06566,safe_active_exact_name_site_agreement
1916,eu_framework,safe_active,DE,Germany,https://ror.org/01eezs655,University of Regensburg,active,2849483,Regensburg,Bavaria,49.01513,12.10161,safe_active_exact_name_site_agreement
1917,eu_framework,safe_active,DE,Germany,https://ror.org/03zdwsf69,University of Rostock,active,2844588,Rostock,Mecklenburg-Vorpommern,54.0887,12.14049,safe_active_exact_name_site_agreement
1918,eu_framework,safe_active,DE,Germany,https://ror.org/02azyry73,University of Siegen,active,2832495,Siegen,North Rhine-Westphalia,50.87481,8.02431,safe_active_exact_name_site_agreement
1919,eu_framework,safe_active,DE,Germany,https://ror.org/04vnq7t77,University of Stuttgart,active,2825297,Stuttgart,Baden-Wurttemberg,48.78232,9.17702,safe_active_exact_name_site_agreement
1920,eu_framework,safe_active,DE,Germany,https://ror.org/02778hg05,Universität Trier,active,2821164,Trier,Rheinland-Pfalz,49.75565,6.63935,safe_active_exact_name_site_agreement
1921,eu_framework,safe_active,DE,Germany,https://ror.org/032000t02,Universität Ulm,active,2820256,Ulm,Baden-Wurttemberg,48.39841,9.99155,safe_active_exact_name_site_agreement
1922,eu_framework,review,DE,Germany,,,,,,,,,held-alias-without-clean-domain-agreement
1923,eu_framework,review,DE,Germany,,,,,,,,,held_review_site_only
1924,eu_framework,unmatched,DE,Germany,,,,,,,,,unmatched
1926,eu_framework,unmatched,DK,Denmark,,,,,,,,,unmatched
1927,eu_framework,safe_active,DK,Denmark,https://ror.org/04m5j1k67,Aalborg University,active,2624886,Aalborg,North Denmark,57.048,9.9187,safe_active_exact_name_only
1928,eu_framework,safe_active,DK,Denmark,https://ror.org/05gs3fb07,Aarhus School of Architecture,active,2624652,Aarhus,Central Jutland,56.15674,10.21076,safe_active_exact_name_only
1929,eu_framework,unmatched,DK,Denmark,,,,,,,,,unmatched
1930,eu_framework,unmatched,DK,Denmark,,,,,,,,,unmatched
1931,eu_framework,safe_active,DK,Denmark,https://ror.org/01aj84f44,Aarhus University,active,2624652,Aarhus,Central Jutland,56.15674,10.21076,safe_active_exact_name_site_agreement
1932,eu_framework,safe_active,DK,Denmark,https://ror.org/04sppb023,Copenhagen Business School,active,2618425,Copenhagen,Capital Region,55.67594,12.56553,safe_active_exact_name_site_agreement
1933,eu_framework,review,DK,Denmark,,,,,,,,,held_review_site_only
1934,eu_framework,unmatched,DK,Denmark,,,,,,,,,unmatched
1935,eu_framework,unmatched,DK,Denmark,,,,,,,,,unmatched
1936,eu_framework,unmatched,DK,Denmark,,,,,,,,,unmatched
1937,eu_framework,unmatched,DK,Denmark,,,,,,,,,unmatched
1938,eu_framework,unmatched,DK,Denmark,,,,,,,,,unmatched
1939,eu_framework,unmatched,DK,Denmark,,,,,,,,,unmatched
1940,eu_framework,safe_active,DK,Denmark,https://ror.org/02309jg23,IT University of Copenhagen,active,2618425,Copenhagen,Capital Region,55.67594,12.56553,safe_active_exact_name_site_agreement
1941,eu_framework,unmatched,DK,Denmark,,,,,,,,,unmatched
1942,eu_framework,unmatched,DK,Denmark,,,,,,,,,unmatched
1943,eu_framework,unmatched,DK,Denmark,,,,,,,,,unmatched
1944,eu_framework,safe_active,DK,Denmark,https://ror.org/014axpa37,Roskilde University,active,2614481,Roskilde,Zealand,55.64152,12.08035,safe_active_exact_name_site_agreement
1945,eu_framework,safe_active,DK,Denmark,https://ror.org/01jvdtb95,Royal Academy of Music,active,2624652,Aarhus,Central Jutland,56.15674,10.21076,safe_active_exact_name_only
1946,eu_framework,unmatched,DK,Denmark,,,,,,,,,unmatched
1947,eu_framework,review,DK,Denmark,,,,,,,,,held_review_site_only
1948,eu_framework,safe_active,DK,Denmark,https://ror.org/04np6eb38,Royal Danish Academy of Music,active,2618425,Copenhagen,Capital Region,55.67594,12.56553,safe_active_exact_name_site_agreement
1949,eu_framework,unmatched,DK,Denmark,,,,,,,,,unmatched
1950,eu_framework,unmatched,DK,Denmark,,,,,,,,,unmatched
1951,eu_framework,unmatched,DK,Denmark,,,,,,,,,unmatched
1952,eu_framework,unmatched,DK,Denmark,,,,,,,,,unmatched
1953,eu_framework,unmatched,DK,Denmark,,,,,,,,,unmatched
1954,eu_framework,safe_active,DK,Denmark,https://ror.org/04qtj9h94,Technical University of Denmark,active,2618468,Kongens Lyngby,Capital Region,55.77044,12.50378,safe_active_exact_name_site_agreement
1955,eu_framework,unmatched,DK,Denmark,,,,,,,,,unmatched
1956,eu_framework,safe_active,DK,Denmark,https://ror.org/03yrrjy16,University of Southern Denmark,active,2615876,Odense,South Denmark,55.39594,10.38831,safe_active_exact_name_site_agreement
2062,eu_framework,safe_active,EE,Estonia,https://ror.org/007530q75,Estonian Academy of Arts,active,588409,Tallinn,Harjumaa,59.43696,24.75353,safe_active_exact_name_site_agreement
2063,eu_framework,safe_active,EE,Estonia,https://ror.org/046p0fc17,Estonian Academy of Music and Theatre,active,588409,Tallinn,Harjumaa,59.43696,24.75353,safe_active_exact_name_only
2064,eu_framework,safe_active,EE,Estonia,https://ror.org/011fxed53,Estonian Academy of Security Sciences,active,588409,Tallinn,Harjumaa,59.43696,24.75353,safe_active_exact_name_site_agreement
2065,eu_framework,safe_active,EE,Estonia,https://ror.org/04e67ap71,Estonian Business School,active,588409,Tallinn,Harjumaa,59.43696,24.75353,safe_active_exact_name_site_agreement
2066,eu_framework,safe_active,EE,Estonia,https://ror.org/00s67c790,Estonian University of Life Sciences,active,588335,Tartu,Tartu,58.38062,26.72509,safe_active_exact_name_site_agreement
2067,eu_framework,safe_active,EE,Estonia,https://ror.org/05mey9k78,Tallinn University,active,588409,Tallinn,Harjumaa,59.43696,24.75353,safe_active_exact_name_site_agreement
2068,eu_framework,safe_active,EE,Estonia,https://ror.org/0443cwa12,Tallinn University of Technology,active,588409,Tallinn,Harjumaa,59.43696,24.75353,safe_active_exact_name_only
2069,eu_framework,safe_active,EE,Estonia,https://ror.org/04twzkg92,Tartu Health Care College,active,588335,Tartu,Tartu,58.38062,26.72509,safe_active_exact_name_site_agreement
2070,eu_framework,review,EE,Estonia,,,,,,,,,held_review_site_only
2071,eu_framework,safe_active,EE,Estonia,https://ror.org/03z77qz90,University of Tartu,active,588335,Tartu,Tartu,58.38062,26.72509,safe_active_exact_name_site_agreement
2117,eu_framework,review,ES,Spain,,,,,,,,,held-alias-without-clean-domain-agreement
2118,eu_framework,safe_active,ES,Spain,https://ror.org/00q15w993,Bircham International University,active,3117735,Madrid,Madrid,40.4165,-3.70256,safe_active_exact_name_site_agreement
2119,eu_framework,safe_active,ES,Spain,https://ror.org/02fn69884,Universidad Villanueva,active,3117735,Madrid,Madrid,40.4165,-3.70256,safe_active_exact_name_site_agreement
2120,eu_framework,unmatched,ES,Spain,,,,,,,,,unmatched
2121,eu_framework,unmatched,ES,Spain,,,,,,,,,unmatched
2122,eu_framework,safe_active,ES,Spain,https://ror.org/02jjdwm75,IE University,active,3109256,Segovia,Castille and León,40.94808,-4.11839,safe_active_exact_name_site_agreement
2123,eu_framework,unmatched,ES,Spain,,,,,,,,,unmatched
2124,eu_framework,unmatched,ES,Spain,,,,,,,,,unmatched
2125,eu_framework,unmatched,ES,Spain,,,,,,,,,unmatched
2126,eu_framework,unmatched,ES,Spain,,,,,,,,,unmatched
2127,eu_framework,unmatched,ES,Spain,,,,,,,,,unmatched
2128,eu_framework,unmatched,ES,Spain,,,,,,,,,unmatched
2129,eu_framework,safe_active,ES,Spain,https://ror.org/054ewwr15,Universidad Alfonso X el Sabio,active,3105247,Villanueva de la Cañada,Madrid,40.44689,-4.00428,safe_active_exact_name_only
2130,eu_framework,review,ES,Spain,,,,,,,,,held-alias-without-clean-domain-agreement
2131,eu_framework,safe_active,ES,Spain,https://ror.org/01cby8j38,Universidad Autónoma de Madrid,active,3117735,Madrid,Madrid,40.4165,-3.70256,safe_active_exact_name_site_agreement
2132,eu_framework,safe_active,ES,Spain,https://ror.org/01tnh0829,Universidad Cardenal Herrera CEU,active,2509954,Valencia,Valencia,39.47391,-0.37966,safe_active_exact_name_site_agreement
2133,eu_framework,safe_active,ES,Spain,https://ror.org/03ths8210,Universidad Carlos III de Madrid,active,3117735,Madrid,Madrid,40.4165,-3.70256,safe_active_exact_name_site_agreement
2134,eu_framework,safe_active,ES,Spain,https://ror.org/05wa62164,Catholic University of Ávila,active,3129136,Ávila,Castille and León,40.65724,-4.69951,safe_active_exact_name_site_agreement
2135,eu_framework,review,ES,Spain,,,,,,,,,held_review_site_only
2136,eu_framework,review,ES,Spain,,,,,,,,,held_review_site_only
2137,eu_framework,safe_active,ES,Spain,https://ror.org/02p0gd045,Universidad Complutense de Madrid,active,3117735,Madrid,Madrid,40.4165,-3.70256,safe_active_exact_name_site_agreement
2138,eu_framework,review,ES,Spain,,,,,,,,,held_review_site_only
2139,eu_framework,safe_active,ES,Spain,https://ror.org/05t8bcz72,University of Alicante,active,2521978,Alicante,Valencia,38.34517,-0.48149,safe_active_exact_name_site_agreement
2140,eu_framework,safe_active,ES,Spain,https://ror.org/003d3xx08,University of Almería,active,2521886,Almería,Andalusia,36.83814,-2.45974,safe_active_exact_name_only
2141,eu_framework,safe_active,ES,Spain,https://ror.org/049da5t36,Universidad de Burgos,active,3127461,Burgos,Castille and León,42.34106,-3.70184,safe_active_exact_name_site_agreement
2142,eu_framework,safe_active,ES,Spain,https://ror.org/04mxxkb11,Universidad de Cádiz,active,2520600,Cadiz,Andalusia,36.52672,-6.2891,safe_active_exact_name_site_agreement
2143,eu_framework,safe_active,ES,Spain,https://ror.org/046ffzj20,Universidad de Cantabria,active,3109718,Santander,Cantabria,43.46472,-3.80444,safe_active_exact_name_site_agreement
2144,eu_framework,safe_active,ES,Spain,https://ror.org/05r78ng12,University of Castilla-La Mancha,active,2519402,Ciudad Real,Castille-La Mancha,38.98626,-3.92907,safe_active_exact_name_site_agreement
2145,eu_framework,safe_active,ES,Spain,https://ror.org/05yc77b46,University of Córdoba,active,2519240,Córdoba,Andalusia,37.89155,-4.77275,safe_active_exact_name_site_agreement
2146,eu_framework,safe_active,ES,Spain,https://ror.org/00ne6sr39,Universidad de Deusto,active,3128026,Bilbao,Basque Country,43.26271,-2.92528,safe_active_exact_name_site_agreement
2147,eu_framework,safe_active,ES,Spain,https://ror.org/0174shg90,Universidad de Extremadura,active,2521420,Badajoz,Extremadura,38.87789,-6.97061,safe_active_exact_name_site_agreement
2148,eu_framework,review,ES,Spain,,,,,,,,,held-alias-without-clean-domain-agreement
2149,eu_framework,safe_active,ES,Spain,https://ror.org/04njjy449,Universidad de Granada,active,2517117,Granada,Andalusia,37.18817,-3.60667,safe_active_exact_name_site_agreement
2150,eu_framework,safe_active,ES,Spain,https://ror.org/03a1kt624,Universidad de Huelva,active,2516548,Huelva,Andalusia,37.26638,-6.94004,safe_active_exact_name_site_agreement
2151,eu_framework,safe_active,ES,Spain,https://ror.org/0122p5f64,Universidad de Jaén,active,2516395,Jaén,Andalusia,37.76922,-3.79028,safe_active_exact_name_site_agreement
2152,eu_framework,review,ES,Spain,,,,,,,,,held-alias-without-clean-domain-agreement
2153,eu_framework,safe_active,ES,Spain,https://ror.org/01r9z8p25,Universidad de La Laguna,active,2511401,San Cristóbal de La Laguna,Canary Islands,28.4853,-16.32014,safe_active_exact_name_site_agreement
2154,eu_framework,safe_active,ES,Spain,https://ror.org/0553yr311,Universidad de La Rioja,active,3118150,Logroño,La Rioja,42.46667,-2.45,safe_active_exact_name_site_agreement
2155,eu_framework,safe_active,ES,Spain,https://ror.org/01teme464,Universidad de Las Palmas de Gran Canaria,active,2515270,Las Palmas de Gran Canaria,Canary Islands,28.09973,-15.41343,safe_active_exact_name_site_agreement
2156,eu_framework,safe_active,ES,Spain,https://ror.org/02tzt0b78,Universidad de León,active,3118532,León,Castille and León,42.60003,-5.57032,safe_active_exact_name_site_agreement
2157,eu_framework,safe_active,ES,Spain,https://ror.org/000xsnr85,University of the Basque Country,active,3118554,Leioa,Basque Country,43.32686,-2.98884,safe_active_exact_name_only
2158,eu_framework,safe_active,ES,Spain,https://ror.org/036b2ww28,Universidad de Málaga,active,2514256,Málaga,Andalusia,36.72016,-4.42034,safe_active_exact_name_site_agreement
2159,eu_framework,safe_active,ES,Spain,https://ror.org/03p3aeb86,Universidad de Murcia,active,2513416,Murcia,Murcia,37.98704,-1.13004,safe_active_exact_name_site_agreement
2160,eu_framework,safe_active,ES,Spain,https://ror.org/02rxc7m23,Universidad de Navarra,active,3114472,Pamplona,Navarre,42.81687,-1.64323,safe_active_exact_name_only
2161,eu_framework,safe_active,ES,Spain,https://ror.org/006gksa02,Universidad de Oviedo,active,3114711,Oviedo,Asturias,43.36029,-5.84476,safe_active_exact_name_site_agreement
2162,eu_framework,safe_active,ES,Spain,https://ror.org/02f40zc51,Universidad de Salamanca,active,3111108,Salamanca,Castille and León,40.96882,-5.66388,safe_active_exact_name_site_agreement
2163,eu_framework,unmatched,ES,Spain,,,,,,,,,unmatched
2164,eu_framework,safe_active,ES,Spain,https://ror.org/030eybx10,Universidade de Santiago de Compostela,active,3109642,Santiago de Compostela,Galicia,42.88052,-8.54569,safe_active_exact_name_only
2165,eu_framework,safe_active,ES,Spain,https://ror.org/03yxnpp24,Universidad de Sevilla,active,2510911,Seville,Andalusia,37.38283,-5.97317,safe_active_exact_name_site_agreement
2166,eu_framework,safe_active,ES,Spain,https://ror.org/043nxc105,Universitat de València,active,2509954,Valencia,Valencia,39.47391,-0.37966,safe_active_exact_name_site_agreement
2167,eu_framework,safe_active,ES,Spain,https://ror.org/01fvbaw18,Universidad de Valladolid,active,3106672,Valladolid,Castille and León,41.65541,-4.72353,safe_active_exact_name_site_agreement
2168,eu_framework,safe_active,ES,Spain,https://ror.org/05rdf8595,Universidade de Vigo,active,3105976,Vigo,Galicia,42.23282,-8.72264,safe_active_exact_name_only
2169,eu_framework,safe_active,ES,Spain,https://ror.org/012a91z28,Universidad de Zaragoza,active,3104324,Zaragoza,Aragon,41.65606,-0.87734,safe_active_exact_name_site_agreement
2170,eu_framework,safe_active,ES,Spain,https://ror.org/04dp46240,Universidad Europea de Madrid,active,3117735,Madrid,Madrid,40.4165,-3.70256,safe_active_exact_name_only
2171,eu_framework,safe_active,ES,Spain,https://ror.org/03ha64j07,Universidad Francisco de Vitoria,active,3112989,Pozuelo de Alarcón,Madrid,40.43293,-3.81338,safe_active_exact_name_site_agreement
2172,eu_framework,safe_active,ES,Spain,https://ror.org/058nh3n50,International University of Andalucía,active,2510911,Seville,Andalusia,37.38283,-5.97317,safe_active_exact_name_only
2173,eu_framework,unmatched,ES,Spain,,,,,,,,,unmatched
2174,eu_framework,unmatched,ES,Spain,,,,,,,,,unmatched
2175,eu_framework,safe_active,ES,Spain,https://ror.org/02zngfv65,Menéndez Pelayo International University,active,3109718,Santander,Cantabria,43.46472,-3.80444,safe_active_exact_name_site_agreement
2176,eu_framework,safe_active,ES,Spain,https://ror.org/01azzms13,Universitat de Miguel Hernández d'Elx,active,2518559,Elche,Valencia,38.26218,-0.70107,safe_active_exact_name_site_agreement
2177,eu_framework,safe_active,ES,Spain,https://ror.org/02msb5n36,Universidad Nacional de Educación a Distancia,active,3117735,Madrid,Madrid,40.4165,-3.70256,safe_active_exact_name_site_agreement
2178,eu_framework,safe_active,ES,Spain,https://ror.org/02z749649,Universidad Pablo de Olavide,active,2510911,Seville,Andalusia,37.38283,-5.97317,safe_active_exact_name_site_agreement
2179,eu_framework,safe_active,ES,Spain,https://ror.org/02k5kx966,Universidad Politécnica de Cartagena,active,2520058,Cartagena,Murcia,37.60197,-0.98397,safe_active_exact_name_site_agreement
2180,eu_framework,review,ES,Spain,,,,,,,,,held_review_site_only
2181,eu_framework,safe_active,ES,Spain,https://ror.org/03n6nwv02,Universidad Politécnica de Madrid,active,3117735,Madrid,Madrid,40.4165,-3.70256,safe_active_exact_name_site_agreement
2182,eu_framework,safe_active,ES,Spain,https://ror.org/01460j859,Universitat Politècnica de València,active,2509954,Valencia,Valencia,39.47391,-0.37966,safe_active_exact_name_site_agreement
2183,eu_framework,safe_active,ES,Spain,https://ror.org/017mdc710,Universidad Pontificia Comillas,active,3117735,Madrid,Madrid,40.4165,-3.70256,safe_active_exact_name_only
2184,eu_framework,safe_active,ES,Spain,https://ror.org/02jj93564,Universidad Pontificia de Salamanca,active,3111108,Salamanca,Castille and León,40.96882,-5.66388,safe_active_exact_name_site_agreement
2185,eu_framework,safe_active,ES,Spain,https://ror.org/02z0cah89,Universidad Pública de Navarra (UPNA),active,3114472,Pamplona,Navarre,42.81687,-1.64323,safe_active_exact_name_site_agreement
2186,eu_framework,safe_active,ES,Spain,https://ror.org/01v5cv687,Universidad Rey Juan Carlos,active,3117735,Madrid,Madrid,40.4165,-3.70256,safe_active_exact_name_site_agreement
2187,eu_framework,unmatched,ES,Spain,,,,,,,,,unmatched
2188,eu_framework,safe_active,ES,Spain,https://ror.org/021018s57,Universitat de Barcelona,active,3128760,Barcelona,Catalonia,41.38879,2.15899,safe_active_exact_name_only
2189,eu_framework,safe_active,ES,Spain,https://ror.org/03e10x626,Universitat de les Illes Balears,active,2512989,Palma,Balearic Islands,39.56939,2.65024,safe_active_exact_name_only
2190,eu_framework,safe_active,ES,Spain,https://ror.org/050c3cw24,Universitat de Lleida,active,3118514,Lleida,Catalonia,41.61674,0.62218,safe_active_exact_name_only
2191,eu_framework,review,ES,Spain,,,,,,,,,held-alias-without-clean-domain-agreement
2192,eu_framework,safe_active,ES,Spain,https://ror.org/00tse2b39,Universitat Internacional de Catalunya,active,3128760,Barcelona,Catalonia,41.38879,2.15899,safe_active_exact_name_site_agreement
2193,eu_framework,review,ES,Spain,,,,,,,,,held_review_site_only
2194,eu_framework,safe_active,ES,Spain,https://ror.org/01f5wp925,Universitat Oberta de Catalunya,active,3128760,Barcelona,Catalonia,41.38879,2.15899,safe_active_exact_name_only
2195,eu_framework,safe_active,ES,Spain,https://ror.org/04n0g0b29,Universitat Pompeu Fabra,active,3128760,Barcelona,Catalonia,41.38879,2.15899,safe_active_exact_name_only
2196,eu_framework,unmatched,ES,Spain,,,,,,,,,unmatched
2197,eu_framework,unmatched,ES,Spain,,,,,,,,,unmatched
2228,eu_framework,review,FI,Finland,,,,,,,,,held_review_site_only
2229,eu_framework,unmatched,FI,Finland,,,,,,,,,unmatched
2230,eu_framework,review,FI,Finland,,,,,,,,,held-alias-without-clean-domain-agreement
2231,eu_framework,safe_active,FI,Finland,https://ror.org/04n5wkv72,Diaconia University of Applied Sciences,active,658225,Helsinki,Uusimaa,60.16952,24.93545,safe_active_exact_name_site_agreement
2232,eu_framework,unmatched,FI,Finland,,,,,,,,,unmatched
2233,eu_framework,unmatched,FI,Finland,,,,,,,,,unmatched
2234,eu_framework,unmatched,FI,Finland,,,,,,,,,unmatched
2235,eu_framework,inactive_history,FI,Finland,,,,,,,,,held_inactive_exact_name
2236,eu_framework,safe_active,FI,Finland,https://ror.org/0208vgz68,Lappeenranta-Lahti University of Technology,active,648900,Lappeenranta,South Karelia,61.05871,28.18871,safe_active_exact_name_site_agreement
2237,eu_framework,review,FI,Finland,,,,,,,,,held_review_site_only
2238,eu_framework,unmatched,FI,Finland,,,,,,,,,unmatched
2239,eu_framework,review,FI,Finland,,,,,,,,,held_review_site_only
2240,eu_framework,unmatched,FI,Finland,,,,,,,,,unmatched
2241,eu_framework,safe_active,FI,Finland,https://ror.org/05qr2eq49,Sibelius Academy,active,658225,Helsinki,Uusimaa,60.16952,24.93545,safe_active_exact_name_only
2242,eu_framework,unmatched,FI,Finland,,,,,,,,,unmatched
2243,eu_framework,unmatched,FI,Finland,,,,,,,,,unmatched
2244,eu_framework,unmatched,FI,Finland,,,,,,,,,unmatched
2245,eu_framework,inactive_history,FI,Finland,,,,,,,,,held_inactive_exact_name
2246,eu_framework,unmatched,FI,Finland,,,,,,,,,unmatched
2247,eu_framework,unmatched,FI,Finland,,,,,,,,,unmatched
2248,eu_framework,unmatched,FI,Finland,,,,,,,,,unmatched
2249,eu_framework,safe_active,FI,Finland,https://ror.org/040af2s02,University of Helsinki,active,658225,Helsinki,Uusimaa,60.16952,24.93545,safe_active_exact_name_site_agreement
2250,eu_framework,unmatched,FI,Finland,,,,,,,,,unmatched
2251,eu_framework,safe_active,FI,Finland,https://ror.org/05n3dz165,University of Jyväskylä,active,655194,Jyväskylä,Central Finland,62.24147,25.72088,safe_active_exact_name_site_agreement
2252,eu_framework,unmatched,FI,Finland,,,,,,,,,unmatched
2253,eu_framework,safe_active,FI,Finland,https://ror.org/05jzt8766,University of Lapland,active,638936,Rovaniemi,Lapland,66.5,25.71667,safe_active_exact_name_site_agreement
2254,eu_framework,safe_active,FI,Finland,https://ror.org/03yj89h83,University of Oulu,active,643492,Oulu,North Ostrobothnia,65.01236,25.46816,safe_active_exact_name_site_agreement
2255,eu_framework,inactive_history,FI,Finland,,,,,,,,,held_inactive_exact_name
2256,eu_framework,safe_active,FI,Finland,https://ror.org/05vghhr25,University of Turku,active,633679,Turku,Southwest Finland,60.45148,22.26869,safe_active_exact_name_site_agreement
2257,eu_framework,safe_active,FI,Finland,https://ror.org/03769b225,University of Vaasa,active,632978,Vaasa,Ostrobothnia,63.096,21.61577,safe_active_exact_name_site_agreement
2258,eu_framework,safe_active,FI,Finland,https://ror.org/00dde9829,Vaasa University of Applied Sciences,active,632978,Vaasa,Ostrobothnia,63.096,21.61577,safe_active_exact_name_site_agreement
2259,oceania,safe_active,FJ,Fiji,https://ror.org/00qk2nf71,Fiji National University,active,2198148,Suva,Central,-18.13683,178.42531,automatic-strict-name+domain-within-country
2260,oceania,review,FJ,Fiji,,,,,,,,,manual-history-or-entity-level-candidate
2261,oceania,safe_active,FJ,Fiji,https://ror.org/0008bt423,University of Fiji,active,2204506,Lautoka,Western,-17.61686,177.45049,automatic-strict-name+domain-within-country
2262,oceania,safe_active,FJ,Fiji,https://ror.org/008stv805,University of the South Pacific,active,2198148,Suva,Central,-18.13683,178.42531,automatic-strict-name+domain-within-country
2264,eu_framework,safe_active,FR,France,https://ror.org/02kbmgc12,AgroParisTech,active,2988758,Palaiseau,Île-de-France,48.71828,2.2498,safe_active_exact_name_site_agreement
2265,eu_framework,unmatched,FR,France,,,,,,,,,unmatched
2266,eu_framework,safe_active,FR,France,https://ror.org/05t197591,American University of Paris,active,2988507,Paris,Île-de-France,48.85341,2.3488,safe_active_exact_name_only
2267,eu_framework,unmatched,FR,France,,,,,,,,,unmatched
2268,eu_framework,unmatched,FR,France,,,,,,,,,unmatched
2269,eu_framework,unmatched,FR,France,,,,,,,,,unmatched
2270,eu_framework,review,FR,France,,,,,,,,,held_review_site_only
2271,eu_framework,unmatched,FR,France,,,,,,,,,unmatched
2272,eu_framework,safe_active,FR,France,https://ror.org/0175hh227,Conservatoire National des Arts et Métiers,active,2988507,Paris,Île-de-France,48.85341,2.3488,safe_active_exact_name_site_agreement
2273,eu_framework,review,FR,France,,,,,,,,,held_review_site_only
2274,eu_framework,review,FR,France,,,,,,,,,held_review_site_only
2275,eu_framework,unmatched,FR,France,,,,,,,,,unmatched
2276,eu_framework,review,FR,France,,,,,,,,,held_review_site_only
2277,eu_framework,review,FR,France,,,,,,,,,held_review_site_only
2278,eu_framework,review,FR,France,,,,,,,,,held_review_site_only
2279,eu_framework,unmatched,FR,France,,,,,,,,,unmatched
2280,eu_framework,unmatched,FR,France,,,,,,,,,unmatched
2281,eu_framework,safe_active,FR,France,https://ror.org/05q7a8a02,Ecole des Hautes Etudes Commerciales du Nord,active,2982681,Roubaix,Hauts-de-France,50.69421,3.17456,safe_active_exact_name_only
2282,eu_framework,review,FR,France,,,,,,,,,held_review_site_only
2283,eu_framework,review,FR,France,,,,,,,,,held_review_site_only
2284,eu_framework,unmatched,FR,France,,,,,,,,,unmatched
2285,eu_framework,unmatched,FR,France,,,,,,,,,unmatched
2286,eu_framework,unmatched,FR,France,,,,,,,,,unmatched
2287,eu_framework,review,FR,France,,,,,,,,,held_review_site_only
2288,eu_framework,unmatched,FR,France,,,,,,,,,unmatched
2289,eu_framework,inactive_history,FR,France,,,,,,,,,held_inactive_site_only
2290,eu_framework,review,FR,France,,,,,,,,,held_review_site_only
2291,eu_framework,review,FR,France,,,,,,,,,held_review_site_only
2292,eu_framework,review,FR,France,,,,,,,,,held_review_site_only
2293,eu_framework,review,FR,France,,,,,,,,,held_review_site_only
2294,eu_framework,unmatched,FR,France,,,,,,,,,unmatched
2295,eu_framework,safe_active,FR,France,https://ror.org/03r3n3715,Ecole Nationale des Sciences Géographiques,active,3027014,Champs-sur-Marne,Île-de-France,48.85,2.6,safe_active_exact_name_only
2296,eu_framework,review,FR,France,,,,,,,,,held_review_site_only
2297,eu_framework,review,FR,France,,,,,,,,,held_review_site_only
2298,eu_framework,unmatched,FR,France,,,,,,,,,unmatched
2299,eu_framework,unmatched,FR,France,,,,,,,,,unmatched
2300,eu_framework,unmatched,FR,France,,,,,,,,,unmatched
2301,eu_framework,unmatched,FR,France,,,,,,,,,unmatched
2302,eu_framework,review,FR,France,,,,,,,,,held_review_site_only
2303,eu_framework,review,FR,France,,,,,,,,,held-alias-without-clean-domain-agreement
2304,eu_framework,unmatched,FR,France,,,,,,,,,unmatched
2305,eu_framework,unmatched,FR,France,,,,,,,,,unmatched
2306,eu_framework,review,FR,France,,,,,,,,,held_review_site_only
2307,eu_framework,unmatched,FR,France,,,,,,,,,unmatched
2308,eu_framework,unmatched,FR,France,,,,,,,,,unmatched
2309,eu_framework,review,FR,France,,,,,,,,,held_review_site_only
2310,eu_framework,unmatched,FR,France,,,,,,,,,unmatched
2311,eu_framework,unmatched,FR,France,,,,,,,,,unmatched
2312,eu_framework,unmatched,FR,France,,,,,,,,,unmatched
2313,eu_framework,unmatched,FR,France,,,,,,,,,unmatched
2314,eu_framework,unmatched,FR,France,,,,,,,,,unmatched
2315,eu_framework,unmatched,FR,France,,,,,,,,,unmatched
2316,eu_framework,review,FR,France,,,,,,,,,held_review_site_only
2317,eu_framework,review,FR,France,,,,,,,,,held_review_site_only
2318,eu_framework,unmatched,FR,France,,,,,,,,,unmatched
2319,eu_framework,unmatched,FR,France,,,,,,,,,unmatched
2320,eu_framework,review,FR,France,,,,,,,,,held_review_site_only
2321,eu_framework,unmatched,FR,France,,,,,,,,,unmatched
2322,eu_framework,unmatched,FR,France,,,,,,,,,unmatched
2323,eu_framework,unmatched,FR,France,,,,,,,,,unmatched
2324,eu_framework,unmatched,FR,France,,,,,,,,,unmatched
2325,eu_framework,review,FR,France,,,,,,,,,held_review_site_only
2326,eu_framework,unmatched,FR,France,,,,,,,,,unmatched
2327,eu_framework,unmatched,FR,France,,,,,,,,,unmatched
2328,eu_framework,review,FR,France,,,,,,,,,held_review_site_only
2329,eu_framework,unmatched,FR,France,,,,,,,,,unmatched
2330,eu_framework,unmatched,FR,France,,,,,,,,,unmatched
2331,eu_framework,unmatched,FR,France,,,,,,,,,unmatched
2332,eu_framework,unmatched,FR,France,,,,,,,,,unmatched
2333,eu_framework,review,FR,France,,,,,,,,,held_review_site_only
2334,eu_framework,unmatched,FR,France,,,,,,,,,unmatched
2335,eu_framework,unmatched,FR,France,,,,,,,,,unmatched
2336,eu_framework,review,FR,France,,,,,,,,,held-alias-without-clean-domain-agreement
2337,eu_framework,unmatched,FR,France,,,,,,,,,unmatched
2338,eu_framework,unmatched,FR,France,,,,,,,,,unmatched
2339,eu_framework,unmatched,FR,France,,,,,,,,,unmatched
2340,eu_framework,unmatched,FR,France,,,,,,,,,unmatched
2341,eu_framework,unmatched,FR,France,,,,,,,,,unmatched
2342,eu_framework,unmatched,FR,France,,,,,,,,,unmatched
2343,eu_framework,unmatched,FR,France,,,,,,,,,unmatched
2344,eu_framework,unmatched,FR,France,,,,,,,,,unmatched
2345,eu_framework,unmatched,FR,France,,,,,,,,,unmatched
2346,eu_framework,unmatched,FR,France,,,,,,,,,unmatched
2347,eu_framework,unmatched,FR,France,,,,,,,,,unmatched
2348,eu_framework,unmatched,FR,France,,,,,,,,,unmatched
2349,eu_framework,unmatched,FR,France,,,,,,,,,unmatched
2350,eu_framework,unmatched,FR,France,,,,,,,,,unmatched
2351,eu_framework,unmatched,FR,France,,,,,,,,,unmatched
2352,eu_framework,review,FR,France,,,,,,,,,held_review_site_only
2353,eu_framework,review,FR,France,,,,,,,,,held_review_site_only
2354,eu_framework,unmatched,FR,France,,,,,,,,,unmatched
2355,eu_framework,unmatched,FR,France,,,,,,,,,unmatched
2356,eu_framework,review,FR,France,,,,,,,,,held_review_site_only
2357,eu_framework,unmatched,FR,France,,,,,,,,,unmatched
2358,eu_framework,unmatched,FR,France,,,,,,,,,unmatched
2359,eu_framework,unmatched,FR,France,,,,,,,,,unmatched
2360,eu_framework,unmatched,FR,France,,,,,,,,,unmatched
2361,eu_framework,unmatched,FR,France,,,,,,,,,unmatched
2362,eu_framework,unmatched,FR,France,,,,,,,,,unmatched
2363,eu_framework,review,FR,France,,,,,,,,,held_review_site_only
2364,eu_framework,unmatched,FR,France,,,,,,,,,unmatched
2365,eu_framework,review,FR,France,,,,,,,,,held_review_site_only
2366,eu_framework,review,FR,France,,,,,,,,,held_review_site_only
2367,eu_framework,review,FR,France,,,,,,,,,held_review_site_only
2368,eu_framework,review,FR,France,,,,,,,,,held_review_site_only
2369,eu_framework,unmatched,FR,France,,,,,,,,,unmatched
2370,eu_framework,review,FR,France,,,,,,,,,held_review_site_only
2371,eu_framework,review,FR,France,,,,,,,,,held_review_site_only
2372,eu_framework,unmatched,FR,France,,,,,,,,,unmatched
2373,eu_framework,unmatched,FR,France,,,,,,,,,unmatched
2374,eu_framework,review,FR,France,,,,,,,,,held_review_site_only
2375,eu_framework,unmatched,FR,France,,,,,,,,,unmatched
2376,eu_framework,unmatched,FR,France,,,,,,,,,unmatched
2377,eu_framework,unmatched,FR,France,,,,,,,,,unmatched
2378,eu_framework,unmatched,FR,France,,,,,,,,,unmatched
2379,eu_framework,review,FR,France,,,,,,,,,held_review_site_only
2380,eu_framework,unmatched,FR,France,,,,,,,,,unmatched
2381,eu_framework,unmatched,FR,France,,,,,,,,,unmatched
2382,eu_framework,unmatched,FR,France,,,,,,,,,unmatched
2383,eu_framework,review,FR,France,,,,,,,,,held_review_site_only
2384,eu_framework,unmatched,FR,France,,,,,,,,,unmatched
2385,eu_framework,inactive_history,FR,France,,,,,,,,,held_inactive_exact_name
2386,eu_framework,unmatched,FR,France,,,,,,,,,unmatched
2387,eu_framework,unmatched,FR,France,,,,,,,,,unmatched
2388,eu_framework,review,FR,France,,,,,,,,,held_review_site_only
2389,eu_framework,inactive_history,FR,France,,,,,,,,,held_inactive_site_only
2390,eu_framework,review,FR,France,,,,,,,,,held_review_site_only
2391,eu_framework,review,FR,France,,,,,,,,,held_review_site_only
2392,eu_framework,unmatched,FR,France,,,,,,,,,unmatched
2393,eu_framework,unmatched,FR,France,,,,,,,,,unmatched
2394,eu_framework,unmatched,FR,France,,,,,,,,,unmatched
2395,eu_framework,unmatched,FR,France,,,,,,,,,unmatched
2396,eu_framework,review,FR,France,,,,,,,,,held_review_site_only
2397,eu_framework,unmatched,FR,France,,,,,,,,,unmatched
2398,eu_framework,review,FR,France,,,,,,,,,held_review_site_only
2399,eu_framework,review,FR,France,,,,,,,,,held_review_site_only
2400,eu_framework,unmatched,FR,France,,,,,,,,,unmatched
2401,eu_framework,unmatched,FR,France,,,,,,,,,unmatched
2402,eu_framework,unmatched,FR,France,,,,,,,,,unmatched
2403,eu_framework,unmatched,FR,France,,,,,,,,,unmatched
2404,eu_framework,unmatched,FR,France,,,,,,,,,unmatched
2405,eu_framework,unmatched,FR,France,,,,,,,,,unmatched
2406,eu_framework,review,FR,France,,,,,,,,,held_review_site_only
2407,eu_framework,unmatched,FR,France,,,,,,,,,unmatched
2408,eu_framework,unmatched,FR,France,,,,,,,,,unmatched
2409,eu_framework,safe_active,FR,France,https://ror.org/01h4fxd96,Grenoble Ecole de Management,active,3014728,Grenoble,Auvergne-Rhône-Alpes,45.17869,5.71479,safe_active_exact_name_only
2410,eu_framework,unmatched,FR,France,,,,,,,,,unmatched
2411,eu_framework,unmatched,FR,France,,,,,,,,,unmatched
2412,eu_framework,review,FR,France,,,,,,,,,held_review_site_only
2413,eu_framework,review,FR,France,,,,,,,,,held_review_site_only
2414,eu_framework,review,FR,France,,,,,,,,,held_review_site_only
2415,eu_framework,safe_active,FR,France,https://ror.org/043a7rc44,Institut catholique de paris,active,2988507,Paris,Île-de-France,48.85341,2.3488,safe_active_exact_name_site_agreement
2416,eu_framework,safe_active,FR,France,https://ror.org/00s4cve39,Institut catholique de toulouse,active,2972315,Toulouse,Occitanie,43.60426,1.44367,safe_active_exact_name_only
2417,eu_framework,unmatched,FR,France,,,,,,,,,unmatched
2418,eu_framework,unmatched,FR,France,,,,,,,,,unmatched
2419,eu_framework,unmatched,FR,France,,,,,,,,,unmatched
2420,eu_framework,unmatched,FR,France,,,,,,,,,unmatched
2421,eu_framework,unmatched,FR,France,,,,,,,,,unmatched
2422,eu_framework,unmatched,FR,France,,,,,,,,,unmatched
2423,eu_framework,unmatched,FR,France,,,,,,,,,unmatched
2424,eu_framework,unmatched,FR,France,,,,,,,,,unmatched
2425,eu_framework,safe_active,FR,France,https://ror.org/050jn9y42,Institut National des Sciences Appliquées de Lyon,active,2996944,Lyon,Rhône-Alpes,45.74906,4.84789,safe_active_exact_name_site_agreement
2426,eu_framework,safe_active,FR,France,https://ror.org/04xaa4j22,Institut National des Sciences Appliquées de Rennes,active,2983990,Rennes,Brittany,48.11198,-1.67429,safe_active_exact_name_site_agreement
2427,eu_framework,review,FR,France,,,,,,,,,held_review_site_only
2428,eu_framework,safe_active,FR,France,https://ror.org/01h8pf755,Institut National des Sciences Appliquées de Toulouse,active,2972315,Toulouse,Occitanie,43.60426,1.44367,safe_active_exact_name_only
2429,eu_framework,unmatched,FR,France,,,,,,,,,unmatched
2430,eu_framework,unmatched,FR,France,,,,,,,,,unmatched
2431,eu_framework,inactive_history,FR,France,,,,,,,,,held_inactive_exact_name
2432,eu_framework,safe_active,FR,France,https://ror.org/033p9g875,Institut National Polytechnique de Toulouse,active,2972315,Toulouse,Occitanie,43.60426,1.44367,safe_active_exact_name_only
2433,eu_framework,unmatched,FR,France,,,,,,,,,unmatched
2434,eu_framework,unmatched,FR,France,,,,,,,,,unmatched
2435,eu_framework,unmatched,FR,France,,,,,,,,,unmatched
2436,eu_framework,review,FR,France,,,,,,,,,held_review_site_only
2437,eu_framework,unmatched,FR,France,,,,,,,,,unmatched
2438,eu_framework,review,FR,France,,,,,,,,,held_review_site_only
2439,eu_framework,review,FR,France,,,,,,,,,held_review_site_only
2440,eu_framework,unmatched,FR,France,,,,,,,,,unmatched
2441,eu_framework,unmatched,FR,France,,,,,,,,,unmatched
2442,eu_framework,unmatched,FR,France,,,,,,,,,unmatched
2443,eu_framework,inactive_history,FR,France,,,,,,,,,held_inactive_exact_name
2444,eu_framework,safe_active,FR,France,https://ror.org/025s1b152,Université Catholique de Lille,active,2998324,Lille,Hauts-de-France,50.63297,3.05858,safe_active_exact_name_only
2445,eu_framework,safe_active,FR,France,https://ror.org/00jzv1t04,Université catholique de l'ouest,active,3037656,Angers,Pays de la Loire,47.47156,-0.55202,safe_active_exact_name_site_agreement
2446,eu_framework,safe_active,FR,France,https://ror.org/01anhj553,Université catholique de lyon,active,2996944,Lyon,Auvergne-Rhône-Alpes,45.74846,4.84671,safe_active_exact_name_only
2447,eu_framework,inactive_history,FR,France,,,,,,,,,held_inactive_site_only
2448,eu_framework,review,FR,France,,,,,,,,,held_review_site_only
2449,eu_framework,unmatched,FR,France,,,,,,,,,unmatched
2450,eu_framework,safe_active,FR,France,https://ror.org/04yrqp957,Université d'Angers,active,3037656,Angers,Pays de la Loire,47.47156,-0.55202,safe_active_exact_name_site_agreement
2451,eu_framework,safe_active,FR,France,https://ror.org/053x9s498,Université d'Artois,active,3036784,Arras,Hauts-de-France,50.29301,2.78186,safe_active_exact_name_site_agreement
2452,eu_framework,unmatched,FR,France,,,,,,,,,unmatched
2453,eu_framework,review,FR,France,,,,,,,,,held_review_shared_site_only
2454,eu_framework,inactive_history,FR,France,,,,,,,,,held_inactive_exact_name
2455,eu_framework,safe_active,FR,France,https://ror.org/0372th171,Université de Bretagne Occidentale,active,3030300,Brest,Brittany,48.39029,-4.48628,safe_active_exact_name_site_agreement
2456,eu_framework,safe_active,FR,France,https://ror.org/04ed7fw48,Université de Bretagne Sud,active,2997577,Lorient,Brittany,47.74817,-3.37177,safe_active_exact_name_site_agreement
2457,eu_framework,review,FR,France,,,,,,,,,held_review_site_only
2458,eu_framework,inactive_history,FR,France,,,,,,,,,held_inactive_exact_name
2459,eu_framework,safe_active,FR,France,https://ror.org/050ra0n32,Université de Corse Pascal Paoli,active,3023506,Corte,Corsica,42.30956,9.14917,safe_active_exact_name_only
2460,eu_framework,inactive_history,FR,France,,,,,,,,,held_inactive_exact_name
2461,eu_framework,safe_active,FR,France,https://ror.org/04k8k6n84,Université de Haute-Alsace,active,2991214,Mulhouse,Grand Est,47.75205,7.32866,safe_active_exact_name_only
2462,eu_framework,inactive_history,FR,France,,,,,,,,,held_inactive_exact_name
2463,eu_framework,review,FR,France,,,,,,,,,held-alias-without-clean-domain-agreement
2464,eu_framework,safe_active,FR,France,https://ror.org/02cp04407,Université de Limoges,active,2998286,Limoges,Nouvelle-Aquitaine,45.83362,1.24759,safe_active_exact_name_site_agreement
2465,eu_framework,unmatched,FR,France,,,,,,,,,unmatched
2466,eu_framework,inactive_history,FR,France,,,,,,,,,held_inactive_exact_name
2467,eu_framework,inactive_history,FR,France,,,,,,,,,held_inactive_exact_name
2468,eu_framework,inactive_history,FR,France,,,,,,,,,held_inactive_exact_name
2469,eu_framework,review,FR,France,,,,,,,,,held-alias-without-clean-domain-agreement
2470,eu_framework,inactive_history,FR,France,,,,,,,,,held_inactive_site_only
2471,eu_framework,unmatched,FR,France,,,,,,,,,unmatched
2472,eu_framework,safe_active,FR,France,https://ror.org/01frn9647,Université de Pau et des Pays de l'Adour,active,2988358,Pau,Nouvelle-Aquitaine,43.31117,-0.35583,safe_active_exact_name_site_agreement
2473,eu_framework,safe_active,FR,France,https://ror.org/03am2jy38,Université de Perpignan,active,2987914,Perpignan,Occitanie,42.69764,2.89541,safe_active_exact_name_site_agreement
2474,eu_framework,safe_active,FR,France,https://ror.org/01gyxrk03,Université de Picardie Jules Verne,active,3037854,Amiens,Hauts-de-France,49.9,2.3,safe_active_exact_name_site_agreement
2475,eu_framework,safe_active,FR,France,https://ror.org/04xhy8q59,Université de Poitiers,active,2986495,Poitiers,Nouvelle-Aquitaine,46.58261,0.34348,safe_active_exact_name_site_agreement
2476,eu_framework,inactive_history,FR,France,,,,,,,,,held_inactive_exact_name
2477,eu_framework,safe_active,FR,France,https://ror.org/03hypw319,Université de Reims Champagne-Ardenne,active,2984114,Reims,Grand Est,49.26526,4.02853,safe_active_exact_name_site_agreement
2478,eu_framework,review,FR,France,,,,,,,,,held_review_site_only
2479,eu_framework,unmatched,FR,France,,,,,,,,,unmatched
2480,eu_framework,inactive_history,FR,France,,,,,,,,,held_inactive_site_only
2481,eu_framework,unmatched,FR,France,,,,,,,,,unmatched
2482,eu_framework,unmatched,FR,France,,,,,,,,,unmatched
2483,eu_framework,safe_active,FR,France,https://ror.org/05bn3m307,Université de technologie de belfort-montbéliard,active,3033791,Belfort,Bourgogne-Franche-Comté,47.64218,6.85385,safe_active_exact_name_site_agreement
2484,eu_framework,safe_active,FR,France,https://ror.org/04y5kwa70,Université de Technologie de Compiègne,active,3024066,Compiègne,Hauts-de-France,49.41794,2.82606,safe_active_exact_name_site_agreement
2485,eu_framework,safe_active,FR,France,https://ror.org/01qhqcj41,Université de Technologie de Troyes,active,2971549,Troyes,Grand Est,48.30073,4.08524,safe_active_exact_name_site_agreement
2486,eu_framework,review,FR,France,,,,,,,,,held_site_name_conflict
2487,eu_framework,review,FR,France,,,,,,,,,held_review_site_only
2488,eu_framework,inactive_history,FR,France,,,,,,,,,held_inactive_exact_name
2489,eu_framework,safe_active,FR,France,https://ror.org/03mkjjy25,Université de Versailles Saint-Quentin-en-Yvelines,active,2969679,Versailles,Île-de-France,48.80359,2.13424,safe_active_exact_name_site_agreement
2490,eu_framework,review,FR,France,,,,,,,,,held_review_site_only
2491,eu_framework,safe_active,FR,France,https://ror.org/014zrew76,Université d'Orléans,active,2989317,Orléans,Centre-Val de Loire,47.90248,1.90407,safe_active_exact_name_site_agreement
2492,eu_framework,inactive_history,FR,France,,,,,,,,,held_inactive_site_only
2493,eu_framework,safe_active,FR,France,https://ror.org/05v509s40,Université Le Havre Normandie,active,3003796,Le Havre,Normandy,49.49346,0.10785,safe_active_exact_name_site_agreement
2494,eu_framework,review,FR,France,,,,,,,,,held_review_site_only
2495,eu_framework,safe_active,FR,France,https://ror.org/01mtcc283,Le Mans Université,active,3003603,Le Mans,Pays de la Loire,48.0021,0.20251,safe_active_exact_name_site_agreement
2496,eu_framework,review,FR,France,,,,,,,,,held_review_site_only
2497,eu_framework,review,FR,France,,,,,,,,,held_review_site_only
2498,eu_framework,unmatched,FR,France,,,,,,,,,unmatched
2499,eu_framework,safe_active,FR,France,https://ror.org/030bahv93,Université Jean Monnet,active,2980291,Saint-Etienne,Rhône-Alpes,45.43389,4.39,safe_active_exact_name_site_agreement
2500,eu_framework,safe_active,FR,France,https://ror.org/05b5c0584,Université Jean Moulin Lyon III,active,2996944,Lyon,Auvergne-Rhône-Alpes,45.74846,4.84671,safe_active_exact_name_site_agreement
2501,eu_framework,inactive_history,FR,France,,,,,,,,,held_inactive_site_only
2502,eu_framework,unmatched,FR,France,,,,,,,,,unmatched
2503,eu_framework,review,FR,France,,,,,,,,,held_review_site_only
2504,eu_framework,unmatched,FR,France,,,,,,,,,unmatched
2505,eu_framework,inactive_history,FR,France,,,,,,,,,held_inactive_exact_name
2506,eu_framework,inactive_history,FR,France,,,,,,,,,held_inactive_exact_name
2507,eu_framework,unmatched,FR,France,,,,,,,,,unmatched
2508,eu_framework,unmatched,FR,France,,,,,,,,,unmatched
2509,eu_framework,unmatched,FR,France,,,,,,,,,unmatched
2510,eu_framework,unmatched,FR,France,,,,,,,,,unmatched
2511,eu_framework,unmatched,FR,France,,,,,,,,,unmatched
2512,eu_framework,inactive_history,FR,France,,,,,,,,,held_inactive_exact_name
2513,eu_framework,inactive_history,FR,France,,,,,,,,,held_inactive_site_only
2514,eu_framework,unmatched,FR,France,,,,,,,,,unmatched
2515,eu_framework,inactive_history,FR,France,,,,,,,,,held_inactive_exact_name
2516,eu_framework,unmatched,FR,France,,,,,,,,,unmatched
2517,eu_framework,inactive_history,FR,France,,,,,,,,,held_inactive_site_only
2518,eu_framework,inactive_history,FR,France,,,,,,,,,held_inactive_site_only
2519,eu_framework,unmatched,FR,France,,,,,,,,,unmatched
2520,eu_framework,unmatched,FR,France,,,,,,,,,unmatched
2521,eu_framework,unmatched,FR,France,,,,,,,,,unmatched
2522,eu_framework,review,FR,France,,,,,,,,,held_review_site_only
2523,eu_framework,inactive_history,FR,France,,,,,,,,,held_inactive_site_only
2524,eu_framework,unmatched,FR,France,,,,,,,,,unmatched
2525,eu_framework,unmatched,FR,France,,,,,,,,,unmatched
2526,eu_framework,review,FR,France,,,,,,,,,held_review_site_only
2528,fta_partner,review,GB,United Kingdom,,,,,,,,,held_review_site_only
2529,fta_partner,unmatched,GB,United Kingdom,,,,,,,,,unmatched
2530,fta_partner,safe_active,GB,United Kingdom,https://ror.org/0009t4v78,Anglia Ruskin University,active,2653941,Cambridge,England,52.2,0.11667,safe_active_exact_name_only
2531,fta_partner,safe_active,GB,United Kingdom,https://ror.org/05j0ve876,Aston University,active,2655603,Birmingham,England,52.48142,-1.89983,safe_active_exact_name_site_agreement
2532,fta_partner,review,GB,United Kingdom,,,,,,,,,held_review_site_only
2533,fta_partner,safe_active,GB,United Kingdom,https://ror.org/00t67pt25,Birmingham City University,active,2655603,Birmingham,England,52.48142,-1.89983,safe_active_exact_name_site_agreement
2534,fta_partner,safe_active,GB,United Kingdom,https://ror.org/05wwcw481,Bournemouth University,active,2640101,Poole,England,50.71429,-1.98458,safe_active_exact_name_site_agreement
2535,fta_partner,safe_active,GB,United Kingdom,https://ror.org/01mv04x52,British College of Osteopathic Medicine,active,2643743,London,England,51.50853,-0.12574,safe_active_exact_name_site_agreement
2536,fta_partner,review,GB,United Kingdom,,,,,,,,,held_review_site_only
2537,fta_partner,safe_active,GB,United Kingdom,https://ror.org/02q3bak66,Buckinghamshire New University,active,2646914,High Wycombe,England,51.62907,-0.74934,safe_active_exact_name_site_agreement
2538,fta_partner,unmatched,GB,United Kingdom,,,,,,,,,unmatched
2539,fta_partner,safe_active,GB,United Kingdom,https://ror.org/0489ggv38,Canterbury Christ Church University,active,2653877,Canterbury,England,51.27904,1.07992,safe_active_exact_name_site_agreement
2540,fta_partner,safe_active,GB,United Kingdom,https://ror.org/03kk7td41,Cardiff University,active,2653822,Cardiff,Wales,51.48,-3.18,safe_active_exact_name_site_agreement
2541,fta_partner,unmatched,GB,United Kingdom,,,,,,,,,unmatched
2542,fta_partner,unmatched,GB,United Kingdom,,,,,,,,,unmatched
2543,fta_partner,inactive_history,GB,United Kingdom,,,,,,,,,held_inactive_site_only
2544,fta_partner,review,GB,United Kingdom,,,,,,,,,held_review_site_only
2545,fta_partner,safe_active,GB,United Kingdom,https://ror.org/01tgmhj36,Coventry University,active,2652221,Coventry,England,52.40656,-1.51217,safe_active_exact_name_site_agreement
2546,fta_partner,safe_active,GB,United Kingdom,https://ror.org/05cncd958,Cranfield University,active,2652087,Cranfield,England,52.06869,-0.60884,safe_active_exact_name_site_agreement
2547,fta_partner,review,GB,United Kingdom,,,,,,,,,held_review_site_only
2548,fta_partner,unmatched,GB,United Kingdom,,,,,,,,,unmatched
2549,fta_partner,safe_active,GB,United Kingdom,https://ror.org/022gstf70,Falmouth University,active,2649715,Falmouth,England,50.15441,-5.07113,safe_active_exact_name_site_agreement
2550,fta_partner,safe_active,GB,United Kingdom,https://ror.org/03dvm1235,Glasgow Caledonian University,active,2648579,Glasgow,Scotland,55.86515,-4.25763,safe_active_exact_name_only
2551,fta_partner,safe_active,GB,United Kingdom,https://ror.org/01s033b11,Glasgow School of Art,active,2648579,Glasgow,Scotland,55.86515,-4.25763,safe_active_exact_name_site_agreement
2552,fta_partner,review,GB,United Kingdom,,,,,,,,,held_review_site_only
2553,fta_partner,safe_active,GB,United Kingdom,https://ror.org/04mghma93,Heriot-Watt University,active,2650225,Edinburgh,Scotland,55.95206,-3.19648,safe_active_exact_name_site_agreement
2554,fta_partner,safe_active,GB,United Kingdom,https://ror.org/044gr8720,"Heythrop College, University of London",active,2643743,London,England,51.50853,-0.12574,safe_active_exact_name_site_agreement
2555,fta_partner,unmatched,GB,United Kingdom,,,,,,,,,unmatched
2556,fta_partner,review,GB,United Kingdom,,,,,,,,,held-alias-without-clean-domain-agreement
2557,fta_partner,safe_active,GB,United Kingdom,https://ror.org/041kmwe10,Imperial College London,active,2643743,London,England,51.50853,-0.12574,safe_active_exact_name_only
2558,fta_partner,unmatched,GB,United Kingdom,,,,,,,,,unmatched
2559,fta_partner,unmatched,GB,United Kingdom,,,,,,,,,unmatched
2560,fta_partner,review,GB,United Kingdom,,,,,,,,,held_review_site_only
2561,fta_partner,review,GB,United Kingdom,,,,,,,,,held_review_site_only
2562,fta_partner,unmatched,GB,United Kingdom,,,,,,,,,unmatched
2563,fta_partner,unmatched,GB,United Kingdom,,,,,,,,,unmatched
2564,fta_partner,review,GB,United Kingdom,,,,,,,,,held_review_site_only
2565,fta_partner,review,GB,United Kingdom,,,,,,,,,held_review_site_only
2566,fta_partner,unmatched,GB,United Kingdom,,,,,,,,,unmatched
2567,fta_partner,unmatched,GB,United Kingdom,,,,,,,,,unmatched
2568,fta_partner,safe_active,GB,United Kingdom,https://ror.org/00340yn33,Keele University,active,2641674,Newcastle-under-Lyme,England,53,-2.23333,safe_active_exact_name_site_agreement
2569,fta_partner,review,GB,United Kingdom,,,,,,,,,held_review_site_only
2570,fta_partner,safe_active,GB,United Kingdom,https://ror.org/05bbqza97,Kingston University,active,2643743,London,England,51.50853,-0.12574,safe_active_exact_name_site_agreement
2571,fta_partner,review,GB,United Kingdom,,,,,,,,,held-alias-without-clean-domain-agreement
2572,fta_partner,review,GB,United Kingdom,,,,,,,,,held_review_site_only
2573,fta_partner,safe_active,GB,United Kingdom,https://ror.org/04zfme737,Liverpool John Moores University,active,2644210,Liverpool,England,53.41058,-2.97794,safe_active_exact_name_only
2574,fta_partner,safe_active,GB,United Kingdom,https://ror.org/001c2sn75,London Business School,active,2643743,London,England,51.50853,-0.12574,safe_active_exact_name_only
2575,fta_partner,unmatched,GB,United Kingdom,,,,,,,,,unmatched
2576,fta_partner,unmatched,GB,United Kingdom,,,,,,,,,unmatched
2577,fta_partner,unmatched,GB,United Kingdom,,,,,,,,,unmatched
2578,fta_partner,safe_active,GB,United Kingdom,https://ror.org/00ae33288,London Metropolitan University,active,2643743,London,England,51.50853,-0.12574,safe_active_exact_name_site_agreement
2579,fta_partner,safe_active,GB,United Kingdom,https://ror.org/02svqj611,London School of Business and Finance,active,2643743,London,England,51.50853,-0.12574,safe_active_exact_name_site_agreement
2580,fta_partner,review,GB,United Kingdom,,,,,,,,,held_review_site_only
2581,fta_partner,review,GB,United Kingdom,,,,,,,,,held_review_site_only
2582,fta_partner,unmatched,GB,United Kingdom,,,,,,,,,unmatched
2583,fta_partner,safe_active,GB,United Kingdom,https://ror.org/04vg4w365,Loughborough University,active,2643567,Loughborough,England,52.76667,-1.2,safe_active_exact_name_site_agreement
2584,fta_partner,safe_active,GB,United Kingdom,https://ror.org/01rv4p989,Middlesex University,active,2643743,London,England,51.50853,-0.12574,safe_active_exact_name_site_agreement
2585,fta_partner,review,GB,United Kingdom,,,,,,,,,held_review_site_only
2586,fta_partner,unmatched,GB,United Kingdom,,,,,,,,,unmatched
2587,fta_partner,safe_active,GB,United Kingdom,https://ror.org/04xyxjd90,Nottingham Trent University,active,2641170,Nottingham,England,52.9536,-1.15047,safe_active_exact_name_site_agreement
2588,fta_partner,review,GB,United Kingdom,,,,,,,,,held_review_site_only
2589,fta_partner,safe_active,GB,United Kingdom,https://ror.org/04v2twj65,Oxford Brookes University,active,2640729,Oxford,England,51.75222,-1.25596,safe_active_exact_name_site_agreement
2590,fta_partner,unmatched,GB,United Kingdom,,,,,,,,,unmatched
2591,fta_partner,review,GB,United Kingdom,,,,,,,,,held_review_site_only
2592,fta_partner,review,GB,United Kingdom,,,,,,,,,held_review_site_only
2593,fta_partner,review,GB,United Kingdom,,,,,,,,,held_review_site_only
2594,fta_partner,safe_active,GB,United Kingdom,https://ror.org/01egahc47,Royal College of Art,active,2643743,London,England,51.50853,-0.12574,safe_active_exact_name_site_agreement
2595,fta_partner,review,GB,United Kingdom,,,,,,,,,held_review_site_only
2596,fta_partner,unmatched,GB,United Kingdom,,,,,,,,,unmatched
2597,fta_partner,review,GB,United Kingdom,,,,,,,,,held-alias-without-clean-domain-agreement
2598,fta_partner,unmatched,GB,United Kingdom,,,,,,,,,unmatched
2599,fta_partner,unmatched,GB,United Kingdom,,,,,,,,,unmatched
2600,fta_partner,safe_active,GB,United Kingdom,https://ror.org/04vrxay34,SOAS University of London,active,2643743,London,England,51.50853,-0.12574,safe_active_exact_name_site_agreement
2601,fta_partner,unmatched,GB,United Kingdom,,,,,,,,,unmatched
2602,fta_partner,unmatched,GB,United Kingdom,,,,,,,,,unmatched
2603,fta_partner,safe_active,GB,United Kingdom,https://ror.org/019wt1929,Sheffield Hallam University,active,2638077,Sheffield,England,53.38297,-1.4659,safe_active_exact_name_site_agreement
2604,fta_partner,unmatched,GB,United Kingdom,,,,,,,,,unmatched
2605,fta_partner,safe_active,GB,United Kingdom,https://ror.org/05xydav19,Southampton Solent University,active,2637487,Southampton,England,50.90395,-1.40428,safe_active_exact_name_site_agreement
2606,fta_partner,unmatched,GB,United Kingdom,,,,,,,,,unmatched
2607,fta_partner,safe_active,GB,United Kingdom,https://ror.org/00d6k8y35,University of Staffordshire,active,2636841,Stoke-on-Trent,England,53.00415,-2.18538,safe_active_exact_name_site_agreement
2608,fta_partner,review,GB,United Kingdom,,,,,,,,,held_review_site_only
2609,fta_partner,unmatched,GB,United Kingdom,,,,,,,,,unmatched
2610,fta_partner,unmatched,GB,United Kingdom,,,,,,,,,unmatched
2611,fta_partner,unmatched,GB,United Kingdom,,,,,,,,,unmatched
2612,fta_partner,review,GB,United Kingdom,,,,,,,,,held_review_site_only
2613,fta_partner,review,GB,United Kingdom,,,,,,,,,held_review_site_only
2614,fta_partner,review,GB,United Kingdom,,,,,,,,,held_review_site_only
2615,fta_partner,review,GB,United Kingdom,,,,,,,,,held_review_site_only
2616,fta_partner,unmatched,GB,United Kingdom,,,,,,,,,unmatched
2617,fta_partner,unmatched,GB,United Kingdom,,,,,,,,,unmatched
2618,fta_partner,unmatched,GB,United Kingdom,,,,,,,,,unmatched
2619,fta_partner,safe_active,GB,United Kingdom,https://ror.org/01cy0sz82,University of Suffolk,active,2646057,Ipswich,England,52.05917,1.15545,safe_active_exact_name_site_agreement
2620,fta_partner,review,GB,United Kingdom,,,,,,,,,held_review_shared_site_only
2621,fta_partner,safe_active,GB,United Kingdom,https://ror.org/016476m91,University of Aberdeen,active,2657832,Aberdeen,Scotland,57.14369,-2.09814,safe_active_exact_name_site_agreement
2622,fta_partner,review,GB,United Kingdom,,,,,,,,,held_review_site_only
2623,fta_partner,safe_active,GB,United Kingdom,https://ror.org/002h8g185,University of Bath,active,2656173,Bath,England,51.3751,-2.36172,safe_active_exact_name_site_agreement
2624,fta_partner,safe_active,GB,United Kingdom,https://ror.org/0400avk24,University of Bedfordshire,active,2643339,Luton,England,51.87967,-0.41748,safe_active_exact_name_site_agreement
2625,fta_partner,safe_active,GB,United Kingdom,https://ror.org/03angcq70,University of Birmingham,active,2655603,Birmingham,England,52.48142,-1.89983,safe_active_exact_name_only
2626,fta_partner,safe_active,GB,United Kingdom,https://ror.org/01t884y44,University of Greater Manchester,active,2655237,Bolton,England,53.58333,-2.43333,safe_active_exact_name_site_agreement
2627,fta_partner,safe_active,GB,United Kingdom,https://ror.org/00vs8d940,University of Bradford,active,2654993,Bradford,England,53.79391,-1.75206,safe_active_exact_name_only
2628,fta_partner,safe_active,GB,United Kingdom,https://ror.org/04kp2b655,University of Brighton,active,2654710,Brighton,England,50.82838,-0.13947,safe_active_exact_name_only
2629,fta_partner,safe_active,GB,United Kingdom,https://ror.org/0524sp257,University of Bristol,active,2654675,Bristol,England,51.45523,-2.59665,safe_active_exact_name_only
2630,fta_partner,safe_active,GB,United Kingdom,https://ror.org/03kd28f18,University of Buckingham,active,2654410,Buckingham,England,51.99968,-0.98779,safe_active_exact_name_only
2631,fta_partner,safe_active,GB,United Kingdom,https://ror.org/013meh722,University of Cambridge,active,2653941,Cambridge,England,52.2,0.11667,safe_active_exact_name_site_agreement
2632,fta_partner,safe_active,GB,United Kingdom,https://ror.org/010jbqd54,University of Lancashire,active,2639912,Preston,England,53.76282,-2.70452,safe_active_exact_name_site_agreement
2633,fta_partner,safe_active,GB,United Kingdom,https://ror.org/01drpwb22,University of Chester,active,2653228,Chester,England,53.1905,-2.89189,safe_active_exact_name_site_agreement
2634,fta_partner,safe_active,GB,United Kingdom,https://ror.org/02yhrrk59,University of Derby,active,2651347,Derby,England,52.92277,-1.47663,safe_active_exact_name_site_agreement
2635,fta_partner,safe_active,GB,United Kingdom,https://ror.org/03h2bxq36,University of Dundee,active,2650752,Dundee,Scotland,56.46913,-2.97489,safe_active_exact_name_site_agreement
2636,fta_partner,safe_active,GB,United Kingdom,https://ror.org/01v29qb04,Durham University,active,2650628,Durham,England,54.77676,-1.57566,safe_active_exact_name_site_agreement
2637,fta_partner,safe_active,GB,United Kingdom,https://ror.org/026k5mg93,University of East Anglia,active,2641181,Norwich,England,52.62783,1.29834,safe_active_exact_name_site_agreement
2638,fta_partner,safe_active,GB,United Kingdom,https://ror.org/057jrqr44,University of East London,active,2643743,London,England,51.50853,-0.12574,safe_active_exact_name_site_agreement
2639,fta_partner,safe_active,GB,United Kingdom,https://ror.org/01nrxwf90,University of Edinburgh,active,2650225,Edinburgh,Scotland,55.95206,-3.19648,safe_active_exact_name_site_agreement
2640,fta_partner,safe_active,GB,United Kingdom,https://ror.org/02nkf1q06,University of Essex,active,2652618,Colchester,England,51.88921,0.90421,safe_active_exact_name_site_agreement
2641,fta_partner,safe_active,GB,United Kingdom,https://ror.org/03yghzc09,University of Exeter,active,2649808,Exeter,England,50.7236,-3.52751,safe_active_exact_name_only
2642,fta_partner,inactive_history,GB,United Kingdom,,,,,,,,,held_inactive_exact_name
2643,fta_partner,safe_active,GB,United Kingdom,https://ror.org/00vtgdb53,University of Glasgow,active,2648579,Glasgow,Scotland,55.86515,-4.25763,safe_active_exact_name_site_agreement
2644,fta_partner,safe_active,GB,United Kingdom,https://ror.org/00wygct11,University of Gloucestershire,active,2653261,Cheltenham,England,51.90006,-2.07972,safe_active_exact_name_site_agreement
2645,fta_partner,safe_active,GB,United Kingdom,https://ror.org/00bmj0a71,University of Greenwich,active,2643743,London,England,51.50853,-0.12574,safe_active_exact_name_site_agreement
2646,fta_partner,unmatched,GB,United Kingdom,,,,,,,,,unmatched
2647,fta_partner,safe_active,GB,United Kingdom,https://ror.org/0267vjk41,University of Hertfordshire,active,2647349,Hatfield,England,51.76338,-0.22419,safe_active_exact_name_site_agreement
2648,fta_partner,safe_active,GB,United Kingdom,https://ror.org/05t1h8f27,University of Huddersfield,active,2646458,Huddersfield,England,53.64904,-1.78416,safe_active_exact_name_site_agreement
2649,fta_partner,safe_active,GB,United Kingdom,https://ror.org/04nkhwh30,University of Hull,active,2645425,Hull,England,53.7446,-0.33525,safe_active_exact_name_site_agreement
2650,fta_partner,review,GB,United Kingdom,,,,,,,,,held-alias-without-clean-domain-agreement
2651,fta_partner,unmatched,GB,United Kingdom,,,,,,,,,unmatched
2652,fta_partner,safe_active,GB,United Kingdom,https://ror.org/024mrxd33,University of Leeds,active,2644688,Leeds,England,53.79648,-1.54785,safe_active_exact_name_site_agreement
2653,fta_partner,safe_active,GB,United Kingdom,https://ror.org/04h699437,University of Leicester,active,2644668,Leicester,England,52.6386,-1.13169,safe_active_exact_name_site_agreement
2654,fta_partner,safe_active,GB,United Kingdom,https://ror.org/03yeq9x20,University of Lincoln,active,2644487,Lincoln,England,53.22683,-0.53792,safe_active_exact_name_site_agreement
2655,fta_partner,safe_active,GB,United Kingdom,https://ror.org/04xs57h96,University of Liverpool,active,2644210,Liverpool,England,53.41058,-2.97794,safe_active_exact_name_site_agreement
2656,fta_partner,safe_active,GB,United Kingdom,https://ror.org/04cw6st05,University of London,active,2643743,London,England,51.50853,-0.12574,safe_active_exact_name_only
2657,fta_partner,safe_active,GB,United Kingdom,https://ror.org/027m9bs27,University of Manchester,active,2643123,Manchester,England,53.48095,-2.23743,safe_active_exact_name_only
2658,fta_partner,safe_active,GB,United Kingdom,https://ror.org/01kj2bm70,Newcastle University,active,2641673,Newcastle upon Tyne,England,54.97328,-1.61396,safe_active_exact_name_site_agreement
2659,fta_partner,safe_active,GB,United Kingdom,https://ror.org/04jp2hx10,University of Northampton,active,2641430,Northampton,England,52.25,-0.88333,safe_active_exact_name_site_agreement
2660,fta_partner,unmatched,GB,United Kingdom,,,,,,,,,unmatched
2661,fta_partner,review,GB,United Kingdom,,,,,,,,,held-alias-without-clean-domain-agreement
2662,fta_partner,safe_active,GB,United Kingdom,https://ror.org/01ee9ar58,University of Nottingham,active,2641170,Nottingham,England,52.9536,-1.15047,safe_active_exact_name_site_agreement
2663,fta_partner,safe_active,GB,United Kingdom,https://ror.org/052gg0110,University of Oxford,active,2640729,Oxford,England,51.75222,-1.25596,safe_active_exact_name_site_agreement
2664,fta_partner,unmatched,GB,United Kingdom,,,,,,,,,unmatched
2665,fta_partner,safe_active,GB,United Kingdom,https://ror.org/008n7pv89,University of Plymouth,active,2640194,Plymouth,England,50.37153,-4.14305,safe_active_exact_name_site_agreement
2666,fta_partner,safe_active,GB,United Kingdom,https://ror.org/03ykbk197,University of Portsmouth,active,2639996,Portsmouth,England,50.79899,-1.09125,safe_active_exact_name_site_agreement
2667,fta_partner,safe_active,GB,United Kingdom,https://ror.org/05v62cm79,University of Reading,active,2639577,Reading,England,51.45625,-0.97113,safe_active_exact_name_only
2668,fta_partner,safe_active,GB,United Kingdom,https://ror.org/01tmqtf75,University of Salford,active,2638671,Salford,England,53.48771,-2.29042,safe_active_exact_name_site_agreement
2669,fta_partner,safe_active,GB,United Kingdom,https://ror.org/05krs5044,University of Sheffield,active,2638077,Sheffield,England,53.38297,-1.4659,safe_active_exact_name_only
2670,fta_partner,safe_active,GB,United Kingdom,https://ror.org/01ryk1543,University of Southampton,active,2637487,Southampton,England,50.90395,-1.40428,safe_active_exact_name_only
2671,fta_partner,safe_active,GB,United Kingdom,https://ror.org/02wn5qz54,University of St Andrews,active,2638864,St Andrews,Scotland,56.33871,-2.79902,safe_active_exact_name_only
2672,fta_partner,safe_active,GB,United Kingdom,https://ror.org/045wgfr59,University of Stirling,active,2636910,Stirling,Scotland,56.11903,-3.93682,safe_active_exact_name_site_agreement
2673,fta_partner,safe_active,GB,United Kingdom,https://ror.org/00n3w3b69,University of Strathclyde,active,2648579,Glasgow,Scotland,55.86515,-4.25763,safe_active_exact_name_site_agreement
2674,fta_partner,safe_active,GB,United Kingdom,https://ror.org/04p55hr04,University of Sunderland,active,2636531,Sunderland,England,54.90465,-1.38222,safe_active_exact_name_site_agreement
2675,fta_partner,safe_active,GB,United Kingdom,https://ror.org/00ks66431,University of Surrey,active,2647793,Guildford,England,51.23536,-0.57427,safe_active_exact_name_site_agreement
2676,fta_partner,safe_active,GB,United Kingdom,https://ror.org/00ayhx656,University of Sussex,active,2654710,Brighton,England,50.82838,-0.13947,safe_active_exact_name_site_agreement
2677,fta_partner,review,GB,United Kingdom,,,,,,,,,held_review_site_only
2678,fta_partner,review,GB,United Kingdom,,,,,,,,,held_review_site_only
2679,fta_partner,safe_active,GB,United Kingdom,https://ror.org/01yp9g959,University of Ulster,active,2652586,Coleraine,Northern Ireland,55.13333,-6.66667,safe_active_exact_name_only
2680,fta_partner,safe_active,GB,United Kingdom,https://ror.org/01se4f844,University of Wales,active,2653822,Cardiff,Wales,51.48,-3.18,safe_active_exact_name_site_agreement
2681,fta_partner,review,GB,United Kingdom,,,,,,,,,held_review_shared_site_only
2682,fta_partner,safe_active,GB,United Kingdom,https://ror.org/006jb1a24,Bangor University,active,2656397,Bangor,Wales,53.22752,-4.12936,safe_active_exact_name_site_agreement
2683,fta_partner,unmatched,GB,United Kingdom,,,,,,,,,unmatched
2684,fta_partner,review,GB,United Kingdom,,,,,,,,,held-alias-without-clean-domain-agreement
2685,fta_partner,unmatched,GB,United Kingdom,,,,,,,,,unmatched
2686,fta_partner,inactive_history,GB,United Kingdom,,,,,,,,,held_inactive_exact_name
2687,fta_partner,unmatched,GB,United Kingdom,,,,,,,,,unmatched
2688,fta_partner,safe_active,GB,United Kingdom,https://ror.org/01a77tt86,University of Warwick,active,2652221,Coventry,England,52.40656,-1.51217,safe_active_exact_name_only
2689,fta_partner,safe_active,GB,United Kingdom,https://ror.org/04ycpbx82,University of Westminster,active,2643743,London,England,51.50853,-0.12574,safe_active_exact_name_site_agreement
2690,fta_partner,safe_active,GB,United Kingdom,https://ror.org/01k2y1055,University of Wolverhampton,active,2633691,Wolverhampton,England,52.58547,-2.12296,safe_active_exact_name_site_agreement
2691,fta_partner,safe_active,GB,United Kingdom,https://ror.org/00v6s9648,University of Worcester,active,2633563,Worcester,England,52.18935,-2.22001,safe_active_exact_name_only
2692,fta_partner,safe_active,GB,United Kingdom,https://ror.org/04m01e293,University of York,active,2633352,York,England,53.95763,-1.08271,safe_active_exact_name_site_agreement
2693,fta_partner,review,GB,United Kingdom,,,,,,,,,held_review_site_only
2694,fta_partner,unmatched,GB,United Kingdom,,,,,,,,,unmatched
2695,fta_partner,unmatched,GB,United Kingdom,,,,,,,,,unmatched
2696,fta_partner,unmatched,GB,United Kingdom,,,,,,,,,unmatched
2747,eu_framework,review,GR,Greece,,,,,,,,,held_review_site_only
2748,eu_framework,safe_active,GR,Greece,https://ror.org/03xawq568,Agricultural University of Athens,active,264371,Athens,Attica,37.98376,23.72784,safe_active_exact_name_site_agreement
2749,eu_framework,unmatched,GR,Greece,,,,,,,,,unmatched
2750,eu_framework,unmatched,GR,Greece,,,,,,,,,unmatched
2751,eu_framework,safe_active,GR,Greece,https://ror.org/02j61yw88,Aristotle University of Thessaloniki,active,734077,Thessaloniki,Central Macedonia,40.64361,22.93086,safe_active_exact_name_site_agreement
2752,eu_framework,unmatched,GR,Greece,,,,,,,,,unmatched
2753,eu_framework,review,GR,Greece,,,,,,,,,held_review_site_only
2754,eu_framework,safe_active,GR,Greece,https://ror.org/01rk3xf02,Athens School of Fine Arts,active,264371,Athens,Attica,37.98376,23.72784,safe_active_exact_name_site_agreement
2755,eu_framework,safe_active,GR,Greece,https://ror.org/03s262162,Athens University of Economics and Business,active,264371,Athens,Attica,37.98376,23.72784,safe_active_exact_name_site_agreement
2756,eu_framework,unmatched,GR,Greece,,,,,,,,,unmatched
2757,eu_framework,unmatched,GR,Greece,,,,,,,,,unmatched
2758,eu_framework,review,GR,Greece,,,,,,,,,held_review_site_only
2759,eu_framework,unmatched,GR,Greece,,,,,,,,,unmatched
2760,eu_framework,review,GR,Greece,,,,,,,,,held-alias-without-clean-domain-agreement
2761,eu_framework,unmatched,GR,Greece,,,,,,,,,unmatched
2762,eu_framework,safe_active,GR,Greece,https://ror.org/02kq26x23,Hellenic Open University,active,255683,Pátrai,West Greece,38.24444,21.73444,safe_active_exact_name_site_agreement
2763,eu_framework,unmatched,GR,Greece,,,,,,,,,unmatched
2764,eu_framework,unmatched,GR,Greece,,,,,,,,,unmatched
2765,eu_framework,safe_active,GR,Greece,https://ror.org/00708jp83,International Hellenic University,active,734077,Thessaloniki,Central Macedonia,40.64361,22.93086,safe_active_exact_name_only
2766,eu_framework,unmatched,GR,Greece,,,,,,,,,unmatched
2767,eu_framework,safe_active,GR,Greece,https://ror.org/03cx6bg69,National Technical University of Athens,active,264371,Athens,Attica,37.98376,23.72784,safe_active_exact_name_site_agreement
2768,eu_framework,review,GR,Greece,,,,,,,,,held_review_site_only
2769,eu_framework,safe_active,GR,Greece,https://ror.org/03f8bz564,Technical University of Crete,active,260114,Chania,Crete,35.51124,24.02921,safe_active_exact_name_site_agreement
2770,eu_framework,inactive_history,GR,Greece,,,,,,,,,held_inactive_site_only
2771,eu_framework,review,GR,Greece,,,,,,,,,held_review_site_only
2772,eu_framework,unmatched,GR,Greece,,,,,,,,,unmatched
2773,eu_framework,unmatched,GR,Greece,,,,,,,,,unmatched
2774,eu_framework,inactive_history,GR,Greece,,,,,,,,,held_inactive_site_only
2775,eu_framework,inactive_history,GR,Greece,,,,,,,,,held_inactive_site_only
2776,eu_framework,unmatched,GR,Greece,,,,,,,,,unmatched
2777,eu_framework,unmatched,GR,Greece,,,,,,,,,unmatched
2778,eu_framework,review,GR,Greece,,,,,,,,,held_review_site_only
2779,eu_framework,unmatched,GR,Greece,,,,,,,,,unmatched
2780,eu_framework,unmatched,GR,Greece,,,,,,,,,unmatched
2781,eu_framework,inactive_history,GR,Greece,,,,,,,,,held_inactive_site_only
2782,eu_framework,unmatched,GR,Greece,,,,,,,,,unmatched
2783,eu_framework,review,GR,Greece,,,,,,,,,held_review_site_only
2784,eu_framework,safe_active,GR,Greece,https://ror.org/04gnjpq42,National and Kapodistrian University of Athens,active,264371,Athens,Attica,37.98376,23.72784,safe_active_exact_name_site_agreement
2785,eu_framework,unmatched,GR,Greece,,,,,,,,,unmatched
2786,eu_framework,review,GR,Greece,,,,,,,,,held-multiple-ror-locations
2787,eu_framework,unmatched,GR,Greece,,,,,,,,,unmatched
2788,eu_framework,safe_active,GR,Greece,https://ror.org/01qg3j183,University of Ioannina,active,261779,Ioannina,Epirus,39.66486,20.85189,safe_active_exact_name_site_agreement
2789,eu_framework,unmatched,GR,Greece,,,,,,,,,unmatched
2790,eu_framework,safe_active,GR,Greece,https://ror.org/05fg6gr82,University of Macedonia,active,734077,Thessaloniki,Central Macedonia,40.64361,22.93086,safe_active_exact_name_site_agreement
2791,eu_framework,safe_active,GR,Greece,https://ror.org/017wvtq80,University of Patras,active,255683,Pátrai,West Greece,38.24444,21.73444,safe_active_exact_name_site_agreement
2792,eu_framework,safe_active,GR,Greece,https://ror.org/04d4d3c02,University of Peloponnese,active,252601,Tripoli,Peloponnese,37.50959,22.37883,safe_active_exact_name_site_agreement
2793,eu_framework,safe_active,GR,Greece,https://ror.org/02qs84g94,University of Piraeus,active,255274,Piraeus,Attica,37.94203,23.64619,safe_active_exact_name_site_agreement
2794,eu_framework,safe_active,GR,Greece,https://ror.org/04v4g9h31,University of Thessaly,active,251833,Volos,Thessaly,39.36923,22.94769,safe_active_exact_name_site_agreement
2795,eu_framework,safe_active,GR,Greece,https://ror.org/00a5pe906,University of Western Macedonia,active,735563,Kozani,West Macedonia,40.30069,21.78896,safe_active_exact_name_site_agreement
2796,eu_framework,unmatched,GR,Greece,,,,,,,,,unmatched
2808,oceania,safe_active,GU,Guam,https://ror.org/00376bg92,University of Guam,active,7268049,Mangilao Village,Mangilao,13.44761,144.80109,automatic-strict-name+domain-within-country
2813,fta_partner,safe_active,HK,Hong Kong,https://ror.org/00t33hh48,Chinese University of Hong Kong,active,1819729,Hong Kong,,22.27832,114.17469,safe_active_exact_name_only
2814,fta_partner,safe_active,HK,Hong Kong,https://ror.org/021a2zz52,Hong Kong Chu Hai College,active,1818446,Tuen Mun,Tuen Mun,22.39175,113.97157,safe_active_exact_name_site_agreement
2815,fta_partner,safe_active,HK,Hong Kong,https://ror.org/03q8dnn23,City University of Hong Kong,active,1819729,Hong Kong,,22.27832,114.17469,safe_active_exact_name_site_agreement
2816,fta_partner,safe_active,HK,Hong Kong,https://ror.org/050fbe140,Hong Kong Academy for Performing Arts,active,1819729,Hong Kong,,22.27832,114.17469,safe_active_exact_name_site_agreement
2817,fta_partner,safe_active,HK,Hong Kong,https://ror.org/0145fw131,Hong Kong Baptist University,active,1819729,Hong Kong,,22.27832,114.17469,safe_active_exact_name_site_agreement
2818,fta_partner,review,HK,Hong Kong,,,,,,,,,held-alias-without-clean-domain-agreement
2819,fta_partner,safe_active,HK,Hong Kong,https://ror.org/0030zas98,Hong Kong Polytechnic University,active,1819729,Hong Kong,,22.27832,114.17469,safe_active_exact_name_site_agreement
2820,fta_partner,review,HK,Hong Kong,,,,,,,,,held-alias-without-clean-domain-agreement
2821,fta_partner,safe_active,HK,Hong Kong,https://ror.org/00q4vv597,Hong Kong University of Science and Technology,active,1819729,Hong Kong,,22.27832,114.17469,safe_active_exact_name_site_agreement
2822,fta_partner,safe_active,HK,Hong Kong,https://ror.org/0563pg902,Lingnan University,active,1818446,Tuen Mun,Tuen Mun,22.39175,113.97157,safe_active_exact_name_site_agreement
2823,fta_partner,review,HK,Hong Kong,,,,,,,,,held-alias-without-clean-domain-agreement
2824,fta_partner,safe_active,HK,Hong Kong,https://ror.org/02zhqgq86,University of Hong Kong,active,1819091,Pok Fu Lam,Southern District,22.26861,114.12924,safe_active_exact_name_site_agreement
2834,eu_framework,safe_active,HR,Croatia,https://ror.org/05yptqp13,University of Dubrovnik,active,3201047,Dubrovnik,Dubrovnik-Neretva,42.64125,18.10909,safe_active_exact_name_site_agreement
2835,eu_framework,safe_active,HR,Croatia,https://ror.org/05sw4wc49,University of Osijek,active,3193935,Osijek,County of Osijek-Baranja,45.55111,18.69389,safe_active_exact_name_site_agreement
2836,eu_framework,review,HR,Croatia,,,,,,,,,held_review_site_only
2837,eu_framework,safe_active,HR,Croatia,https://ror.org/05r8dqr10,University of Rijeka,active,3191648,Rijeka,Primorje-Gorski Kotar,45.32673,14.44241,safe_active_exact_name_site_agreement
2838,eu_framework,safe_active,HR,Croatia,https://ror.org/00m31ft63,University of Split,active,3190261,Split,Split-Dalmatia,43.50891,16.43915,safe_active_exact_name_site_agreement
2839,eu_framework,safe_active,HR,Croatia,https://ror.org/00t89vb53,University of Zadar,active,3186952,Zadar,Zadar,44.11578,15.22514,safe_active_exact_name_site_agreement
2840,eu_framework,safe_active,HR,Croatia,https://ror.org/00mv6sv71,University of Zagreb,active,3186886,Zagreb,Zagreb,45.81444,15.97798,safe_active_exact_name_site_agreement
2841,eu_framework,safe_active,HR,Croatia,https://ror.org/04bqkh239,Zagreb School of Economics and Management,active,3186886,Zagreb,Zagreb,45.81444,15.97798,safe_active_exact_name_site_agreement
2848,eu_framework,unmatched,HU,Hungary,,,,,,,,,unmatched
2849,eu_framework,unmatched,HU,Hungary,,,,,,,,,unmatched
2850,eu_framework,unmatched,HU,Hungary,,,,,,,,,unmatched
2851,eu_framework,review,HU,Hungary,,,,,,,,,held_review_site_only
2852,eu_framework,unmatched,HU,Hungary,,,,,,,,,unmatched
2853,eu_framework,unmatched,HU,Hungary,,,,,,,,,unmatched
2854,eu_framework,unmatched,HU,Hungary,,,,,,,,,unmatched
2855,eu_framework,unmatched,HU,Hungary,,,,,,,,,unmatched
2856,eu_framework,unmatched,HU,Hungary,,,,,,,,,unmatched
2857,eu_framework,review,HU,Hungary,,,,,,,,,held_review_site_only
2858,eu_framework,unmatched,HU,Hungary,,,,,,,,,unmatched
2859,eu_framework,unmatched,HU,Hungary,,,,,,,,,unmatched
2860,eu_framework,unmatched,HU,Hungary,,,,,,,,,unmatched
2861,eu_framework,unmatched,HU,Hungary,,,,,,,,,unmatched
2862,eu_framework,unmatched,HU,Hungary,,,,,,,,,unmatched
2863,eu_framework,unmatched,HU,Hungary,,,,,,,,,unmatched
2864,eu_framework,unmatched,HU,Hungary,,,,,,,,,unmatched
2865,eu_framework,review,HU,Hungary,,,,,,,,,held_review_site_only
2866,eu_framework,unmatched,HU,Hungary,,,,,,,,,unmatched
2867,eu_framework,unmatched,HU,Hungary,,,,,,,,,unmatched
2868,eu_framework,safe_active,HU,Hungary,https://ror.org/05v9kya57,Pázmány Péter Catholic University,active,3054643,Budapest,Budapest,47.49835,19.04045,safe_active_exact_name_site_agreement
2869,eu_framework,unmatched,HU,Hungary,,,,,,,,,unmatched
2870,eu_framework,review,HU,Hungary,,,,,,,,,held_review_site_only
2871,eu_framework,unmatched,HU,Hungary,,,,,,,,,unmatched
2872,eu_framework,review,HU,Hungary,,,,,,,,,held-alias-without-clean-domain-agreement
2873,eu_framework,review,HU,Hungary,,,,,,,,,held_review_site_only
2874,eu_framework,unmatched,HU,Hungary,,,,,,,,,unmatched
2875,eu_framework,unmatched,HU,Hungary,,,,,,,,,unmatched
2876,eu_framework,safe_active,HU,Hungary,https://ror.org/02xf66n48,University of Debrecen,active,721472,Debrecen,Hajdú-Bihar,47.53167,21.62444,safe_active_exact_name_site_agreement
2877,eu_framework,unmatched,HU,Hungary,,,,,,,,,unmatched
2878,eu_framework,safe_active,HU,Hungary,https://ror.org/038g7dk46,University of Miskolc,active,717582,Miskolc,Borsod-Abaúj-Zemplén,48.10327,20.77806,safe_active_exact_name_site_agreement
2879,eu_framework,safe_active,HU,Hungary,https://ror.org/03y5egs41,University of Pannonia,active,3042929,Veszprém,Veszprém,47.09327,17.91149,safe_active_exact_name_only
2880,eu_framework,safe_active,HU,Hungary,https://ror.org/037b5pv06,University of Pecs,active,3046526,Pécs,Baranya,46.0725,18.23083,safe_active_exact_name_site_agreement
2881,eu_framework,safe_active,HU,Hungary,https://ror.org/05nj7my03,University of Sopron,active,3045190,Sopron,Győr-Moson-Sopron,47.68501,16.59049,safe_active_exact_name_only
2882,eu_framework,safe_active,HU,Hungary,https://ror.org/01pnej532,University of Szeged,active,715429,Szeged,Csongrád,46.253,20.14824,safe_active_exact_name_site_agreement
2883,eu_framework,review,HU,Hungary,,,,,,,,,held_review_site_only
2884,eu_framework,review,HU,Hungary,,,,,,,,,held-alias-without-clean-domain-agreement
2885,fta_partner,unmatched,ID,Indonesia,,,,,,,,,unmatched
2886,fta_partner,safe_active,ID,Indonesia,https://ror.org/03zmf4s77,Binus University,active,1642911,Jakarta,Jakarta,-6.21462,106.84513,safe_active_exact_name_site_agreement
2887,fta_partner,safe_active,ID,Indonesia,https://ror.org/05smgpd89,IPB University,active,1648473,Bogor,West Java,-6.59444,106.78917,safe_active_exact_name_site_agreement
2888,fta_partner,safe_active,ID,Indonesia,https://ror.org/044nhav08,Institut Sains dan Teknologi Al-Kamal,active,1642911,Jakarta,Jakarta,-6.21462,106.84513,safe_active_exact_name_site_agreement
2889,fta_partner,review,ID,Indonesia,,,,,,,,,held_review_site_only
2890,fta_partner,safe_active,ID,Indonesia,https://ror.org/05007jy86,Institut Teknologi Adhi Tama Surabaya,active,1625822,Surabaya,East Java,-7.24917,112.75083,safe_active_exact_name_site_agreement
2891,fta_partner,safe_active,ID,Indonesia,https://ror.org/00apj8t60,Bandung Institute of Technology,active,1650357,Bandung,West Java,-6.92222,107.60694,safe_active_exact_name_site_agreement
2892,fta_partner,safe_active,ID,Indonesia,https://ror.org/05kbmmt89,Sepuluh Nopember Institute of Technology,active,1625822,Surabaya,East Java,-7.24917,112.75083,safe_active_exact_name_site_agreement
2893,fta_partner,unmatched,ID,Indonesia,,,,,,,,,unmatched
2894,fta_partner,safe_active,ID,Indonesia,https://ror.org/05v5br676,Politeknik Negeri Bandung,active,1650357,Bandung,West Java,-6.92222,107.60694,safe_active_exact_name_site_agreement
2895,fta_partner,safe_active,ID,Indonesia,https://ror.org/04v8qfb10,Jakarta State Polytechnic,active,1645524,Depok,West Java,-6.4,106.81861,safe_active_exact_name_site_agreement
2896,fta_partner,safe_active,ID,Indonesia,https://ror.org/023p80x55,Politeknik Negeri Lhokseumawe,active,1214658,Lhokseumawe,Aceh,5.1801,97.1507,safe_active_exact_name_site_agreement
2897,fta_partner,safe_active,ID,Indonesia,https://ror.org/05n29k456,Politeknik Negeri Malang,active,1636712,Kota Malang,East Java,-7.98333,112.63333,safe_active_exact_name_only
2898,fta_partner,safe_active,ID,Indonesia,https://ror.org/05q5nyc68,Politeknik Negeri Padang,active,1633419,Padang,West Sumatra,-0.94924,100.35427,safe_active_exact_name_only
2899,fta_partner,safe_active,ID,Indonesia,https://ror.org/02dwb1w08,Politeknik Negeri Pontianak,active,1630789,Pontianak,West Kalimantan,-0.03194,109.325,safe_active_exact_name_site_agreement
2900,fta_partner,safe_active,ID,Indonesia,https://ror.org/03187xr32,Politeknik Negeri Sambas,active,1628979,Sambas,West Kalimantan,1.33333,109.25,safe_active_exact_name_site_agreement
2901,fta_partner,safe_active,ID,Indonesia,https://ror.org/04xwxtp60,Politeknik Negeri Semarang,active,1627896,Semarang,Central Java,-6.99306,110.42083,safe_active_exact_name_site_agreement
2902,fta_partner,review,ID,Indonesia,,,,,,,,,held-alias-without-clean-domain-agreement
2903,fta_partner,unmatched,ID,Indonesia,,,,,,,,,unmatched
2904,fta_partner,unmatched,ID,Indonesia,,,,,,,,,unmatched
2905,fta_partner,unmatched,ID,Indonesia,,,,,,,,,unmatched
2906,fta_partner,review,ID,Indonesia,,,,,,,,,held_review_site_only
2907,fta_partner,unmatched,ID,Indonesia,,,,,,,,,unmatched
2908,fta_partner,safe_active,ID,Indonesia,https://ror.org/047rtk203,Swiss German University,active,8581443,South Tangerang,Banten,-6.28862,106.71789,safe_active_exact_name_site_agreement
2909,fta_partner,review,ID,Indonesia,,,,,,,,,held-alias-without-clean-domain-agreement
2910,fta_partner,review,ID,Indonesia,,,,,,,,,held_review_site_only
2911,fta_partner,unmatched,ID,Indonesia,,,,,,,,,unmatched
2912,fta_partner,safe_active,ID,Indonesia,https://ror.org/02t1x9x61,Universitas 17 Agustus 1945 Cirebon,active,1646170,Cirebon,West Java,-6.7063,108.557,safe_active_exact_name_only
2913,fta_partner,safe_active,ID,Indonesia,https://ror.org/00vp4y570,Universitas 17 Agustus 1945 Jakarta,active,1642911,Jakarta,Jakarta,-6.21462,106.84513,safe_active_exact_name_only
2914,fta_partner,safe_active,ID,Indonesia,https://ror.org/050p4pc72,Universitas 17 Agustus 1945 Samarinda,active,1629001,Samarinda,East Kalimantan,-0.49167,117.14583,safe_active_exact_name_site_agreement
2915,fta_partner,safe_active,ID,Indonesia,https://ror.org/0434njb68,Universitas 17 Agustus 1945 Semarang,active,1627896,Semarang,Central Java,-6.99306,110.42083,safe_active_exact_name_site_agreement
2916,fta_partner,safe_active,ID,Indonesia,https://ror.org/02xrm8562,Universitas 17 Agustus 1945 Surabaya,active,1625822,Surabaya,East Java,-7.24917,112.75083,safe_active_exact_name_only
2917,fta_partner,safe_active,ID,Indonesia,https://ror.org/01ymejj86,Universitas Advent Indonesia,active,1650357,Bandung,West Java,-6.92222,107.60694,safe_active_exact_name_site_agreement
2918,fta_partner,safe_active,ID,Indonesia,https://ror.org/03hn13397,Universitas Ahmad Dahlan,active,1621177,Yogyakarta,Yogyakarta,-7.80139,110.36472,safe_active_exact_name_site_agreement
2919,fta_partner,safe_active,ID,Indonesia,https://ror.org/04ctejd88,Airlangga University,active,1625822,Surabaya,East Java,-7.24917,112.75083,safe_active_exact_name_site_agreement
2920,fta_partner,safe_active,ID,Indonesia,https://ror.org/0166b9n36,Universitas Amir Hamzah,active,6840926,Utara,East Java,-7.16834,113.49869,safe_active_exact_name_site_agreement
2921,fta_partner,safe_active,ID,Indonesia,https://ror.org/04ded0672,Andalas University,active,1633419,Padang,West Sumatra,-0.94924,100.35427,safe_active_exact_name_site_agreement
2922,fta_partner,safe_active,ID,Indonesia,https://ror.org/01gmyr425,Atma Jaya University Yogyakarta,active,1621177,Yogyakarta,Yogyakarta,-7.80139,110.36472,safe_active_exact_name_site_agreement
2923,fta_partner,safe_active,ID,Indonesia,https://ror.org/01xbsne82,Bakrie University,active,1642911,Jakarta,Jakarta,-6.21462,106.84513,safe_active_exact_name_site_agreement
2924,fta_partner,safe_active,ID,Indonesia,https://ror.org/04w077t62,University of Bengkulu,active,1649150,Bengkulu,Bengkulu,-3.80044,102.26554,safe_active_exact_name_site_agreement
2925,fta_partner,safe_active,ID,Indonesia,https://ror.org/00kjhnt51,Universitas Bhayangkara Jakarta Raya,active,1642911,Jakarta,Jakarta,-6.21462,106.84513,safe_active_exact_name_site_agreement
2926,fta_partner,safe_active,ID,Indonesia,https://ror.org/02kycr729,Universitas Bhayangkara Surabaya,active,1625822,Surabaya,East Java,-7.24917,112.75083,safe_active_exact_name_site_agreement
2927,fta_partner,safe_active,ID,Indonesia,https://ror.org/03dxh7253,Universitas Bojonegoro,active,1648451,Bojonegoro,East Java,-7.1502,111.8817,safe_active_exact_name_site_agreement
2928,fta_partner,safe_active,ID,Indonesia,https://ror.org/01wk3d929,University of Brawijaya,active,1636722,Malang,East Java,-7.9797,112.6304,safe_active_exact_name_site_agreement
2929,fta_partner,review,ID,Indonesia,,,,,,,,,held_review_site_only
2930,fta_partner,safe_active,ID,Indonesia,https://ror.org/009gpfg16,Universitas Bung Hatta,active,1633419,Padang,West Sumatra,-0.94924,100.35427,safe_active_exact_name_site_agreement
2931,fta_partner,safe_active,ID,Indonesia,https://ror.org/031bayg24,Cenderawasih University,active,2082600,Jayapura,Papua,-2.53371,140.71813,safe_active_exact_name_site_agreement
2932,fta_partner,safe_active,ID,Indonesia,https://ror.org/05ax0z866,Universitas Darma Agung,active,1214520,Medan,North Sumatra,3.58333,98.66667,safe_active_exact_name_only
2933,fta_partner,safe_active,ID,Indonesia,https://ror.org/04yntn793,Universitas Darma Persada,active,1642911,Jakarta,Jakarta,-6.21462,106.84513,safe_active_exact_name_site_agreement
2934,fta_partner,safe_active,ID,Indonesia,https://ror.org/02csxcg02,Universitas Dian Nuswantoro,active,1627896,Semarang,Central Java,-6.99306,110.42083,safe_active_exact_name_site_agreement
2935,fta_partner,safe_active,ID,Indonesia,https://ror.org/056bjta22,Diponegoro University,active,1627896,Semarang,Central Java,-6.99306,110.42083,safe_active_exact_name_site_agreement
2936,fta_partner,review,ID,Indonesia,,,,,,,,,held_review_site_only
2937,fta_partner,safe_active,ID,Indonesia,https://ror.org/03ke6d638,Universitas Gadjah Mada,active,1621177,Yogyakarta,Yogyakarta,-7.80139,110.36472,safe_active_exact_name_site_agreement
2938,fta_partner,safe_active,ID,Indonesia,https://ror.org/018vvrr03,Universitas Gajayana Malang,active,1636722,Malang,East Java,-7.9797,112.6304,safe_active_exact_name_site_agreement
2939,fta_partner,safe_active,ID,Indonesia,https://ror.org/0028q1g19,Gunadarma University,active,1645524,Depok,West Java,-6.4,106.81861,safe_active_exact_name_site_agreement
2940,fta_partner,unmatched,ID,Indonesia,,,,,,,,,unmatched
2941,fta_partner,safe_active,ID,Indonesia,https://ror.org/00da1gf19,Hasanuddin University,active,1622786,Makassar,South Sulawesi,-5.14861,119.43194,safe_active_exact_name_site_agreement
2942,fta_partner,review,ID,Indonesia,,,,,,,,,held-alias-without-clean-domain-agreement
2943,fta_partner,unmatched,ID,Indonesia,,,,,,,,,unmatched
2944,fta_partner,safe_active,ID,Indonesia,https://ror.org/00x014194,Universitas Ibn Khaldun Bogor,active,1648473,Bogor,West Java,-6.59444,106.78917,safe_active_exact_name_site_agreement
2945,fta_partner,safe_active,ID,Indonesia,https://ror.org/0116zj450,University of Indonesia,active,1645524,Depok,West Java,-6.4,106.81861,safe_active_exact_name_site_agreement
2946,fta_partner,unmatched,ID,Indonesia,,,,,,,,,unmatched
2947,fta_partner,safe_active,ID,Indonesia,https://ror.org/04tp6pr14,Bandung Islamic University,active,1650357,Bandung,West Java,-6.92222,107.60694,safe_active_exact_name_site_agreement
2948,fta_partner,safe_active,ID,Indonesia,https://ror.org/000pmrk50,Islamic University of Indonesia,active,1621177,Yogyakarta,Yogyakarta,-7.80139,110.36472,safe_active_exact_name_site_agreement
2949,fta_partner,review,ID,Indonesia,,,,,,,,,held_site_name_conflict
2950,fta_partner,safe_active,ID,Indonesia,https://ror.org/05ghynn27,Universitas Islam Malang,active,1636722,Malang,East Java,-7.9797,112.6304,safe_active_exact_name_site_agreement
2951,fta_partner,safe_active,ID,Indonesia,https://ror.org/0090dta57,Universitas Islam Nusantara,active,1650357,Bandung,West Java,-6.92222,107.60694,safe_active_exact_name_site_agreement
2952,fta_partner,safe_active,ID,Indonesia,https://ror.org/01gk55t56,Islamic University of Riau,active,1631761,Pekanbaru,Riau,0.51667,101.44167,safe_active_exact_name_site_agreement
2953,fta_partner,safe_active,ID,Indonesia,https://ror.org/015hejj83,Sultan Agung Islamic University,active,1627896,Semarang,Central Java,-6.99306,110.42083,safe_active_exact_name_site_agreement
2954,fta_partner,safe_active,ID,Indonesia,https://ror.org/00tas1680,North Sumatra Islamic University,active,1214520,Medan,North Sumatra,3.58333,98.66667,safe_active_exact_name_site_agreement
2955,fta_partner,safe_active,ID,Indonesia,https://ror.org/03pkka491,Universitas Islam Syekh Yusuf,active,1625084,Tangerang,Banten,-6.17806,106.63,safe_active_exact_name_only
2956,fta_partner,safe_active,ID,Indonesia,https://ror.org/00g1w3j30,Jambi University,active,1642858,Jambi City,Jambi,-1.6,103.61667,safe_active_exact_name_site_agreement
2957,fta_partner,safe_active,ID,Indonesia,https://ror.org/05j20qz36,Janabadra University,active,1621177,Yogyakarta,Yogyakarta,-7.80139,110.36472,safe_active_exact_name_site_agreement
2958,fta_partner,safe_active,ID,Indonesia,https://ror.org/03g5gja16,Universitas Jayabaya,active,1642911,Jakarta,Jakarta,-6.21462,106.84513,safe_active_exact_name_site_agreement
2959,fta_partner,safe_active,ID,Indonesia,https://ror.org/049f0ha78,Universitas Jember,active,1642588,Jember,East Java,-8.17211,113.69953,safe_active_exact_name_site_agreement
2960,fta_partner,safe_active,ID,Indonesia,https://ror.org/02k1der83,Universitas Jenderal Achmad Yani,active,1646448,Cimahi,West Java,-6.87222,107.5425,safe_active_exact_name_site_agreement
2961,fta_partner,safe_active,ID,Indonesia,https://ror.org/02fckb719,Jenderal Soedirman University,active,1630328,Purwokerto,Central Java,-7.42139,109.23444,safe_active_exact_name_site_agreement
2962,fta_partner,review,ID,Indonesia,,,,,,,,,held_review_site_only
2963,fta_partner,safe_active,ID,Indonesia,https://ror.org/01texbd31,Parahyangan Catholic University,active,1650357,Bandung,West Java,-6.92222,107.60694,safe_active_exact_name_site_agreement
2964,fta_partner,review,ID,Indonesia,,,,,,,,,held_review_site_only
2965,fta_partner,review,ID,Indonesia,,,,,,,,,held_review_site_only
2966,fta_partner,unmatched,ID,Indonesia,,,,,,,,,unmatched
2967,fta_partner,review,ID,Indonesia,,,,,,,,,held_review_site_only
2968,fta_partner,safe_active,ID,Indonesia,https://ror.org/02azr0g93,Khairun University,active,1624041,Ternate,North Maluku,0.79065,127.38424,safe_active_exact_name_site_agreement
2969,fta_partner,safe_active,ID,Indonesia,https://ror.org/0020kf976,Klabat University,active,1636544,Manado,North Sulawesi,1.48218,124.84892,safe_active_exact_name_only
2970,fta_partner,safe_active,ID,Indonesia,https://ror.org/02j652854,Universitas Komputer Indonesia,active,1650357,Bandung,West Java,-6.92222,107.60694,safe_active_exact_name_site_agreement
2971,fta_partner,safe_active,ID,Indonesia,https://ror.org/03y211p39,Universitas Krisnadwipayana,active,1642911,Jakarta,Jakarta,-6.21462,106.84513,safe_active_exact_name_site_agreement
2972,fta_partner,safe_active,ID,Indonesia,https://ror.org/036agwg70,Duta Wacana Christian University,active,1621177,Yogyakarta,Yogyakarta,-7.80139,110.36472,safe_active_exact_name_site_agreement
2973,fta_partner,safe_active,ID,Indonesia,https://ror.org/03xqzzq44,Universitas Kristen Indonesia,active,1642911,Jakarta,Jakarta,-6.21462,106.84513,safe_active_exact_name_only
2974,fta_partner,safe_active,ID,Indonesia,https://ror.org/02whw1h12,Universitas Kristen Indonesia Tomohon,active,1623446,Tomohon,North Sulawesi,1.31678,124.80379,safe_active_exact_name_only
2975,fta_partner,safe_active,ID,Indonesia,https://ror.org/05bq6ng76,Krida Wacana Christian University,active,1642911,Jakarta,Jakarta,-6.21462,106.84513,safe_active_exact_name_site_agreement
2976,fta_partner,safe_active,ID,Indonesia,https://ror.org/05pd2ed85,Maranatha Christian University,active,1650357,Bandung,West Java,-6.92222,107.60694,safe_active_exact_name_site_agreement
2977,fta_partner,safe_active,ID,Indonesia,https://ror.org/045e97x26,Petra Christian University,active,1625822,Surabaya,East Java,-7.24917,112.75083,safe_active_exact_name_site_agreement
2978,fta_partner,safe_active,ID,Indonesia,https://ror.org/009nnre75,Satya Wacana Christian University,active,1629131,Salatiga,Central Java,-7.33194,110.49278,safe_active_exact_name_site_agreement
2979,fta_partner,safe_active,ID,Indonesia,https://ror.org/01khn0w07,Lambung Mangkurat University,active,1650213,Banjarmasin,South Kalimantan,-3.31987,114.59075,safe_active_exact_name_only
2980,fta_partner,safe_active,ID,Indonesia,https://ror.org/05wtz9f44,Lampung University,active,1624917,Bandar Lampung,Lampung,-5.42917,105.26111,safe_active_exact_name_site_agreement
2981,fta_partner,safe_active,ID,Indonesia,https://ror.org/0283yy536,Universitas Lancang Kuning,active,1631761,Pekanbaru,Riau,0.51667,101.44167,safe_active_exact_name_site_agreement
2982,fta_partner,safe_active,ID,Indonesia,https://ror.org/00k5x6r15,Universitas Ma Chung,active,1636722,Malang,East Java,-7.9797,112.6304,safe_active_exact_name_site_agreement
2983,fta_partner,safe_active,ID,Indonesia,https://ror.org/00chke646,Universitas Madura,active,1632978,Pamekasan,East Java,-7.1568,113.4746,safe_active_exact_name_only
2984,fta_partner,safe_active,ID,Indonesia,https://ror.org/02wpry525,Universitas Mahasaraswati Denpasar,active,1645528,Denpasar,Bali,-8.65,115.21667,safe_active_exact_name_only
2985,fta_partner,safe_active,ID,Indonesia,https://ror.org/00vcqer65,Universitas Mahendradatta,active,1645528,Denpasar,Bali,-8.65,115.21667,safe_active_exact_name_only
2986,fta_partner,safe_active,ID,Indonesia,https://ror.org/00fq07k50,University of Mataram,active,1635882,Mataram,West Nusa Tenggara,-8.58333,116.11667,safe_active_exact_name_site_agreement
2987,fta_partner,safe_active,ID,Indonesia,https://ror.org/00qjgk605,Mercu Buana University,active,1642911,Jakarta,Jakarta,-6.21462,106.84513,safe_active_exact_name_site_agreement
2988,fta_partner,safe_active,ID,Indonesia,https://ror.org/05hd9py65,Universitas Merdeka Madiun,active,1636930,Madiun,East Java,-7.6298,111.5239,safe_active_exact_name_only
2989,fta_partner,safe_active,ID,Indonesia,https://ror.org/01rtkeb16,Universitas Merdeka Malang,active,1636722,Malang,East Java,-7.9797,112.6304,safe_active_exact_name_site_agreement
2990,fta_partner,safe_active,ID,Indonesia,https://ror.org/01a6gjq30,Universitas Methodist Indonesia,active,1214520,Medan,North Sumatra,3.58333,98.66667,safe_active_exact_name_only
2991,fta_partner,safe_active,ID,Indonesia,https://ror.org/031px5f40,Universitas Muhammadiyah Jakarta,active,1642911,Jakarta,Jakarta,-6.21462,106.84513,safe_active_exact_name_site_agreement
2992,fta_partner,safe_active,ID,Indonesia,https://ror.org/021p32893,Universitas Muhammadiyah Jember,active,1642588,Jember,East Java,-8.17211,113.69953,safe_active_exact_name_site_agreement
2993,fta_partner,safe_active,ID,Indonesia,https://ror.org/057xyvv49,Universitas Muhammadiyah Magelang,active,1636884,Magelang,Central Java,-7.47056,110.21778,safe_active_exact_name_only
2994,fta_partner,safe_active,ID,Indonesia,https://ror.org/03kc2e209,Muhammadiyah University of Makassar,active,1622786,Makassar,South Sulawesi,-5.14861,119.43194,safe_active_exact_name_site_agreement
2995,fta_partner,safe_active,ID,Indonesia,https://ror.org/01j1wt659,Universitas Muhammadiyah Malang,active,1636722,Malang,East Java,-7.9797,112.6304,safe_active_exact_name_site_agreement
2996,fta_partner,safe_active,ID,Indonesia,https://ror.org/0037nyg09,University of Muhammadiyah Mataram,active,1635882,Mataram,West Nusa Tenggara,-8.58333,116.11667,safe_active_exact_name_only
2997,fta_partner,review,ID,Indonesia,,,,,,,,,held_review_site_only
2998,fta_partner,review,ID,Indonesia,,,,,,,,,held_review_site_only
2999,fta_partner,safe_active,ID,Indonesia,https://ror.org/03anrkt33,Muhammadiyah University of Yogyakarta,active,1621177,Yogyakarta,Yogyakarta,-7.80139,110.36472,safe_active_exact_name_site_agreement
3000,fta_partner,safe_active,ID,Indonesia,https://ror.org/02kwq2y85,Mulawarman University,active,1629001,Samarinda,East Kalimantan,-0.49167,117.14583,safe_active_exact_name_site_agreement
3001,fta_partner,safe_active,ID,Indonesia,https://ror.org/05pg3mb97,Muria Kudus University,active,1639215,Kudus,Central Java,-6.8048,110.8405,safe_active_exact_name_site_agreement
3002,fta_partner,safe_active,ID,Indonesia,https://ror.org/02c0s8023,Universitas Muslim Indonesia,active,1622786,Makassar,South Sulawesi,-5.14861,119.43194,safe_active_exact_name_site_agreement
3003,fta_partner,safe_active,ID,Indonesia,https://ror.org/051wzgj54,Universitas Narotama,active,1625822,Surabaya,East Java,-7.24917,112.75083,safe_active_exact_name_site_agreement
3004,fta_partner,review,ID,Indonesia,,,,,,,,,held_review_site_only
3005,fta_partner,safe_active,ID,Indonesia,https://ror.org/05v4xtv52,Universitas Nasional Pasim,active,1650357,Bandung,West Java,-6.92222,107.60694,safe_active_exact_name_site_agreement
3006,fta_partner,safe_active,ID,Indonesia,https://ror.org/05417j740,State University of Gorontalo,active,1643837,Gorontalo,Gorontalo,0.5375,123.0625,safe_active_exact_name_site_agreement
3007,fta_partner,safe_active,ID,Indonesia,https://ror.org/01hgg7b81,State University of Jakarta,active,1642911,Jakarta,Jakarta,-6.21462,106.84513,safe_active_exact_name_site_agreement
3008,fta_partner,safe_active,ID,Indonesia,https://ror.org/05fzw1z08,State University of Makassar,active,1622786,Makassar,South Sulawesi,-5.14861,119.43194,safe_active_exact_name_site_agreement
3009,fta_partner,safe_active,ID,Indonesia,https://ror.org/00ypgyy34,State University of Malang,active,1636722,Malang,East Java,-7.9797,112.6304,safe_active_exact_name_only
3010,fta_partner,safe_active,ID,Indonesia,https://ror.org/04appkh56,Manado State University,active,12362727,Kelurahan Tounsaru,North Sulawesi,1.26972,124.89167,safe_active_exact_name_site_agreement
3011,fta_partner,safe_active,ID,Indonesia,https://ror.org/022gvg072,State University of Medan,active,1214520,Medan,North Sumatra,3.58333,98.66667,safe_active_exact_name_site_agreement
3012,fta_partner,safe_active,ID,Indonesia,https://ror.org/04jrfgq66,State University of Padang,active,1633419,Padang,West Sumatra,-0.94924,100.35427,safe_active_exact_name_site_agreement
3013,fta_partner,safe_active,ID,Indonesia,https://ror.org/02fsk7e17,State University of Semarang,active,1627896,Semarang,Central Java,-6.99306,110.42083,safe_active_exact_name_site_agreement
3014,fta_partner,safe_active,ID,Indonesia,https://ror.org/01jf74q70,Universitas Negeri Surabaya,active,1625822,Surabaya,East Java,-7.24917,112.75083,safe_active_exact_name_site_agreement
3015,fta_partner,safe_active,ID,Indonesia,https://ror.org/05fryw881,Yogyakarta State University,active,1621177,Yogyakarta,Yogyakarta,-7.80139,110.36472,safe_active_exact_name_site_agreement
3016,fta_partner,safe_active,ID,Indonesia,https://ror.org/02scgt846,Universitas Ngurah Rai,active,1645528,Denpasar,Bali,-8.65,115.21667,safe_active_exact_name_site_agreement
3017,fta_partner,safe_active,ID,Indonesia,https://ror.org/04yf4aj88,University of Nusa Cendana,active,2057087,Kupang,East Nusa Tenggara,-10.17083,123.60694,safe_active_exact_name_site_agreement
3018,fta_partner,safe_active,ID,Indonesia,https://ror.org/00xqf8t64,Padjadjaran University,active,1650357,Bandung,West Java,-6.92222,107.60694,safe_active_exact_name_site_agreement
3019,fta_partner,safe_active,ID,Indonesia,https://ror.org/03r7ras86,Pakuan University,active,1648473,Bogor,West Java,-6.59444,106.78917,safe_active_exact_name_site_agreement
3020,fta_partner,safe_active,ID,Indonesia,https://ror.org/045n0ms44,University of Palangka Raya,active,1633118,Palangkaraya,Central Kalimantan,-2.20833,113.91667,safe_active_exact_name_site_agreement
3021,fta_partner,safe_active,ID,Indonesia,https://ror.org/05999pw96,Universitas Pancasakti Tegal,active,1624494,Tegal,Central Java,-6.8694,109.1402,safe_active_exact_name_site_agreement
3022,fta_partner,safe_active,ID,Indonesia,https://ror.org/0062tve42,Pancasila University,active,1642911,Jakarta,Jakarta,-6.21462,106.84513,safe_active_exact_name_site_agreement
3023,fta_partner,review,ID,Indonesia,,,,,,,,,held_review_site_only
3024,fta_partner,safe_active,ID,Indonesia,https://ror.org/059cs8z68,Universitas Pasundan,active,1650357,Bandung,West Java,-6.92222,107.60694,safe_active_exact_name_site_agreement
3025,fta_partner,safe_active,ID,Indonesia,https://ror.org/0091hm651,University of Pattimura,active,1651531,Ambon City,Maluku,-3.69583,128.18333,safe_active_exact_name_site_agreement
3026,fta_partner,safe_active,ID,Indonesia,https://ror.org/00yydfg09,Universitas Pekalongan,active,1631766,Pekalongan,Central Java,-6.8886,109.6753,safe_active_exact_name_site_agreement
3027,fta_partner,safe_active,ID,Indonesia,https://ror.org/02qhjtc16,Pelita Harapan University,active,1625084,Tangerang,Banten,-6.17806,106.63,safe_active_exact_name_site_agreement
3028,fta_partner,review,ID,Indonesia,,,,,,,,,held_review_site_only
3029,fta_partner,review,ID,Indonesia,,,,,,,,,held_review_site_only
3030,fta_partner,safe_active,ID,Indonesia,https://ror.org/044b0xj37,Indonesia University of Education,active,1650357,Bandung,West Java,-6.92222,107.60694,safe_active_exact_name_site_agreement
3031,fta_partner,review,ID,Indonesia,,,,,,,,,held_review_site_only
3032,fta_partner,review,ID,Indonesia,,,,,,,,,held_review_site_only
3033,fta_partner,review,ID,Indonesia,,,,,,,,,held_review_site_only
3034,fta_partner,safe_active,ID,Indonesia,https://ror.org/04r5fv176,Universitas Putera Batam,active,6295587,Batam,Riau,1.14937,104.02491,safe_active_exact_name_only
3035,fta_partner,safe_active,ID,Indonesia,https://ror.org/00nk7p507,Riau University,active,1631761,Pekanbaru,Riau,0.51667,101.44167,safe_active_exact_name_site_agreement
3036,fta_partner,safe_active,ID,Indonesia,https://ror.org/01cn6ph21,Sam Ratulangi University,active,1636544,Manado,North Sulawesi,1.48218,124.84892,safe_active_exact_name_site_agreement
3037,fta_partner,safe_active,ID,Indonesia,https://ror.org/02105t278,Sanata Dharma University,active,1621177,Yogyakarta,Yogyakarta,-7.80139,110.36472,safe_active_exact_name_site_agreement
3038,fta_partner,safe_active,ID,Indonesia,https://ror.org/049gff252,University of Sarjanawiyata Tamansiswa,active,1621177,Yogyakarta,Yogyakarta,-7.80139,110.36472,safe_active_exact_name_only
3039,fta_partner,safe_active,ID,Indonesia,https://ror.org/021hq5q33,Sebelas Maret University,active,1625812,Surakarta,Central Java,-7.55611,110.83167,safe_active_exact_name_site_agreement
3040,fta_partner,safe_active,ID,Indonesia,https://ror.org/050adtn77,Universitas Semarang,active,1627896,Semarang,Central Java,-6.99306,110.42083,safe_active_exact_name_site_agreement
3041,fta_partner,safe_active,ID,Indonesia,https://ror.org/05efq3455,Siliwangi University,active,1624647,Tasikmalaya,West Java,-7.3274,108.2207,safe_active_exact_name_site_agreement
3042,fta_partner,safe_active,ID,Indonesia,https://ror.org/00ey2ce45,Universitas Simalungun,active,1214204,Pematangsiantar,North Sumatra,2.9595,99.0687,safe_active_exact_name_site_agreement
3043,fta_partner,review,ID,Indonesia,,,,,,,,,held_review_site_only
3044,fta_partner,safe_active,ID,Indonesia,https://ror.org/030bmb197,Sriwijaya University,active,1633070,Palembang,South Sumatra,-2.91673,104.7458,safe_active_exact_name_site_agreement
3045,fta_partner,safe_active,ID,Indonesia,https://ror.org/05dmr4w13,Sultan Ageng Tirtayasa University,active,1627549,Serang,Banten,-6.11528,106.15417,safe_active_exact_name_site_agreement
3046,fta_partner,safe_active,ID,Indonesia,https://ror.org/01kknrc90,Universitas Sumatera Utara,active,1214520,Medan,North Sumatra,3.58333,98.66667,safe_active_exact_name_site_agreement
3047,fta_partner,safe_active,ID,Indonesia,https://ror.org/013314927,University of Surabaya,active,1625822,Surabaya,East Java,-7.24917,112.75083,safe_active_exact_name_site_agreement
3048,fta_partner,unmatched,ID,Indonesia,,,,,,,,,unmatched
3049,fta_partner,safe_active,ID,Indonesia,https://ror.org/05v4dza81,Universitas Syiah Kuala,active,1215502,Banda Aceh,Aceh,5.54167,95.33333,safe_active_exact_name_only
3050,fta_partner,safe_active,ID,Indonesia,https://ror.org/01z0mc198,Tadulako University,active,1633034,Palu,Central Sulawesi,-0.90833,119.87083,safe_active_exact_name_site_agreement
3051,fta_partner,safe_active,ID,Indonesia,https://ror.org/04exz5k48,Tanjungpura University,active,1630789,Pontianak,West Kalimantan,-0.03194,109.325,safe_active_exact_name_site_agreement
3052,fta_partner,review,ID,Indonesia,,,,,,,,,held_review_site_only
3053,fta_partner,review,ID,Indonesia,,,,,,,,,held_review_site_only
3054,fta_partner,unmatched,ID,Indonesia,,,,,,,,,unmatched
3055,fta_partner,safe_active,ID,Indonesia,https://ror.org/02x93ka62,Trilogi University,active,1642911,Jakarta,Jakarta,-6.21462,106.84513,safe_active_exact_name_site_agreement
3056,fta_partner,safe_active,ID,Indonesia,https://ror.org/019fnr381,Universitas Trisakti,active,1642911,Jakarta,Jakarta,-6.21462,106.84513,safe_active_exact_name_site_agreement
3057,fta_partner,safe_active,ID,Indonesia,https://ror.org/05c9b8370,Universitas Tunas Pembangunan,active,1625812,Surakarta,Central Java,-7.55611,110.83167,safe_active_exact_name_site_agreement
3058,fta_partner,safe_active,ID,Indonesia,https://ror.org/035qsg823,Udayana University,active,1645528,Denpasar,Bali,-8.65,115.21667,safe_active_exact_name_site_agreement
3059,fta_partner,safe_active,ID,Indonesia,https://ror.org/017pgz739,Universitas Widya Gama Malang,active,1636722,Malang,East Java,-7.9797,112.6304,safe_active_exact_name_site_agreement
3060,fta_partner,safe_active,ID,Indonesia,https://ror.org/05v27w196,Universitas Widyatama,active,1650357,Bandung,West Java,-6.92222,107.60694,safe_active_exact_name_site_agreement
3061,fta_partner,review,ID,Indonesia,,,,,,,,,held_review_site_only
3062,fta_partner,safe_active,ID,Indonesia,https://ror.org/00n619376,Universitas Wijaya Kusuma Surabaya,active,1625822,Surabaya,East Java,-7.24917,112.75083,safe_active_exact_name_only
3063,fta_partner,review,ID,Indonesia,,,,,,,,,held_review_site_only
3064,fta_partner,safe_active,ID,Indonesia,https://ror.org/03a8rwx10,Yarsi University,active,1642911,Jakarta,Jakarta,-6.21462,106.84513,safe_active_exact_name_site_agreement
3065,eu_framework,inactive_history,IE,Ireland,,,,,,,,,held_inactive_exact_name
3066,eu_framework,unmatched,IE,Ireland,,,,,,,,,unmatched
3067,eu_framework,unmatched,IE,Ireland,,,,,,,,,unmatched
3068,eu_framework,safe_active,IE,Ireland,https://ror.org/04a1a1e81,Dublin City University,active,2964574,Dublin,Leinster,53.33306,-6.24889,safe_active_exact_name_site_agreement
3069,eu_framework,unmatched,IE,Ireland,,,,,,,,,unmatched
3070,eu_framework,inactive_history,IE,Ireland,,,,,,,,,held_inactive_exact_name
3071,eu_framework,inactive_history,IE,Ireland,,,,,,,,,held_inactive_exact_name
3072,eu_framework,safe_active,IE,Ireland,https://ror.org/0006cvt76,Griffith College,active,2964574,Dublin,Leinster,53.33306,-6.24889,safe_active_exact_name_only
3073,eu_framework,inactive_history,IE,Ireland,,,,,,,,,held_inactive_site_only
3074,eu_framework,unmatched,IE,Ireland,,,,,,,,,unmatched
3075,eu_framework,unmatched,IE,Ireland,,,,,,,,,unmatched
3076,eu_framework,safe_active,IE,Ireland,https://ror.org/02qzs9336,National College of Ireland,active,2964574,Dublin,Leinster,53.33306,-6.24889,safe_active_exact_name_site_agreement
3077,eu_framework,safe_active,IE,Ireland,https://ror.org/00shsf120,National University of Ireland,active,2964574,Dublin,Leinster,53.33306,-6.24889,safe_active_exact_name_site_agreement
3078,eu_framework,review,IE,Ireland,,,,,,,,,held-alias-without-clean-domain-agreement
3079,eu_framework,safe_active,IE,Ireland,https://ror.org/048nfjm95,"National University of Ireland, Maynooth",active,2962668,Maynooth,Leinster,53.385,-6.59361,safe_active_exact_name_only
3080,eu_framework,safe_active,IE,Ireland,https://ror.org/0265sk121,Royal College of Physicians of Ireland,active,2964574,Dublin,Leinster,53.33306,-6.24889,safe_active_exact_name_site_agreement
3081,eu_framework,unmatched,IE,Ireland,,,,,,,,,unmatched
3082,eu_framework,unmatched,IE,Ireland,,,,,,,,,unmatched
3083,eu_framework,safe_active,IE,Ireland,https://ror.org/03265fv13,University College Cork,active,2965140,Cork,Munster,51.89797,-8.47061,safe_active_exact_name_site_agreement
3084,eu_framework,safe_active,IE,Ireland,https://ror.org/05m7pjf47,University College Dublin,active,2964574,Dublin,Leinster,53.33306,-6.24889,safe_active_exact_name_site_agreement
3085,eu_framework,review,IE,Ireland,,,,,,,,,held_review_site_only
3086,eu_framework,safe_active,IE,Ireland,https://ror.org/00a0n9e72,University of Limerick,active,2962943,Limerick,Munster,52.66472,-8.62306,safe_active_exact_name_site_agreement
3087,eu_framework,unmatched,IE,Ireland,,,,,,,,,unmatched
3088,eu_framework,unmatched,IE,Ireland,,,,,,,,,unmatched
3111,fta_partner,safe_active,IN,India,https://ror.org/02mfapa96,Acharya Nagarjuna University,active,1270668,Guntur,Andhra Pradesh,16.29974,80.45729,safe_active_exact_name_site_agreement
3112,fta_partner,unmatched,IN,India,,,,,,,,,unmatched
3113,fta_partner,safe_active,IN,India,https://ror.org/02swff503,Ahmedabad University,active,1279233,Ahmedabad,Gujarat,23.02579,72.58727,safe_active_exact_name_site_agreement
3114,fta_partner,safe_active,IN,India,https://ror.org/020n82m84,AISECT University,active,1275841,Bhopal,Madhya Pradesh,23.25469,77.40289,safe_active_exact_name_only
3115,fta_partner,safe_active,IN,India,https://ror.org/04ec9cc06,Alagappa University,active,1267885,Karaikudi,Tamil Nadu,10.06615,78.76784,safe_active_exact_name_site_agreement
3116,fta_partner,safe_active,IN,India,https://ror.org/03kw9gc02,Aligarh Muslim University,active,1279017,Aligarh,Uttar Pradesh,27.88145,78.07464,safe_active_exact_name_site_agreement
3117,fta_partner,unmatched,IN,India,,,,,,,,,unmatched
3118,fta_partner,review,IN,India,,,,,,,,,held-alias-without-clean-domain-agreement
3119,fta_partner,safe_active,IN,India,https://ror.org/02dwcqs71,All India Institute of Medical Sciences,active,1261481,New Delhi,Delhi,28.62137,77.2148,safe_active_exact_name_only
3120,fta_partner,safe_active,IN,India,https://ror.org/02n9z0v62,Amity University,active,7279746,Noida,Uttar Pradesh,28.58,77.33,safe_active_exact_name_site_agreement
3121,fta_partner,unmatched,IN,India,,,,,,,,,unmatched
3122,fta_partner,review,IN,India,,,,,,,,,held_review_site_only
3123,fta_partner,safe_active,IN,India,https://ror.org/049skhf47,Andhra University,active,1253102,Visakhapatnam,Andhra Pradesh,17.68009,83.20161,safe_active_exact_name_only
3124,fta_partner,safe_active,IN,India,https://ror.org/01x24z140,Annamalai University,active,1274256,Chidambaram,Tamil Nadu,11.39933,79.69144,safe_active_exact_name_site_agreement
3125,fta_partner,review,IN,India,,,,,,,,,held_review_site_only
3126,fta_partner,unmatched,IN,India,,,,,,,,,unmatched
3127,fta_partner,unmatched,IN,India,,,,,,,,,unmatched
3128,fta_partner,safe_active,IN,India,https://ror.org/01gms8m92,Asian Business School,active,7279746,Noida,Uttar Pradesh,28.58,77.33,safe_active_exact_name_site_agreement
3129,fta_partner,safe_active,IN,India,https://ror.org/05836pk12,Assam Agricultural University,active,1268820,Jorhāt,Assam,26.75751,94.20306,safe_active_exact_name_site_agreement
3130,fta_partner,safe_active,IN,India,https://ror.org/0535c1v66,Assam University,active,1256287,Silchar,Assam,24.82733,92.79787,safe_active_exact_name_only
3131,fta_partner,unmatched,IN,India,,,,,,,,,unmatched
3132,fta_partner,safe_active,IN,India,https://ror.org/03n20pp93,Awadhesh Pratap Singh University,active,1258182,Rewa,Madhya Pradesh,24.53256,81.29234,safe_active_exact_name_only
3133,fta_partner,safe_active,IN,India,https://ror.org/04x7ccp17,Babasaheb Bhimrao Ambedkar University,active,1264733,Lucknow,Uttar Pradesh,26.83928,80.92313,safe_active_exact_name_only
3134,fta_partner,safe_active,IN,India,https://ror.org/04cdn2797,Banaras Hindu University,active,1253405,Varanasi,Uttar Pradesh,25.31668,83.01041,safe_active_exact_name_site_agreement
3135,fta_partner,safe_active,IN,India,https://ror.org/05ycegt40,Banasthali University,active,1269515,Jaipur,Rajasthan,26.91962,75.78781,safe_active_exact_name_site_agreement
3136,fta_partner,safe_active,IN,India,https://ror.org/050j2vm64,Bangalore University,active,1277333,Bengaluru,Karnataka,12.97194,77.59369,safe_active_exact_name_only
3137,fta_partner,safe_active,IN,India,https://ror.org/01rn1eg28,Bankura University,active,1275462,Bishnupur,West Bengal,23.0738,87.31991,safe_active_exact_name_only
3138,fta_partner,safe_active,IN,India,https://ror.org/02ax13658,Barkatullah University,active,1275841,Bhopal,Madhya Pradesh,23.25469,77.40289,safe_active_exact_name_site_agreement
3139,fta_partner,unmatched,IN,India,,,,,,,,,unmatched
3140,fta_partner,safe_active,IN,India,https://ror.org/03m3xkg41,Berhampur University,active,1275198,Brahmapur,Odisha,19.31151,84.7929,safe_active_exact_name_only
3141,fta_partner,safe_active,IN,India,https://ror.org/030c1ef86,Bhagwant University,active,1279159,Ajmer,Rajasthan,26.4521,74.63867,safe_active_exact_name_only
3142,fta_partner,safe_active,IN,India,https://ror.org/04fht8c22,Bharathiar University,active,1273865,Coimbatore,Tamil Nadu,11.00555,76.96612,safe_active_exact_name_only
3143,fta_partner,safe_active,IN,India,https://ror.org/02w7vnb60,Bharathidasan University,active,1254388,Tiruchchirappalli,Tamil Nadu,10.8155,78.69651,safe_active_exact_name_only
3144,fta_partner,unmatched,IN,India,,,,,,,,,unmatched
3145,fta_partner,review,IN,India,,,,,,,,,held_review_shared_site_only
3146,fta_partner,safe_active,IN,India,https://ror.org/04sbcrt14,Bhavnagar University,active,1276032,Bhavnagar,Gujarat,21.76287,72.15331,safe_active_exact_name_only
3147,fta_partner,safe_active,IN,India,https://ror.org/011w3dy65,Bhupendra Narayan Mandal University,active,7626568,Madhepura,Bihar,25.8,87,safe_active_exact_name_only
3148,fta_partner,safe_active,IN,India,https://ror.org/04jpmwt24,Bidhan Chandra Krishi Viswavidyalaya,active,1265859,Krishnanagar,West Bengal,23.40576,88.49073,safe_active_exact_name_site_agreement
3149,fta_partner,unmatched,IN,India,,,,,,,,,unmatched
3150,fta_partner,review,IN,India,,,,,,,,,held_review_shared_site_only
3151,fta_partner,unmatched,IN,India,,,,,,,,,unmatched
3152,fta_partner,safe_active,IN,India,https://ror.org/03a7ksb41,Birsa Agricultural University,active,1258526,Ranchi,Jharkhand,23.34316,85.3094,safe_active_exact_name_only
3153,fta_partner,safe_active,IN,India,https://ror.org/04jgpa018,Babasaheb Bhimrao Ambedkar Bihar University,active,1262330,Muzaffarpur,Bihar,26.12259,85.39055,safe_active_exact_name_site_agreement
3154,fta_partner,review,IN,India,,,,,,,,,held-alias-without-clean-domain-agreement
3155,fta_partner,safe_active,IN,India,https://ror.org/0003ewr82,Bundelkhand University,active,1269006,Jhānsi,Uttar Pradesh,25.45887,78.57994,safe_active_exact_name_only
3156,fta_partner,safe_active,IN,India,https://ror.org/05cyd8v32,University of Burdwan,active,1277029,Bardhaman,West Bengal,23.25572,87.85691,safe_active_exact_name_site_agreement
3157,fta_partner,review,IN,India,,,,,,,,,held_review_site_only
3158,fta_partner,unmatched,IN,India,,,,,,,,,unmatched
3159,fta_partner,safe_active,IN,India,https://ror.org/03rs2w544,Central Agricultural University,active,1269771,Imphal,Manipur,24.80805,93.9442,safe_active_exact_name_only
3160,fta_partner,review,IN,India,,,,,,,,,held-alias-without-clean-domain-agreement
3161,fta_partner,safe_active,IN,India,https://ror.org/03qfmrs34,Central Institute of Fisheries Education,active,1275339,Mumbai,Maharashtra,19.07283,72.88261,safe_active_exact_name_site_agreement
3162,fta_partner,review,IN,India,,,,,,,,,held-alias-without-clean-domain-agreement
3163,fta_partner,safe_active,IN,India,https://ror.org/0403ytw22,Chandra Shekhar Azad University of Agriculture and Technology,active,1267995,Kanpur,Uttar Pradesh,26.46523,80.34975,safe_active_exact_name_site_agreement
3164,fta_partner,safe_active,IN,India,https://ror.org/0261g6j35,Chaudhary Charan Singh Haryana Agricultural University,active,1270022,Hisar,Haryana,29.15394,75.72294,safe_active_exact_name_site_agreement
3165,fta_partner,safe_active,IN,India,https://ror.org/01hzdv945,Chaudhary Charan Singh University,active,1263214,Meerut,Uttar Pradesh,28.98002,77.70636,safe_active_exact_name_site_agreement
3166,fta_partner,unmatched,IN,India,,,,,,,,,unmatched
3167,fta_partner,safe_active,IN,India,https://ror.org/040qxz868,Chhatrapati Shahu Ji Maharaj University,active,1267995,Kanpur,Uttar Pradesh,26.46523,80.34975,safe_active_exact_name_site_agreement
3168,fta_partner,safe_active,IN,India,https://ror.org/022tv9y30,Christ University,active,1277333,Bengaluru,Karnataka,12.97194,77.59369,safe_active_exact_name_site_agreement
3169,fta_partner,safe_active,IN,India,https://ror.org/02twyz205,CMJ University,active,1256523,Shillong,Meghalaya,25.56892,91.88313,safe_active_exact_name_only
3170,fta_partner,safe_active,IN,India,https://ror.org/00a4kqq17,Cochin University of Science and Technology,active,1273874,Ernakulam,Kerala,9.93988,76.26022,safe_active_exact_name_site_agreement
3171,fta_partner,safe_active,IN,India,https://ror.org/05xjspa12,Darul Huda Islamic University,active,1264154,Malappuram,Kerala,11.04199,76.08154,safe_active_exact_name_only
3172,fta_partner,safe_active,IN,India,https://ror.org/04aenjr55,DAV University,active,1268782,Jalandhar,Punjab,31.32556,75.57917,safe_active_exact_name_site_agreement
3173,fta_partner,safe_active,IN,India,https://ror.org/04q4j2f69,Dayalbagh Educational Institute,active,1279259,Agra,Uttar Pradesh,27.18333,78.01667,safe_active_exact_name_site_agreement
3174,fta_partner,unmatched,IN,India,,,,,,,,,unmatched
3175,fta_partner,review,IN,India,,,,,,,,,held-alias-without-clean-domain-agreement
3176,fta_partner,unmatched,IN,India,,,,,,,,,unmatched
3177,fta_partner,unmatched,IN,India,,,,,,,,,unmatched
3178,fta_partner,review,IN,India,,,,,,,,,held-alias-without-clean-domain-agreement
3179,fta_partner,safe_active,IN,India,https://ror.org/045kfbt16,Dibrugarh University,active,1272648,Dibrugarh,Assam,27.47989,94.90837,safe_active_exact_name_only
3180,fta_partner,safe_active,IN,India,https://ror.org/04zj95y60,Dravidian University,active,1265555,Kuppam,Andhra Pradesh,12.74931,78.34189,safe_active_exact_name_site_agreement
3181,fta_partner,unmatched,IN,India,,,,,,,,,unmatched
3182,fta_partner,safe_active,IN,India,https://ror.org/05tc4vc39,Dr. Babasaheb Ambedkar Technological University,active,1270914,Goregaon,Maharashtra,18.15483,73.29147,safe_active_exact_name_only
3183,fta_partner,unmatched,IN,India,,,,,,,,,unmatched
3184,fta_partner,safe_active,IN,India,https://ror.org/00gqzks48,Dr. B. R. Ambedkar Open University,active,1269843,Hyderabad,Telangana,17.38405,78.45636,safe_active_exact_name_site_agreement
3185,fta_partner,safe_active,IN,India,https://ror.org/00mc6bw20,Dr. C. V. Raman University,active,1266051,Kota,Chhattisgarh,22.29507,82.02366,safe_active_exact_name_site_agreement
3186,fta_partner,unmatched,IN,India,,,,,,,,,unmatched
3187,fta_partner,unmatched,IN,India,,,,,,,,,unmatched
3188,fta_partner,safe_active,IN,India,https://ror.org/03jr06221,Dr Panjabrao Deshmukh Krishi Vidyapeeth,active,1279105,Akola,Maharashtra,20.70957,76.9981,safe_active_exact_name_site_agreement
3189,fta_partner,safe_active,IN,India,https://ror.org/02797hn66,Dr. Ram Manohar Lohia Avadh University,active,1271976,Faizabad,Uttar Pradesh,26.77549,82.15018,safe_active_exact_name_site_agreement
3190,fta_partner,unmatched,IN,India,,,,,,,,,unmatched
3191,fta_partner,inactive_history,IN,India,,,,,,,,,held_inactive_exact_name
3192,fta_partner,review,IN,India,,,,,,,,,held_review_site_only
3193,fta_partner,safe_active,IN,India,https://ror.org/00g0n6t22,Fakir Mohan University,active,1277599,Balasore,Odisha,21.49266,86.93348,safe_active_exact_name_site_agreement
3194,fta_partner,unmatched,IN,India,,,,,,,,,unmatched
3195,fta_partner,unmatched,IN,India,,,,,,,,,unmatched
3196,fta_partner,unmatched,IN,India,,,,,,,,,unmatched
3197,fta_partner,safe_active,IN,India,https://ror.org/01abtgj51,Gandhigram Rural Institute,active,1272543,Dindigul,Tamil Nadu,10.36896,77.98036,safe_active_exact_name_only
3198,fta_partner,review,IN,India,,,,,,,,,held_review_site_only
3199,fta_partner,safe_active,IN,India,https://ror.org/01ppj9r51,Gauhati University,active,1271476,Guwahati,Assam,26.1844,91.7458,safe_active_exact_name_only
3200,fta_partner,unmatched,IN,India,,,,,,,,,unmatched
3201,fta_partner,safe_active,IN,India,https://ror.org/030reqw53,Goa University,active,1255131,Taleigao,Goa,15.46915,73.83285,safe_active_exact_name_site_agreement
3202,fta_partner,safe_active,IN,India,https://ror.org/01mksg519,Gokhale Institute of Politics and Economics,active,1259229,Pune,Maharashtra,18.51957,73.85535,safe_active_exact_name_only
3203,fta_partner,safe_active,IN,India,https://ror.org/02msjvh03,Govind Ballabh Pant University of Agriculture and Technology,active,1270498,Haldwani,Uttarakhand,29.22254,79.5286,safe_active_exact_name_site_agreement
3204,fta_partner,safe_active,IN,India,https://ror.org/05735fh94,Gujarat Ayurved University,active,1269317,Jamnagar,Gujarat,22.47292,70.06673,safe_active_exact_name_only
3205,fta_partner,review,IN,India,,,,,,,,,held_review_site_only
3206,fta_partner,unmatched,IN,India,,,,,,,,,unmatched
3207,fta_partner,safe_active,IN,India,https://ror.org/02jagkr09,Gulbarga University,active,1270752,Kalaburagi,Karnataka,17.33583,76.83757,safe_active_exact_name_site_agreement
3208,fta_partner,review,IN,India,,,,,,,,,held_review_site_only
3209,fta_partner,safe_active,IN,India,https://ror.org/034q1za58,Guru Gobind Singh Indraprastha University,active,1273294,Delhi,Delhi,28.65195,77.23149,safe_active_exact_name_site_agreement
3210,fta_partner,unmatched,IN,India,,,,,,,,,unmatched
3211,fta_partner,unmatched,IN,India,,,,,,,,,unmatched
3212,fta_partner,unmatched,IN,India,,,,,,,,,unmatched
3213,fta_partner,safe_active,IN,India,https://ror.org/05ghzpa93,Guru Nanak Dev University,active,1278710,Amritsar,Punjab,31.62234,74.87534,safe_active_exact_name_only
3214,fta_partner,review,IN,India,,,,,,,,,held_review_site_only
3215,fta_partner,safe_active,IN,India,https://ror.org/00mvp1q86,Hemwati Nandan Bahuguna Garhwal University,active,1255635,Srīnagar,Uttarakhand,30.22243,78.78341,safe_active_exact_name_site_agreement
3216,fta_partner,unmatched,IN,India,,,,,,,,,unmatched
3217,fta_partner,unmatched,IN,India,,,,,,,,,unmatched
3218,fta_partner,safe_active,IN,India,https://ror.org/02s5yma07,Himachal Pradesh University,active,1256237,Shimla,Himachal Pradesh,31.10442,77.16662,safe_active_exact_name_site_agreement
3219,fta_partner,unmatched,IN,India,,,,,,,,,unmatched
3220,fta_partner,review,IN,India,,,,,,,,,held_review_site_only
3221,fta_partner,unmatched,IN,India,,,,,,,,,unmatched
3222,fta_partner,unmatched,IN,India,,,,,,,,,unmatched
3223,fta_partner,unmatched,IN,India,,,,,,,,,unmatched
3224,fta_partner,safe_active,IN,India,https://ror.org/02w9cdh50,"Indian Institute of Information Technology and Management, Kerala",active,1254163,Thiruvananthapuram,Kerala,8.4855,76.94924,safe_active_exact_name_site_agreement
3225,fta_partner,safe_active,IN,India,https://ror.org/052vdrx60,Indian Institute of Management Tiruchirappalli,active,1254388,Tiruchchirappalli,Tamil Nadu,10.8155,78.69651,safe_active_exact_name_site_agreement
3226,fta_partner,review,IN,India,,,,,,,,,held_review_site_only
3227,fta_partner,safe_active,IN,India,https://ror.org/02qyf5152,Indian Institute of Technology Bombay,active,1275339,Mumbai,Maharashtra,19.07283,72.88261,safe_active_exact_name_site_agreement
3228,fta_partner,safe_active,IN,India,https://ror.org/049tgcd06,Indian Institute of Technology Delhi,active,1261481,New Delhi,Delhi,28.62137,77.2148,safe_active_exact_name_only
3229,fta_partner,safe_active,IN,India,https://ror.org/0022nd079,Indian Institute of Technology Guwahati,active,1271476,Guwahati,Assam,26.1844,91.7458,safe_active_exact_name_only
3230,fta_partner,safe_active,IN,India,https://ror.org/01j4v3x97,Indian Institute of Technology Hyderabad,active,1257431,Sangāreddi,Telangana,17.62477,78.08669,safe_active_exact_name_site_agreement
3231,fta_partner,safe_active,IN,India,https://ror.org/05pjsgx75,Indian Institute of Technology Kanpur,active,1267995,Kanpur,Uttar Pradesh,26.46523,80.34975,safe_active_exact_name_site_agreement
3232,fta_partner,safe_active,IN,India,https://ror.org/03w5sq511,Indian Institute of Technology Kharagpur,active,1266976,Kharagpur,West Bengal,22.33971,87.32501,safe_active_exact_name_only
3233,fta_partner,safe_active,IN,India,https://ror.org/03v0r5n49,Indian Institute of Technology Madras,active,1264527,Chennai,Tamil Nadu,13.08784,80.27847,safe_active_exact_name_site_agreement
3234,fta_partner,safe_active,IN,India,https://ror.org/00582g326,Indian Institute of Technology Roorkee,active,1258044,Roorkee,Uttarakhand,29.86632,77.89118,safe_active_exact_name_only
3235,fta_partner,safe_active,IN,India,https://ror.org/00582g326,Indian Institute of Technology Roorkee,active,1258044,Roorkee,Uttarakhand,29.86632,77.89118,safe_active_exact_name_site_agreement
3236,fta_partner,unmatched,IN,India,,,,,,,,,unmatched
3237,fta_partner,unmatched,IN,India,,,,,,,,,unmatched
3238,fta_partner,unmatched,IN,India,,,,,,,,,unmatched
3239,fta_partner,safe_active,IN,India,https://ror.org/00q2w1j53,Indian Statistical Institute,active,1275004,Kolkata,West Bengal,22.56263,88.36304,safe_active_exact_name_site_agreement
3240,fta_partner,unmatched,IN,India,,,,,,,,,unmatched
3241,fta_partner,unmatched,IN,India,,,,,,,,,unmatched
3242,fta_partner,safe_active,IN,India,https://ror.org/00mcwq335,Indira Gandhi Agricultural University,active,1258980,Raipur,Chhattisgarh,21.23333,81.63333,safe_active_exact_name_site_agreement
3243,fta_partner,review,IN,India,,,,,,,,,held_review_site_only
3244,fta_partner,safe_active,IN,India,https://ror.org/049pcfs17,Indira Gandhi Institute of Medical Sciences,active,1260086,Patna,Bihar,25.59408,85.13563,safe_active_exact_name_site_agreement
3245,fta_partner,safe_active,IN,India,https://ror.org/02fzfx471,Indira Gandhi National Open University,active,1261481,New Delhi,Delhi,28.62137,77.2148,safe_active_exact_name_site_agreement
3246,fta_partner,unmatched,IN,India,,,,,,,,,unmatched
3247,fta_partner,unmatched,IN,India,,,,,,,,,unmatched
3248,fta_partner,safe_active,IN,India,https://ror.org/039zd5s34,Integral University,active,1264733,Lucknow,Uttar Pradesh,26.83928,80.92313,safe_active_exact_name_site_agreement
3249,fta_partner,safe_active,IN,India,https://ror.org/0178xk096,International Institute for Population Sciences,active,1275339,Mumbai,Maharashtra,19.07283,72.88261,safe_active_exact_name_site_agreement
3250,fta_partner,safe_active,IN,India,https://ror.org/02af4h012,Jadavpur University,active,1275004,Kolkata,West Bengal,22.56263,88.36304,safe_active_exact_name_only
3251,fta_partner,safe_active,IN,India,https://ror.org/048zea267,Jagran Lakecity University,active,1275841,Bhopal,Madhya Pradesh,23.25469,77.40289,safe_active_exact_name_site_agreement
3252,fta_partner,review,IN,India,,,,,,,,,held_review_site_only
3253,fta_partner,unmatched,IN,India,,,,,,,,,unmatched
3254,fta_partner,review,IN,India,,,,,,,,,held_review_site_only
3255,fta_partner,safe_active,IN,India,https://ror.org/012rxev91,Jai Prakash University,active,1274353,Chāpra,Bihar,25.78031,84.74709,safe_active_exact_name_only
3256,fta_partner,safe_active,IN,India,https://ror.org/01xrazc29,Jaipur National University,active,1269515,Jaipur,Rajasthan,26.91962,75.78781,safe_active_exact_name_site_agreement
3257,fta_partner,unmatched,IN,India,,,,,,,,,unmatched
3258,fta_partner,unmatched,IN,India,,,,,,,,,unmatched
3259,fta_partner,review,IN,India,,,,,,,,,held-alias-without-clean-domain-agreement
3260,fta_partner,unmatched,IN,India,,,,,,,,,unmatched
3261,fta_partner,unmatched,IN,India,,,,,,,,,unmatched
3262,fta_partner,safe_active,IN,India,https://ror.org/0567v8t28,Jawaharlal Nehru University,active,1261481,New Delhi,Delhi,28.62137,77.2148,safe_active_exact_name_site_agreement
3263,fta_partner,safe_active,IN,India,https://ror.org/05sttyy11,Jaypee Institute of Information Technology,active,7279746,Noida,Uttar Pradesh,28.58,77.33,safe_active_exact_name_site_agreement
3264,fta_partner,safe_active,IN,India,https://ror.org/00w9a2z18,Jiwaji University,active,1270583,Gwalior,Madhya Pradesh,26.22983,78.17337,safe_active_exact_name_site_agreement
3265,fta_partner,safe_active,IN,India,https://ror.org/03rm49h74,Jodhpur National University,active,1268865,Jodhpur,Rajasthan,26.26841,73.00594,safe_active_exact_name_site_agreement
3266,fta_partner,safe_active,IN,India,https://ror.org/012zpbg81,Kakatiya University,active,1252948,Warangal,Telangana,18,79.58333,safe_active_exact_name_only
3267,fta_partner,safe_active,IN,India,https://ror.org/03afg5j45,Kalinga University,active,1258980,Raipur,Chhattisgarh,21.23333,81.63333,safe_active_exact_name_only
3268,fta_partner,safe_active,IN,India,https://ror.org/03d8nmh82,Kameshwar Singh Darbhanga Sanskrit University,active,1273491,Darbhanga,Bihar,26.15216,85.89707,safe_active_exact_name_site_agreement
3269,fta_partner,unmatched,IN,India,,,,,,,,,unmatched
3270,fta_partner,safe_active,IN,India,https://ror.org/054jv7347,Kannada University,active,1270448,Hampi,Karnataka,15.3352,76.4603,safe_active_exact_name_site_agreement
3271,fta_partner,safe_active,IN,India,https://ror.org/00zz2cd87,Kannur University,active,1274987,Kannur,Kerala,11.86752,75.35763,safe_active_exact_name_site_agreement
3272,fta_partner,safe_active,IN,India,https://ror.org/040qxz868,Chhatrapati Shahu Ji Maharaj University,active,1267995,Kanpur,Uttar Pradesh,26.46523,80.34975,safe_active_exact_name_site_agreement
3273,fta_partner,safe_active,IN,India,https://ror.org/04y6y6h45,Karnataka State Law University,active,1269920,Hubballi,Karnataka,15.34776,75.13378,safe_active_exact_name_site_agreement
3274,fta_partner,safe_active,IN,India,https://ror.org/00ecztp88,Karnataka State Open University,active,1262321,Mysuru,Karnataka,12.29791,76.63925,safe_active_exact_name_only
3275,fta_partner,safe_active,IN,India,https://ror.org/05ajnv358,Karnatak University,active,1272797,Dharwad,Karnataka,15.37,75.14,safe_active_exact_name_site_agreement
3276,fta_partner,unmatched,IN,India,,,,,,,,,unmatched
3277,fta_partner,review,IN,India,,,,,,,,,held_review_site_only
3278,fta_partner,safe_active,IN,India,https://ror.org/01n83er02,Kerala Agricultural University,active,1254187,Thrissur,Kerala,10.51667,76.21667,safe_active_exact_name_only
3279,fta_partner,review,IN,India,,,,,,,,,held_review_site_only
3280,fta_partner,unmatched,IN,India,,,,,,,,,unmatched
3281,fta_partner,review,IN,India,,,,,,,,,held_review_site_only
3282,fta_partner,safe_active,IN,India,https://ror.org/04yhntq62,Krishna University,active,1264637,Machilipatnam,Andhra Pradesh,16.18747,81.13888,safe_active_exact_name_site_agreement
3283,fta_partner,safe_active,IN,India,https://ror.org/038e9x269,Kumaun University,active,1262117,Nainital,Uttarakhand,29.39743,79.44686,safe_active_exact_name_only
3284,fta_partner,safe_active,IN,India,https://ror.org/019bzvf55,Kurukshetra University,active,1265468,Kurukshetra,Haryana,30,76.75,safe_active_exact_name_only
3285,fta_partner,safe_active,IN,India,https://ror.org/014arsg56,Kuvempu University,active,1256515,Shivamogga,Karnataka,13.93157,75.56791,safe_active_exact_name_site_agreement
3286,fta_partner,safe_active,IN,India,https://ror.org/0272csn50,Lakshmibai National Institute of Physical Education,active,1270583,Gwalior,Madhya Pradesh,26.22983,78.17337,safe_active_exact_name_only
3287,fta_partner,safe_active,IN,India,https://ror.org/00pqvmk25,Lalit Narayan Mithila University,active,1273491,Darbhanga,Bihar,26.15216,85.89707,safe_active_exact_name_only
3288,fta_partner,unmatched,IN,India,,,,,,,,,unmatched
3289,fta_partner,safe_active,IN,India,https://ror.org/02j3w7f30,Madhya Pradesh Bhoj Open University,active,1275841,Bhopal,Madhya Pradesh,23.25469,77.40289,safe_active_exact_name_only
3290,fta_partner,safe_active,IN,India,https://ror.org/04c8e9019,Madurai Kamaraj University,active,1264521,Madurai,Tamil Nadu,9.919,78.11953,safe_active_exact_name_only
3291,fta_partner,safe_active,IN,India,https://ror.org/01a3w2x24,Magadh University,active,1275389,Bodh Gaya,Bihar,24.69808,84.9869,safe_active_exact_name_only
3292,fta_partner,review,IN,India,,,,,,,,,held_review_site_only
3293,fta_partner,safe_active,IN,India,https://ror.org/01bx8ja67,Maharaja Sayajirao University of Baroda,active,1253573,Vadodara,Gujarat,22.29941,73.20812,safe_active_exact_name_site_agreement
3294,fta_partner,unmatched,IN,India,,,,,,,,,unmatched
3295,fta_partner,review,IN,India,,,,,,,,,held_review_site_only
3296,fta_partner,unmatched,IN,India,,,,,,,,,unmatched
3297,fta_partner,safe_active,IN,India,https://ror.org/006qz8583,Mahatma Gandhi Kashi Vidyapith,active,1253405,Varanasi,Uttar Pradesh,25.31668,83.01041,safe_active_exact_name_site_agreement
3298,fta_partner,review,IN,India,,,,,,,,,held_review_site_only
3299,fta_partner,safe_active,IN,India,https://ror.org/04702m080,Mahatma Gandhi University,active,1263207,Meghalaya,Meghalaya,25.5,91.33333,safe_active_exact_name_site_agreement
3300,fta_partner,review,IN,India,,,,,,,,,held_review_site_only
3301,fta_partner,review,IN,India,,,,,,,,,held-alias-without-clean-domain-agreement
3302,fta_partner,review,IN,India,,,,,,,,,held_review_site_only
3303,fta_partner,safe_active,IN,India,https://ror.org/02dvskw32,Makhanlal Chaturvedi National University of Journalism and Communication,active,1275841,Bhopal,Madhya Pradesh,23.25469,77.40289,safe_active_exact_name_site_agreement
3304,fta_partner,safe_active,IN,India,https://ror.org/05fep3933,Mangalore University,active,1263780,Mangaluru,Karnataka,12.91723,74.85603,safe_active_exact_name_site_agreement
3305,fta_partner,review,IN,India,,,,,,,,,held-alias-without-clean-domain-agreement
3306,fta_partner,safe_active,IN,India,https://ror.org/03964fn67,Manipur University,active,1269771,Imphal,Manipur,24.80805,93.9442,safe_active_exact_name_only
3307,fta_partner,safe_active,IN,India,https://ror.org/02qgw5c67,Manonmaniam Sundaranar University,active,1254361,Tirunelveli,Tamil Nadu,8.72742,77.6838,safe_active_exact_name_only
3308,fta_partner,unmatched,IN,India,,,,,,,,,unmatched
3309,fta_partner,safe_active,IN,India,https://ror.org/03y2k8882,Marathwada Agricultural University,active,1260341,Parbhani,Maharashtra,19.26855,76.77081,safe_active_exact_name_only
3310,fta_partner,review,IN,India,,,,,,,,,held_review_site_only
3311,fta_partner,safe_active,IN,India,https://ror.org/02fv78a45,Mother Teresa Women's University,active,1266425,Kodaikānāl,Tamil Nadu,10.23925,77.48932,safe_active_exact_name_only
3312,fta_partner,safe_active,IN,India,https://ror.org/04dp7tp96,Motilal Nehru National Institute of Technology,active,1278994,Prayagraj,Uttar Pradesh,25.44478,81.84322,safe_active_exact_name_site_agreement
3313,fta_partner,review,IN,India,,,,,,,,,held_review_site_only
3314,fta_partner,safe_active,IN,India,https://ror.org/05n97pt16,Nagaland University,active,1266366,Kohima,Nagaland,25.67467,94.11099,safe_active_exact_name_only
3315,fta_partner,unmatched,IN,India,,,,,,,,,unmatched
3316,fta_partner,safe_active,IN,India,https://ror.org/039hcn695,Nalanda Open University,active,1260086,Patna,Bihar,25.59408,85.13563,safe_active_exact_name_only
3317,fta_partner,review,IN,India,,,,,,,,,held-alias-without-clean-domain-agreement
3318,fta_partner,safe_active,IN,India,https://ror.org/04qksbm30,Narsee Monjee Institute of Management Studies,active,1275339,Mumbai,Maharashtra,19.07283,72.88261,safe_active_exact_name_site_agreement
3319,fta_partner,unmatched,IN,India,,,,,,,,,unmatched
3320,fta_partner,review,IN,India,,,,,,,,,held-alias-without-clean-domain-agreement
3321,fta_partner,unmatched,IN,India,,,,,,,,,unmatched
3322,fta_partner,safe_active,IN,India,https://ror.org/03yyd7552,National Institute of Technology Calicut,active,1265873,Kozhikode,Kerala,11.24802,75.7804,safe_active_exact_name_site_agreement
3323,fta_partner,safe_active,IN,India,https://ror.org/04ds0jm32,National Institute of Technology Durgapur,active,1272175,Durgapur,West Bengal,23.51583,87.30801,safe_active_exact_name_site_agreement
3324,fta_partner,safe_active,IN,India,https://ror.org/01sebzx27,National Institute of Technology Jamshedpur,active,1269300,Jamshedpur,Jharkhand,22.80278,86.18545,safe_active_exact_name_site_agreement
3325,fta_partner,safe_active,IN,India,https://ror.org/04909p852,National Institute of Technology Kurukshetra,active,1265468,Kurukshetra,Haryana,30,76.75,safe_active_exact_name_only
3326,fta_partner,safe_active,IN,India,https://ror.org/011gmn932,National Institute of Technology Rourkela,active,1258315,Rourkela,Odisha,22.22496,84.86414,safe_active_exact_name_site_agreement
3327,fta_partner,review,IN,India,,,,,,,,,held_review_site_only
3328,fta_partner,safe_active,IN,India,https://ror.org/017ebfz38,National Institute of Technology Warangal,active,1252948,Warangal,Telangana,18,79.58333,safe_active_exact_name_only
3329,fta_partner,safe_active,IN,India,https://ror.org/03a53pk73,National Law School of India University,active,1277333,Bengaluru,Karnataka,12.97194,77.59369,safe_active_exact_name_site_agreement
3330,fta_partner,unmatched,IN,India,,,,,,,,,unmatched
3331,fta_partner,unmatched,IN,India,,,,,,,,,unmatched
3332,fta_partner,unmatched,IN,India,,,,,,,,,unmatched
3333,fta_partner,safe_active,IN,India,https://ror.org/05qkq7x38,Nirma University,active,1279233,Ahmedabad,Gujarat,23.02579,72.58727,safe_active_exact_name_site_agreement
3334,fta_partner,safe_active,IN,India,https://ror.org/01wjz9118,Nizam's Institute of Medical Sciences,active,1269843,Hyderabad,Telangana,17.38405,78.45636,safe_active_exact_name_only
3335,fta_partner,safe_active,IN,India,https://ror.org/039w8qr24,North Bengal University,active,1256525,Siliguri,West Bengal,26.71004,88.42851,safe_active_exact_name_site_agreement
3336,fta_partner,safe_active,IN,India,https://ror.org/055m2tx54,North Eastern Hill University,active,1256523,Shillong,Meghalaya,25.56892,91.88313,safe_active_exact_name_site_agreement
3337,fta_partner,safe_active,IN,India,https://ror.org/04g7tnd56,Kavayitri Bahinabai Chaudhari North Maharashtra University,active,1269410,Jalgaon,Maharashtra,17.74026,73.19087,safe_active_exact_name_site_agreement
3338,fta_partner,safe_active,IN,India,https://ror.org/03t25y916,Open International University for Alternative Medicines,active,1262260,Nagapattinam,Tamil Nadu,10.76377,79.84313,safe_active_exact_name_only
3339,fta_partner,unmatched,IN,India,,,,,,,,,unmatched
3340,fta_partner,safe_active,IN,India,https://ror.org/030sjb889,Osmania University,active,1269843,Hyderabad,Telangana,17.38405,78.45636,safe_active_exact_name_site_agreement
3341,fta_partner,unmatched,IN,India,,,,,,,,,unmatched
3342,fta_partner,safe_active,IN,India,https://ror.org/04p2sbk06,Panjab University,active,1274746,Chandigarh,Chandigarh,30.73629,76.7884,safe_active_exact_name_site_agreement
3343,fta_partner,safe_active,IN,India,https://ror.org/04ysp6769,Patna University,active,1260086,Patna,Bihar,25.59408,85.13563,safe_active_exact_name_only
3344,fta_partner,safe_active,IN,India,https://ror.org/05crs8s98,Periyar University,active,1257629,Salem,Tamil Nadu,11.65376,78.15538,safe_active_exact_name_only
3345,fta_partner,safe_active,IN,India,https://ror.org/05m169e78,PES University,active,1277333,Bengaluru,Karnataka,12.97194,77.59369,safe_active_exact_name_site_agreement
3346,fta_partner,safe_active,IN,India,https://ror.org/01a3mef16,Pondicherry University,active,1259425,Puducherry,Puducherry,11.93381,79.82979,safe_active_exact_name_only
3347,fta_partner,unmatched,IN,India,,,,,,,,,unmatched
3348,fta_partner,safe_active,IN,India,https://ror.org/01mh73q44,Potti Sreeramulu Telugu University,active,1269843,Hyderabad,Telangana,17.38405,78.45636,safe_active_exact_name_site_agreement
3349,fta_partner,safe_active,IN,India,https://ror.org/01tez1r52,PSG College of Technology,active,1273865,Coimbatore,Tamil Nadu,11.00555,76.96612,safe_active_exact_name_site_agreement
3350,fta_partner,safe_active,IN,India,https://ror.org/02qbzdk74,Punjab Agricultural University,active,1264728,Ludhiana,Punjab,30.91204,75.85379,safe_active_exact_name_site_agreement
3351,fta_partner,review,IN,India,,,,,,,,,held_review_site_only
3352,fta_partner,review,IN,India,,,,,,,,,held_review_site_only
3353,fta_partner,safe_active,IN,India,https://ror.org/025kz2973,Punjab Technical University,active,1267911,Kapurthala Town,Punjab,31.38011,75.38105,safe_active_exact_name_site_agreement
3354,fta_partner,safe_active,IN,India,https://ror.org/059pxp552,Rabindra Bharati University,active,1275004,Kolkata,West Bengal,22.56263,88.36304,safe_active_exact_name_only
3355,fta_partner,review,IN,India,,,,,,,,,held_review_site_only
3356,fta_partner,safe_active,IN,India,https://ror.org/056bber35,Rajasthan Technical University,active,1266049,Kota,Rajasthan,25.18254,75.83907,safe_active_exact_name_site_agreement
3357,fta_partner,unmatched,IN,India,,,,,,,,,unmatched
3358,fta_partner,review,IN,India,,,,,,,,,held-alias-without-clean-domain-agreement
3359,fta_partner,unmatched,IN,India,,,,,,,,,unmatched
3360,fta_partner,unmatched,IN,India,,,,,,,,,unmatched
3361,fta_partner,safe_active,IN,India,https://ror.org/017wgkd42,Rajiv Gandhi University,active,1269655,Itanagar,Arunachal Pradesh,27.08694,93.60987,safe_active_exact_name_site_agreement
3362,fta_partner,review,IN,India,,,,,,,,,held_ambiguous_active_exact_name
3363,fta_partner,safe_active,IN,India,https://ror.org/032kth403,Rani Durgavati University,active,1269633,Jabalpur,Madhya Pradesh,23.16697,79.95006,safe_active_exact_name_site_agreement
3364,fta_partner,safe_active,IN,India,https://ror.org/01rfr0p20,RKDF University,active,1275841,Bhopal,Madhya Pradesh,23.25469,77.40289,safe_active_exact_name_site_agreement
3365,fta_partner,safe_active,IN,India,https://ror.org/04s222234,Sambalpur University,active,1257542,Sambalpur,Odisha,21.46527,83.97573,safe_active_exact_name_only
3366,fta_partner,review,IN,India,,,,,,,,,held-alias-without-clean-domain-agreement
3367,fta_partner,unmatched,IN,India,,,,,,,,,unmatched
3368,fta_partner,safe_active,IN,India,https://ror.org/048mwn423,Sardarkrushinagar Dantiwada Agricultural University,active,1260777,Pālanpur,Gujarat,24.17128,72.43827,safe_active_exact_name_site_agreement
3369,fta_partner,safe_active,IN,India,https://ror.org/05kfstc28,Sardar Patel University,active,1253482,Vallabh Vidyanagar,Gujarat,22.53333,72.9,safe_active_exact_name_site_agreement
3370,fta_partner,unmatched,IN,India,,,,,,,,,unmatched
3371,fta_partner,review,IN,India,,,,,,,,,held_review_site_only
3372,fta_partner,review,IN,India,,,,,,,,,held-alias-without-clean-domain-agreement
3373,fta_partner,safe_active,IN,India,https://ror.org/0250jpt55,Saurashtra University,active,1258847,Rajkot,Gujarat,22.29161,70.79322,safe_active_exact_name_site_agreement
3374,fta_partner,review,IN,India,,,,,,,,,held_review_site_only
3375,fta_partner,review,IN,India,,,,,,,,,held-alias-without-clean-domain-agreement
3376,fta_partner,review,IN,India,,,,,,,,,held_review_site_only
3377,fta_partner,safe_active,IN,India,https://ror.org/01bsn4x02,Shivaji University,active,1266285,Kolhāpur,Maharashtra,16.69563,74.23167,safe_active_exact_name_site_agreement
3378,fta_partner,review,IN,India,,,,,,,,,held_review_site_only
3379,fta_partner,safe_active,IN,India,https://ror.org/05fnn5020,Shreemati Nathibai Damodar Thackersey Women's University,active,1275339,Mumbai,Maharashtra,19.07283,72.88261,safe_active_exact_name_only
3380,fta_partner,safe_active,IN,India,https://ror.org/03n7xzj51,Shridhar University,active,1259693,Pilāni,Rajasthan,28.36725,75.60352,safe_active_exact_name_only
3381,fta_partner,safe_active,IN,India,https://ror.org/00azgtq24,Shri Jagannath Sanskrit University,active,1259184,Puri,Odisha,19.79825,85.82494,safe_active_exact_name_site_agreement
3382,fta_partner,safe_active,IN,India,https://ror.org/03s3x9r14,Shri Lal Bahadur Shastri Rashtriya Sanskrit Vidyapeetha,active,1261481,New Delhi,Delhi,28.62137,77.2148,safe_active_exact_name_site_agreement
3383,fta_partner,safe_active,IN,India,https://ror.org/036x6w630,Shri Mata Vaishno Devi University,active,1267448,Katra,Jammu and Kashmir,32.99167,74.93195,safe_active_exact_name_only
3384,fta_partner,safe_active,IN,India,https://ror.org/02vh85b91,Sido Kanhu Murmu University,active,1272237,Dumka,Jharkhand,24.26778,87.24855,safe_active_exact_name_only
3385,fta_partner,review,IN,India,,,,,,,,,held_review_shared_site_only
3386,fta_partner,review,IN,India,,,,,,,,,held_review_site_only
3387,fta_partner,review,IN,India,,,,,,,,,held_review_site_only
3388,fta_partner,unmatched,IN,India,,,,,,,,,unmatched
3389,fta_partner,safe_active,IN,India,https://ror.org/026tktq31,Solapur University,active,1256436,Solapur,Maharashtra,17.67152,75.91044,safe_active_exact_name_site_agreement
3390,fta_partner,safe_active,IN,India,https://ror.org/02kjyst95,South Asian University,active,1261481,New Delhi,Delhi,28.62137,77.2148,safe_active_exact_name_only
3391,fta_partner,review,IN,India,,,,,,,,,held-alias-without-clean-domain-agreement
3392,fta_partner,unmatched,IN,India,,,,,,,,,unmatched
3393,fta_partner,unmatched,IN,India,,,,,,,,,unmatched
3394,fta_partner,safe_active,IN,India,https://ror.org/04hhgsb74,Sree Sankaracharya University of Sanskrit,active,1273874,Ernakulam,Kerala,9.93988,76.26022,safe_active_exact_name_site_agreement
3395,fta_partner,safe_active,IN,India,https://ror.org/04w713f83,Sri Chandrasekharendra Saraswathi Viswa Mahavidyalaya,active,1268159,Kanchipuram,Tamil Nadu,12.83515,79.70006,safe_active_exact_name_site_agreement
3396,fta_partner,safe_active,IN,India,https://ror.org/02fyxjb45,Sri Krishnadevaraya University,active,1278672,Anantapur,Andhra Pradesh,14.67784,77.60813,safe_active_exact_name_only
3397,fta_partner,unmatched,IN,India,,,,,,,,,unmatched
3398,fta_partner,unmatched,IN,India,,,,,,,,,unmatched
3399,fta_partner,unmatched,IN,India,,,,,,,,,unmatched
3400,fta_partner,safe_active,IN,India,https://ror.org/05arzt710,Sri Sathya Sai Institute of Higher Learning,active,6621344,Puttaparthi,Andhra Pradesh,14.1652,77.8117,safe_active_exact_name_only
3401,fta_partner,safe_active,IN,India,https://ror.org/039thcs93,Sri Venkateswara Institute of Medical Sciences,active,1254360,Tirupati,Andhra Pradesh,13.63551,79.41989,safe_active_exact_name_site_agreement
3402,fta_partner,safe_active,IN,India,https://ror.org/05weahn72,Sri Venkateswara University,active,1254360,Tirupati,Andhra Pradesh,13.63551,79.41989,safe_active_exact_name_only
3403,fta_partner,review,IN,India,,,,,,,,,held_review_site_only
3404,fta_partner,review,IN,India,,,,,,,,,held_review_site_only
3405,fta_partner,safe_active,IN,India,https://ror.org/03nevd013,Swami Ramanand Teerth Marathwada University,active,1261977,Nanded,Maharashtra,19.16023,77.31497,safe_active_exact_name_only
3406,fta_partner,safe_active,IN,India,https://ror.org/005r2ww51,Symbiosis International University,active,1259229,Pune,Maharashtra,18.51957,73.85535,safe_active_exact_name_site_agreement
3407,fta_partner,unmatched,IN,India,,,,,,,,,unmatched
3408,fta_partner,safe_active,IN,India,https://ror.org/04fs90r60,Tamil Nadu Agricultural University,active,1273865,Coimbatore,Tamil Nadu,11.00555,76.96612,safe_active_exact_name_only
3409,fta_partner,safe_active,IN,India,https://ror.org/011x6fh62,Tamil Nadu Dr. Ambedkar Law University,active,1264527,Chennai,Tamil Nadu,13.08784,80.27847,safe_active_exact_name_only
3410,fta_partner,safe_active,IN,India,https://ror.org/00b3mhg89,Tamil Nadu Dr. M.G.R. Medical University,active,1264527,Chennai,Tamil Nadu,13.08784,80.27847,safe_active_exact_name_only
3411,fta_partner,safe_active,IN,India,https://ror.org/04waphv22,Tamil Nadu Veterinary and Animal Sciences University,active,1264527,Chennai,Tamil Nadu,13.08784,80.27847,safe_active_exact_name_only
3412,fta_partner,safe_active,IN,India,https://ror.org/0534dba08,Tamil University,active,1254649,Thanjavur,Tamil Nadu,10.78523,79.13909,safe_active_exact_name_site_agreement
3413,fta_partner,safe_active,IN,India,https://ror.org/05jte2q37,Tata Institute of Social Sciences,active,1275339,Mumbai,Maharashtra,19.07283,72.88261,safe_active_exact_name_site_agreement
3414,fta_partner,safe_active,IN,India,https://ror.org/01mh73q44,Potti Sreeramulu Telugu University,active,1269843,Hyderabad,Telangana,17.38405,78.45636,safe_active_exact_name_site_agreement
3415,fta_partner,safe_active,IN,India,https://ror.org/005x56091,Tezpur University,active,1254710,Tezpur,Assam,26.63333,92.8,safe_active_exact_name_site_agreement
3416,fta_partner,safe_active,IN,India,https://ror.org/00wdq3744,Thapar Institute of Engineering & Technology,active,1260107,Patiāla,Punjab,30.33625,76.3922,safe_active_exact_name_only
3417,fta_partner,unmatched,IN,India,,,,,,,,,unmatched
3418,fta_partner,safe_active,IN,India,https://ror.org/01rgfv364,Thiagarajar College of Engineering,active,1264521,Madurai,Tamil Nadu,9.919,78.11953,safe_active_exact_name_site_agreement
3419,fta_partner,safe_active,IN,India,https://ror.org/0255nn983,Thiruvalluvar University,active,1253286,Vellore,Tamil Nadu,12.9184,79.13255,safe_active_exact_name_only
3420,fta_partner,safe_active,IN,India,https://ror.org/01xsjnd35,Tilak Maharashtra Vidyapeeth,active,1259229,Pune,Maharashtra,18.51957,73.85535,safe_active_exact_name_site_agreement
3421,fta_partner,safe_active,IN,India,https://ror.org/009p4eg54,Tilka Manjhi Bhagalpur University,active,1277289,Bānka,Bihar,24.88091,86.92257,safe_active_exact_name_only
3422,fta_partner,safe_active,IN,India,https://ror.org/05xqycm14,Tripura University,active,1279290,Agartala,Tripura,23.83605,91.27939,safe_active_exact_name_site_agreement
3423,fta_partner,safe_active,IN,India,https://ror.org/02j63m808,Tumkur University,active,1254089,Tumakuru,Karnataka,13.34136,77.1022,safe_active_exact_name_site_agreement
3424,fta_partner,safe_active,IN,India,https://ror.org/03js6zg56,"University of Agricultural Sciences, Bangalore",active,1277333,Bengaluru,Karnataka,12.97194,77.59369,safe_active_exact_name_only
3425,fta_partner,safe_active,IN,India,https://ror.org/02qn0hf26,"University of Agricultural Sciences, Dharwad",active,1269920,Hubballi,Karnataka,15.34776,75.13378,safe_active_exact_name_only
3426,fta_partner,safe_active,IN,India,https://ror.org/05cyd8v32,University of Burdwan,active,1277029,Bardhaman,West Bengal,23.25572,87.85691,safe_active_exact_name_only
3427,fta_partner,safe_active,IN,India,https://ror.org/01e7v7w47,University of Calcutta,active,1275004,Kolkata,West Bengal,22.56263,88.36304,safe_active_exact_name_site_agreement
3428,fta_partner,safe_active,IN,India,https://ror.org/05yeh3g67,University of Calicut,active,1264154,Malappuram,Kerala,11.04199,76.08154,safe_active_exact_name_only
3429,fta_partner,safe_active,IN,India,https://ror.org/04gzb2213,University of Delhi,active,1261481,New Delhi,Delhi,28.62137,77.2148,safe_active_exact_name_site_agreement
3430,fta_partner,unmatched,IN,India,,,,,,,,,unmatched
3431,fta_partner,safe_active,IN,India,https://ror.org/04a7rxb17,University of Hyderabad,active,1269843,Hyderabad,Telangana,17.38405,78.45636,safe_active_exact_name_only
3432,fta_partner,safe_active,IN,India,https://ror.org/02retg991,University of Jammu,active,1269321,Jammu,Jammu and Kashmir,32.73528,74.86167,safe_active_exact_name_only
3433,fta_partner,safe_active,IN,India,https://ror.org/03v783k16,University of Kalyani,active,1268293,Kalyani,West Bengal,22.9757,88.4337,safe_active_exact_name_site_agreement
3434,fta_partner,safe_active,IN,India,https://ror.org/032xfst36,University of Kashmir,active,1255634,Srinagar,Jammu and Kashmir,34.08565,74.80555,safe_active_exact_name_site_agreement
3435,fta_partner,safe_active,IN,India,https://ror.org/05tqa9940,University of Kerala,active,1254163,Thiruvananthapuram,Kerala,8.4855,76.94924,safe_active_exact_name_site_agreement
3436,fta_partner,safe_active,IN,India,https://ror.org/04r5d0y92,University of Kota,active,1266049,Kota,Rajasthan,25.18254,75.83907,safe_active_exact_name_site_agreement
3437,fta_partner,safe_active,IN,India,https://ror.org/03bdeag60,University of Lucknow,active,1264733,Lucknow,Uttar Pradesh,26.83928,80.92313,safe_active_exact_name_only
3438,fta_partner,safe_active,IN,India,https://ror.org/04jmt9361,University of Madras,active,1264527,Chennai,Tamil Nadu,13.08784,80.27847,safe_active_exact_name_site_agreement
3439,fta_partner,unmatched,IN,India,,,,,,,,,unmatched
3440,fta_partner,safe_active,IN,India,https://ror.org/032hdk172,University of Mumbai,active,1275339,Mumbai,Maharashtra,19.07283,72.88261,safe_active_exact_name_site_agreement
3441,fta_partner,unmatched,IN,India,,,,,,,,,unmatched
3442,fta_partner,safe_active,IN,India,https://ror.org/012bxv356,University of Mysore,active,1262321,Mysuru,Karnataka,12.29791,76.63925,safe_active_exact_name_site_agreement
3443,fta_partner,review,IN,India,,,,,,,,,held_review_site_only
3444,fta_partner,review,IN,India,,,,,,,,,held-alias-without-clean-domain-agreement
3445,fta_partner,safe_active,IN,India,https://ror.org/05arfhc56,University of Rajasthan,active,1269515,Jaipur,Rajasthan,26.91962,75.78781,safe_active_exact_name_only
3446,fta_partner,review,IN,India,,,,,,,,,held-alias-without-clean-domain-agreement
3447,fta_partner,safe_active,IN,India,https://ror.org/0034eez47,Utkal University,active,1275817,Bhubaneswar,Odisha,20.27241,85.83385,safe_active_exact_name_only
3448,fta_partner,safe_active,IN,India,https://ror.org/04wvk1327,Uttarakhand Open University,active,1270498,Haldwani,Uttarakhand,29.22254,79.5286,safe_active_exact_name_site_agreement
3449,fta_partner,safe_active,IN,India,https://ror.org/03ms8m606,Uttarakhand Technical University,active,1273313,Dehradun,Uttarakhand,30.32443,78.03392,safe_active_exact_name_site_agreement
3450,fta_partner,review,IN,India,,,,,,,,,held-alias-without-clean-domain-agreement
3451,fta_partner,safe_active,IN,India,https://ror.org/04w00w616,Vardhaman Mahaveer Open University,active,1266049,Kota,Rajasthan,25.18254,75.83907,safe_active_exact_name_site_agreement
3452,fta_partner,review,IN,India,,,,,,,,,held_review_site_only
3453,fta_partner,safe_active,IN,India,https://ror.org/05gypvt76,Veer Kunwar Singh University,active,1278483,Arrah,Bihar,25.55629,84.66335,safe_active_exact_name_only
3454,fta_partner,safe_active,IN,India,https://ror.org/02yghbg68,Veer Surendra Sai University of Technology,active,1257542,Sambalpur,Odisha,21.46527,83.97573,safe_active_exact_name_site_agreement
3455,fta_partner,review,IN,India,,,,,,,,,held_review_site_only
3456,fta_partner,safe_active,IN,India,https://ror.org/027jsza11,Vidyasagar University,active,1263220,Medinīpur,West Bengal,22.42114,87.32257,safe_active_exact_name_site_agreement
3457,fta_partner,unmatched,IN,India,,,,,,,,,unmatched
3458,fta_partner,safe_active,IN,India,https://ror.org/03phees55,Vikrama Simhapuri University,active,1261529,Nellore,Andhra Pradesh,14.44992,79.98697,safe_active_exact_name_site_agreement
3459,fta_partner,safe_active,IN,India,https://ror.org/002k8gm39,Vikram University,active,1253914,Ujjain,Madhya Pradesh,23.18239,75.77643,safe_active_exact_name_only
3460,fta_partner,unmatched,IN,India,,,,,,,,,unmatched
3461,fta_partner,safe_active,IN,India,https://ror.org/00j98j631,Vinoba Bhave University,active,1270164,Hazaribagh,Jharkhand,23.99241,85.36162,safe_active_exact_name_only
3462,fta_partner,safe_active,IN,India,https://ror.org/02y28sc20,Visva-Bharati University,active,1256640,Santiniketan,West Bengal,23.68228,87.68637,safe_active_exact_name_only
3463,fta_partner,safe_active,IN,India,https://ror.org/02zrtpp84,Visvesvaraya National Institute of Technology,active,1262180,Nagpur,Maharashtra,21.14631,79.08491,safe_active_exact_name_only
3464,fta_partner,safe_active,IN,India,https://ror.org/00ha14p11,Visvesvaraya Technological University,active,1276533,Belagavi,Karnataka,15.85212,74.50447,safe_active_exact_name_site_agreement
3465,fta_partner,safe_active,IN,India,https://ror.org/03ka27b61,West Bengal University of Animal and Fishery Sciences,active,1275004,Kolkata,West Bengal,22.56263,88.36304,safe_active_exact_name_only
3466,fta_partner,review,IN,India,,,,,,,,,held-alias-without-clean-domain-agreement
3467,fta_partner,unmatched,IN,India,,,,,,,,,unmatched
3722,eu_framework,unmatched,IT,Italy,,,,,,,,,unmatched
3723,eu_framework,review,IT,Italy,,,,,,,,,held_review_site_only
3724,eu_framework,review,IT,Italy,,,,,,,,,held_review_site_only
3725,eu_framework,review,IT,Italy,,,,,,,,,held-alias-without-clean-domain-agreement
3726,eu_framework,unmatched,IT,Italy,,,,,,,,,unmatched
3727,eu_framework,unmatched,IT,Italy,,,,,,,,,unmatched
3728,eu_framework,safe_active,IT,Italy,https://ror.org/0031wrj91,European University Institute,active,3176959,Florence,Tuscany,43.77925,11.24626,safe_active_exact_name_only
3729,eu_framework,unmatched,IT,Italy,,,,,,,,,unmatched
3730,eu_framework,unmatched,IT,Italy,,,,,,,,,unmatched
3731,eu_framework,unmatched,IT,Italy,,,,,,,,,unmatched
3732,eu_framework,review,IT,Italy,,,,,,,,,held_review_site_only
3733,eu_framework,review,IT,Italy,,,,,,,,,held_review_site_only
3734,eu_framework,unmatched,IT,Italy,,,,,,,,,unmatched
3735,eu_framework,safe_active,IT,Italy,https://ror.org/035gh3a49,IMT School for Advanced Studies Lucca,active,3174530,Lucca,Tuscany,43.84369,10.50447,safe_active_exact_name_site_agreement
3736,eu_framework,review,IT,Italy,,,,,,,,,held_review_site_only
3737,eu_framework,review,IT,Italy,,,,,,,,,held_review_site_only
3738,eu_framework,safe_active,IT,Italy,https://ror.org/01fjdq469,John Cabot University,active,3169070,Rome,Lazio,41.89193,12.51133,safe_active_exact_name_site_agreement
3739,eu_framework,safe_active,IT,Italy,https://ror.org/02nckqd02,Johns Hopkins University SAIS Bologna Center,active,3181928,Bologna,Emilia-Romagna,44.49381,11.33875,safe_active_exact_name_only
3740,eu_framework,safe_active,IT,Italy,https://ror.org/035mh1293,Link Campus University,active,3169070,Rome,Lazio,41.89193,12.51133,safe_active_exact_name_site_agreement
3741,eu_framework,unmatched,IT,Italy,,,,,,,,,unmatched
3742,eu_framework,review,IT,Italy,,,,,,,,,held_review_site_only
3743,eu_framework,review,IT,Italy,,,,,,,,,held_review_site_only
3744,eu_framework,review,IT,Italy,,,,,,,,,held_review_site_only
3745,eu_framework,review,IT,Italy,,,,,,,,,held_review_site_only
3746,eu_framework,safe_active,IT,Italy,https://ror.org/02g30pd64,Pontifical University of the Holy Cross,active,3169070,Rome,Lazio,41.89193,12.51133,safe_active_exact_name_only
3747,eu_framework,safe_active,IT,Italy,https://ror.org/05sd29c29,Pontifical Lateran University,active,3169070,Rome,Lazio,41.89193,12.51133,safe_active_exact_name_site_agreement
3748,eu_framework,unmatched,IT,Italy,,,,,,,,,unmatched
3749,eu_framework,unmatched,IT,Italy,,,,,,,,,unmatched
3750,eu_framework,safe_active,IT,Italy,https://ror.org/02qapk571,Pontifical Oriental Institute,active,3169070,Rome,Lazio,41.89193,12.51133,safe_active_exact_name_only
3751,eu_framework,review,IT,Italy,,,,,,,,,held_review_site_only
3752,eu_framework,safe_active,IT,Italy,https://ror.org/02kqnpp86,"University of Campania ""Luigi Vanvitelli""",active,3179866,Caserta,Campania,41.07262,14.33231,safe_active_exact_name_site_agreement
3753,eu_framework,review,IT,Italy,,,,,,,,,held_review_site_only
3754,eu_framework,unmatched,IT,Italy,,,,,,,,,unmatched
3755,eu_framework,safe_active,IT,Italy,https://ror.org/00qpbmv96,Salesian Pontifical University,active,3169070,Rome,Lazio,41.89193,12.51133,safe_active_exact_name_site_agreement
3756,eu_framework,unmatched,IT,Italy,,,,,,,,,unmatched
3757,eu_framework,review,IT,Italy,,,,,,,,,held_review_site_only
3758,eu_framework,unmatched,IT,Italy,,,,,,,,,unmatched
3759,eu_framework,unmatched,IT,Italy,,,,,,,,,unmatched
3760,eu_framework,review,IT,Italy,,,,,,,,,held_review_site_only
3761,eu_framework,unmatched,IT,Italy,,,,,,,,,unmatched
3762,eu_framework,review,IT,Italy,,,,,,,,,held_review_site_only
3763,eu_framework,safe_active,IT,Italy,https://ror.org/027ynra39,University of Bari Aldo Moro,active,3182351,Bari,Apulia,41.12066,16.86982,safe_active_exact_name_site_agreement
3764,eu_framework,safe_active,IT,Italy,https://ror.org/02mbd5571,University of Bergamo,active,3182164,Bergamo,Lombardy,45.69601,9.66721,safe_active_exact_name_site_agreement
3765,eu_framework,safe_active,IT,Italy,https://ror.org/01111rn36,University of Bologna,active,3181928,Bologna,Emilia-Romagna,44.49381,11.33875,safe_active_exact_name_site_agreement
3766,eu_framework,safe_active,IT,Italy,https://ror.org/02q2d2610,University of Brescia,active,3181554,Brescia,Lombardy,45.53558,10.21472,safe_active_exact_name_site_agreement
3767,eu_framework,safe_active,IT,Italy,https://ror.org/003109y17,University of Cagliari,active,2525473,Cagliari,Sardinia,39.23054,9.11917,safe_active_exact_name_site_agreement
3768,eu_framework,safe_active,IT,Italy,https://ror.org/02rc97e94,University of Calabria,active,2523623,Rende,Calabria,39.33154,16.18041,safe_active_exact_name_site_agreement
3769,eu_framework,safe_active,IT,Italy,https://ror.org/0005w8d69,Università di Camerino,active,3181094,Camerino,The Marches,43.13866,13.06785,safe_active_exact_name_site_agreement
3770,eu_framework,safe_active,IT,Italy,https://ror.org/04nxkaq16,Università degli studi di Cassino e del Lazio Meridionale,active,3179781,Cassino,Lazio,41.48581,13.82835,safe_active_exact_name_site_agreement
3771,eu_framework,safe_active,IT,Italy,https://ror.org/03a64bh57,University of Catania,active,2525068,Catania,Sicily,37.49223,15.07041,safe_active_exact_name_site_agreement
3772,eu_framework,review,IT,Italy,,,,,,,,,held_review_site_only
3773,eu_framework,unmatched,IT,Italy,,,,,,,,,unmatched
3774,eu_framework,safe_active,IT,Italy,https://ror.org/041zkgm14,University of Ferrara,active,3177090,Ferrara,Emilia-Romagna,44.83804,11.62057,safe_active_exact_name_site_agreement
3775,eu_framework,safe_active,IT,Italy,https://ror.org/04jr1s763,University of Florence,active,3176959,Florence,Tuscany,43.77925,11.24626,safe_active_exact_name_site_agreement
3776,eu_framework,safe_active,IT,Italy,https://ror.org/01xtv3204,University of Foggia,active,3176885,Foggia,Apulia,41.45845,15.55188,safe_active_exact_name_site_agreement
3777,eu_framework,safe_active,IT,Italy,https://ror.org/044npx850,University of Gastronomic Sciences,active,3181631,Bra,Piedmont,44.69776,7.85128,safe_active_exact_name_site_agreement
3778,eu_framework,safe_active,IT,Italy,https://ror.org/0107c5v14,University of Genoa,active,3176219,Genoa,Liguria,44.40478,8.94439,safe_active_exact_name_site_agreement
3779,eu_framework,safe_active,IT,Italy,https://ror.org/00s409261,University of Insubria,active,3164699,Varese,Lombardy,45.82058,8.82511,safe_active_exact_name_only
3780,eu_framework,review,IT,Italy,,,,,,,,,held_review_site_only
3781,eu_framework,review,IT,Italy,,,,,,,,,held_review_site_only
3782,eu_framework,unmatched,IT,Italy,,,,,,,,,unmatched
3783,eu_framework,safe_active,IT,Italy,https://ror.org/0001fmy77,University of Macerata,active,3174380,Macerata,The Marches,43.29789,13.45293,safe_active_exact_name_site_agreement
3784,eu_framework,safe_active,IT,Italy,https://ror.org/05ctdxz19,University of Messina,active,2524170,Messina,Sicily,38.19394,15.55256,safe_active_exact_name_site_agreement
3785,eu_framework,safe_active,IT,Italy,https://ror.org/00wjc7c48,University of Milan,active,3173435,Milan,Lombardy,45.46427,9.18951,safe_active_exact_name_site_agreement
3786,eu_framework,review,IT,Italy,,,,,,,,,held_review_site_only
3787,eu_framework,unmatched,IT,Italy,,,,,,,,,unmatched
3788,eu_framework,safe_active,IT,Italy,https://ror.org/04z08z627,University of Molise,active,3180991,Campobasso,Molise,41.55947,14.66737,safe_active_exact_name_site_agreement
3789,eu_framework,safe_active,IT,Italy,https://ror.org/05290cv24,University of Naples Federico II,active,3172394,Naples,Campania,40.85216,14.26811,safe_active_exact_name_site_agreement
3790,eu_framework,safe_active,IT,Italy,https://ror.org/00240q980,University of Padua,active,3171728,Padua,Veneto,45.40797,11.88586,safe_active_exact_name_site_agreement
3791,eu_framework,safe_active,IT,Italy,https://ror.org/044k9ta02,University of Palermo,active,2523920,Palermo,Sicily,38.1166,13.3636,safe_active_exact_name_site_agreement
3792,eu_framework,safe_active,IT,Italy,https://ror.org/02k7wn190,University of Parma,active,3171457,Parma,Emilia-Romagna,44.79935,10.32618,safe_active_exact_name_site_agreement
3793,eu_framework,safe_active,IT,Italy,https://ror.org/00s6t1f81,University of Pavia,active,3171366,Pavia,Lombardy,45.19205,9.15917,safe_active_exact_name_only
3794,eu_framework,safe_active,IT,Italy,https://ror.org/00x27da85,University of Perugia,active,3171180,Perugia,Umbria,43.1122,12.38878,safe_active_exact_name_site_agreement
3795,eu_framework,safe_active,IT,Italy,https://ror.org/03ad39j10,University of Pisa,active,3170647,Pisa,Tuscany,43.70853,10.4036,safe_active_exact_name_site_agreement
3796,eu_framework,safe_active,IT,Italy,https://ror.org/041sz8d87,University of Reggio Calabria,active,2523630,Reggio Calabria,Calabria,38.11047,15.66129,safe_active_exact_name_site_agreement
3797,eu_framework,review,IT,Italy,,,,,,,,,held_review_site_only
3798,eu_framework,review,IT,Italy,,,,,,,,,held_review_site_only
3799,eu_framework,safe_active,IT,Italy,https://ror.org/0192m2k53,University of Salerno,active,3176949,Fisciano,Campania,40.77175,14.79454,safe_active_exact_name_site_agreement
3800,eu_framework,safe_active,IT,Italy,https://ror.org/04vc81p87,University of Sannio,active,3182179,Benevento,Campania,41.1307,14.77816,safe_active_exact_name_site_agreement
3801,eu_framework,safe_active,IT,Italy,https://ror.org/01bnjbv91,University of Sassari,active,3167096,Sassari,Sardinia,40.72586,8.55552,safe_active_exact_name_site_agreement
3802,eu_framework,safe_active,IT,Italy,https://ror.org/01tevnk56,University of Siena,active,3166548,Siena,Tuscany,43.31822,11.33064,safe_active_exact_name_site_agreement
3803,eu_framework,safe_active,IT,Italy,https://ror.org/01yetye73,University of Teramo,active,3165803,Teramo,Abruzzo,42.66123,13.69901,safe_active_exact_name_site_agreement
3804,eu_framework,safe_active,IT,Italy,https://ror.org/05trd4x28,University of Trento,active,3165243,Trento,Trentino-Alto Adige,46.06787,11.12108,safe_active_exact_name_site_agreement
3805,eu_framework,safe_active,IT,Italy,https://ror.org/02n742c10,University of Trieste,active,3165185,Trieste,Friuli Venezia Giulia,45.64953,13.77678,safe_active_exact_name_only
3806,eu_framework,safe_active,IT,Italy,https://ror.org/048tbm396,University of Turin,active,3165524,Turin,Piedmont,45.07049,7.68682,safe_active_exact_name_site_agreement
3807,eu_framework,safe_active,IT,Italy,https://ror.org/05ht0mh31,University of Udine,active,3165072,Udine,Friuli Venezia Giulia,46.0693,13.23715,safe_active_exact_name_site_agreement
3808,eu_framework,safe_active,IT,Italy,https://ror.org/04q4kt073,University of Urbino,active,3165035,Urbino,The Marches,43.72621,12.63633,safe_active_exact_name_site_agreement
3809,eu_framework,review,IT,Italy,,,,,,,,,held_review_site_only
3810,eu_framework,safe_active,IT,Italy,https://ror.org/039bp8j42,University of Verona,active,3164527,Verona,Veneto,45.43854,10.9938,safe_active_exact_name_site_agreement
3811,eu_framework,review,IT,Italy,,,,,,,,,held_review_site_only
3812,eu_framework,unmatched,IT,Italy,,,,,,,,,unmatched
3846,fta_partner,safe_active,JP,Japan,https://ror.org/03zrfs389,Aichi Bunkyo University,active,1858926,Komaki,Aichi,35.28333,136.91667,safe_active_exact_name_site_agreement
3847,fta_partner,safe_active,JP,Japan,https://ror.org/01rwx7470,Aichi Gakuin University,active,1856057,Nagoya,Aichi,35.18147,136.90641,safe_active_exact_name_only
3848,fta_partner,safe_active,JP,Japan,https://ror.org/03bktwf13,Aichi Gakusen University,active,1849814,Toyota,Aichi,35.08333,137.15,safe_active_exact_name_site_agreement
3849,fta_partner,safe_active,JP,Japan,https://ror.org/02qsepw74,Aichi Institute of Technology,active,1849814,Toyota,Aichi,35.08333,137.15,safe_active_exact_name_only
3850,fta_partner,review,JP,Japan,,,,,,,,,held_site_name_conflict
3851,fta_partner,safe_active,JP,Japan,https://ror.org/047n0b268,Aichi Prefectural University,active,1856057,Nagoya,Aichi,35.18147,136.90641,safe_active_exact_name_site_agreement
3852,fta_partner,safe_active,JP,Japan,https://ror.org/01r4khx38,Aichi Prefectural University of Fine Arts and Music,active,1854376,Okazaki,Aichi,34.95,137.16667,safe_active_exact_name_site_agreement
3853,fta_partner,safe_active,JP,Japan,https://ror.org/05f0cs849,Aichi Sangyo University,active,1854376,Okazaki,Aichi,34.95,137.16667,safe_active_exact_name_site_agreement
3854,fta_partner,safe_active,JP,Japan,https://ror.org/00z9wtp09,Aichi Shukutoku University,active,11611613,Nagakute,Aichi,35.17325,137.05667,safe_active_exact_name_site_agreement
3855,fta_partner,safe_active,JP,Japan,https://ror.org/0172hvg27,Aichi University,active,1849846,Toyohashi,Aichi,34.76667,137.38333,safe_active_exact_name_site_agreement
3856,fta_partner,safe_active,JP,Japan,https://ror.org/03m964n84,Aichi University of Education,active,1860034,Kariya,Aichi,34.98333,136.98333,safe_active_exact_name_site_agreement
3857,fta_partner,safe_active,JP,Japan,https://ror.org/05ga5zc50,Aikoku Gakuen University,active,2110480,Yotsukaidō,Chiba,35.65,140.16667,safe_active_exact_name_site_agreement
3858,fta_partner,safe_active,JP,Japan,https://ror.org/03hv1ad10,Akita University,active,2113126,Akita,Akita,39.71667,140.11667,safe_active_exact_name_site_agreement
3859,fta_partner,unmatched,JP,Japan,,,,,,,,,unmatched
3860,fta_partner,unmatched,JP,Japan,,,,,,,,,unmatched
3861,fta_partner,review,JP,Japan,,,,,,,,,held_review_site_only
3862,fta_partner,safe_active,JP,Japan,https://ror.org/029zx7z39,Aomori Public University,active,2130658,Aomori,Aomori,40.81667,140.73333,safe_active_exact_name_site_agreement
3863,fta_partner,safe_active,JP,Japan,https://ror.org/040qhpb54,Aomori University,active,2130658,Aomori,Aomori,40.81667,140.73333,safe_active_exact_name_site_agreement
3864,fta_partner,safe_active,JP,Japan,https://ror.org/020sa1s57,Aomori University of Health and Welfare,active,2130658,Aomori,Aomori,40.81667,140.73333,safe_active_exact_name_site_agreement
3865,fta_partner,safe_active,JP,Japan,https://ror.org/002rw7y37,Aoyama Gakuin University,active,1850147,Tokyo,Tokyo,35.6895,139.69171,safe_active_exact_name_site_agreement
3866,fta_partner,review,JP,Japan,,,,,,,,,held_review_site_only
3867,fta_partner,safe_active,JP,Japan,https://ror.org/03vgqy581,Asahikawa University,active,2130629,Asahikawa,Hokkaido,43.77063,142.36489,safe_active_exact_name_site_agreement
3868,fta_partner,safe_active,JP,Japan,https://ror.org/05epcpp46,Asahi University,active,1863641,Gifu,Gifu,35.42291,136.76039,safe_active_exact_name_site_agreement
3869,fta_partner,review,JP,Japan,,,,,,,,,held_review_site_only
3870,fta_partner,safe_active,JP,Japan,https://ror.org/056fhh809,Ashiya University,active,1864985,Ashiya,Hyōgo,34.72807,135.30264,safe_active_exact_name_site_agreement
3871,fta_partner,safe_active,JP,Japan,https://ror.org/01cyq8n55,Asia University,active,1856367,Musashino,Tokyo,35.70611,139.55944,safe_active_exact_name_site_agreement
3872,fta_partner,review,JP,Japan,,,,,,,,,held_review_site_only
3873,fta_partner,safe_active,JP,Japan,https://ror.org/00wzjq897,Azabu University,active,11611609,Sagamihara,Kanagawa,35.56707,139.24167,safe_active_exact_name_site_agreement
3874,fta_partner,review,JP,Japan,,,,,,,,,held_review_site_only
3875,fta_partner,review,JP,Japan,,,,,,,,,held_review_site_only
3876,fta_partner,safe_active,JP,Japan,https://ror.org/05j412v70,Beppu University,active,1864750,Beppu,Oita,33.27945,131.49751,safe_active_exact_name_site_agreement
3877,fta_partner,safe_active,JP,Japan,https://ror.org/04629sk87,Bukkyo University,active,1857910,Kyoto,Kyoto,35.02107,135.75385,safe_active_exact_name_site_agreement
3878,fta_partner,unmatched,JP,Japan,,,,,,,,,unmatched
3879,fta_partner,safe_active,JP,Japan,https://ror.org/053h75930,Bunkyo University,active,1850147,Tokyo,Tokyo,35.6895,139.69171,safe_active_exact_name_site_agreement
3880,fta_partner,safe_active,JP,Japan,https://ror.org/00qwnam72,Chiba Institute of Technology,active,11612347,Narashino,Chiba,35.68184,140.04152,safe_active_exact_name_site_agreement
3881,fta_partner,safe_active,JP,Japan,https://ror.org/05540h853,Chiba Keizai University,active,2113015,Chiba,Chiba,35.6,140.11667,safe_active_exact_name_site_agreement
3882,fta_partner,safe_active,JP,Japan,https://ror.org/01hjzeq58,Chiba University,active,2113015,Chiba,Chiba,35.6,140.11667,safe_active_exact_name_site_agreement
3883,fta_partner,safe_active,JP,Japan,https://ror.org/02qn0vb48,Chiba University of Commerce,active,10913492,Ichikawa-minami,Chiba,35.72634,139.90392,safe_active_exact_name_site_agreement
3884,fta_partner,safe_active,JP,Japan,https://ror.org/05w6dwp35,Chikushi Jogakuen University,active,7422816,Dazaifu,Fukuoka,33.51278,130.52389,safe_active_exact_name_only
3885,fta_partner,review,JP,Japan,,,,,,,,,held_review_shared_site_only
3886,fta_partner,safe_active,JP,Japan,https://ror.org/02sps0775,Chubu University,active,1859891,Kasugai,Aichi,35.24762,136.97229,safe_active_exact_name_site_agreement
3887,fta_partner,safe_active,JP,Japan,https://ror.org/02saqjz85,Chukyo Gakuin University,active,1855753,Nakatsugawa,Gifu,35.48333,137.5,safe_active_exact_name_site_agreement
3888,fta_partner,safe_active,JP,Japan,https://ror.org/04ajrmg05,Chukyo University,active,1856057,Nagoya,Aichi,35.18147,136.90641,safe_active_exact_name_site_agreement
3889,fta_partner,review,JP,Japan,,,,,,,,,held-alias-without-clean-domain-agreement
3890,fta_partner,safe_active,JP,Japan,https://ror.org/03zfwg795,Chuo Gakuin University,active,2113164,Abiko,Chiba,35.86667,140.01667,safe_active_exact_name_site_agreement
3891,fta_partner,safe_active,JP,Japan,https://ror.org/03qvqb743,Chuo University,active,1863440,Hachiōji,Tokyo,35.65583,139.32389,safe_active_exact_name_site_agreement
3892,fta_partner,review,JP,Japan,,,,,,,,,held_review_site_only
3893,fta_partner,review,JP,Japan,,,,,,,,,held_review_site_only
3894,fta_partner,review,JP,Japan,,,,,,,,,held_review_site_only
3895,fta_partner,unmatched,JP,Japan,,,,,,,,,unmatched
3896,fta_partner,safe_active,JP,Japan,https://ror.org/05cw8ax51,Daito Bunka University,active,1850147,Tokyo,Tokyo,35.6895,139.69171,safe_active_exact_name_site_agreement
3897,fta_partner,safe_active,JP,Japan,https://ror.org/026j13a09,Doho University,active,1856057,Nagoya,Aichi,35.18147,136.90641,safe_active_exact_name_site_agreement
3898,fta_partner,unmatched,JP,Japan,,,,,,,,,unmatched
3899,fta_partner,safe_active,JP,Japan,https://ror.org/01vj3cz23,Dokkyo University,active,6940394,Saitama,Saitama,35.90807,139.65657,safe_active_exact_name_site_agreement
3900,fta_partner,review,JP,Japan,,,,,,,,,held_review_site_only
3901,fta_partner,safe_active,JP,Japan,https://ror.org/01fxdkm29,Doshisha University,active,1857910,Kyoto,Kyoto,35.02107,135.75385,safe_active_exact_name_site_agreement
3902,fta_partner,safe_active,JP,Japan,https://ror.org/02p6jga18,Doshisha Women's College of Liberal Arts,active,1857910,Kyoto,Kyoto,35.02107,135.75385,safe_active_exact_name_site_agreement
3903,fta_partner,safe_active,JP,Japan,https://ror.org/03y8n3k44,Edogawa University,active,1856184,Nagareyama,Chiba,35.8563,139.90266,safe_active_exact_name_site_agreement
3904,fta_partner,safe_active,JP,Japan,https://ror.org/017hkng22,Ehime University,active,1926099,Matsuyama,Ehime,33.83916,132.76574,safe_active_exact_name_site_agreement
3905,fta_partner,inactive_history,JP,Japan,,,,,,,,,held_inactive_exact_name
3906,fta_partner,safe_active,JP,Japan,https://ror.org/05yk27p37,Elisabeth University of Music,active,1862415,Hiroshima,Hiroshima,34.4,132.45,safe_active_exact_name_site_agreement
3907,fta_partner,safe_active,JP,Japan,https://ror.org/0314zyy82,Ferris University,active,1848354,Yokohama,Kanagawa,35.43333,139.65,safe_active_exact_name_site_agreement
3908,fta_partner,safe_active,JP,Japan,https://ror.org/046f6cx68,Fujita Health University,active,6822210,Toyoake,Aichi,35.038,136.99931,safe_active_exact_name_site_agreement
3909,fta_partner,safe_active,JP,Japan,https://ror.org/00dgyv454,Fuji University,active,2112823,Hanamaki,Iwate,39.38333,141.11667,safe_active_exact_name_only
3910,fta_partner,review,JP,Japan,,,,,,,,,held_review_site_only
3911,fta_partner,unmatched,JP,Japan,,,,,,,,,unmatched
3912,fta_partner,safe_active,JP,Japan,https://ror.org/02c3vg160,Fukui Prefectural University,active,1863985,Fukui-shi,Fukui,36.06443,136.22257,safe_active_exact_name_site_agreement
3913,fta_partner,unmatched,JP,Japan,,,,,,,,,unmatched
3914,fta_partner,safe_active,JP,Japan,https://ror.org/01tm0rr86,Fukui University of Technology,active,1863985,Fukui-shi,Fukui,36.06443,136.22257,safe_active_exact_name_site_agreement
3915,fta_partner,safe_active,JP,Japan,https://ror.org/04zkc6t29,Fukuoka Dental College,active,1863967,Fukuoka,Fukuoka,33.6,130.41667,safe_active_exact_name_site_agreement
3916,fta_partner,safe_active,JP,Japan,https://ror.org/00bmxak18,Fukuoka Institute of Technology,active,1863967,Fukuoka,Fukuoka,33.6,130.41667,safe_active_exact_name_site_agreement
3917,fta_partner,inactive_history,JP,Japan,,,,,,,,,held_inactive_exact_name
3918,fta_partner,safe_active,JP,Japan,https://ror.org/014jyaw47,Fukuoka Prefectural University,active,1851273,Tagawa,Fukuoka,33.63333,130.8,safe_active_exact_name_site_agreement
3919,fta_partner,safe_active,JP,Japan,https://ror.org/04nt8b154,Fukuoka University,active,1863967,Fukuoka,Fukuoka,33.6,130.41667,safe_active_exact_name_site_agreement
3920,fta_partner,review,JP,Japan,,,,,,,,,held_review_site_only
3921,fta_partner,safe_active,JP,Japan,https://ror.org/00skwgg83,Fukuoka Women's University,active,1863967,Fukuoka,Fukuoka,33.6,130.41667,safe_active_exact_name_site_agreement
3922,fta_partner,review,JP,Japan,,,,,,,,,held_review_site_only
3923,fta_partner,safe_active,JP,Japan,https://ror.org/03zjb7z20,Fukushima University,active,2112923,Fukushima,Fukushima,37.75,140.46667,safe_active_exact_name_site_agreement
3924,fta_partner,safe_active,JP,Japan,https://ror.org/01exjg943,Fukuyama Heisei University,active,1863917,Fukuyama,Hiroshima,34.48333,133.36667,safe_active_exact_name_site_agreement
3925,fta_partner,safe_active,JP,Japan,https://ror.org/00mrjbj15,Fukuyama University,active,1863917,Fukuyama,Hiroshima,34.48333,133.36667,safe_active_exact_name_site_agreement
3926,fta_partner,review,JP,Japan,,,,,,,,,held_site_name_conflict
3927,fta_partner,review,JP,Japan,,,,,,,,,held-alias-without-clean-domain-agreement
3928,fta_partner,safe_active,JP,Japan,https://ror.org/0372t5741,Gifu Pharmaceutical University,active,1863641,Gifu,Gifu,35.42291,136.76039,safe_active_exact_name_site_agreement
3929,fta_partner,safe_active,JP,Japan,https://ror.org/05tvatp40,Gifu Shotoku Gakuen University,active,1863641,Gifu,Gifu,35.42291,136.76039,safe_active_exact_name_site_agreement
3930,fta_partner,safe_active,JP,Japan,https://ror.org/024exxj48,Gifu University,active,1863641,Gifu,Gifu,35.42291,136.76039,safe_active_exact_name_site_agreement
3931,fta_partner,unmatched,JP,Japan,,,,,,,,,unmatched
3932,fta_partner,safe_active,JP,Japan,https://ror.org/059pgr720,Gifu Women's University,active,1863641,Gifu,Gifu,35.42291,136.76039,safe_active_exact_name_only
3933,fta_partner,review,JP,Japan,,,,,,,,,held_review_site_only
3934,fta_partner,safe_active,JP,Japan,https://ror.org/016hp9x85,Gunma Prefectural Women's University,active,1850746,Tamamura,Gunma,36.3,139.11667,safe_active_exact_name_site_agreement
3935,fta_partner,safe_active,JP,Japan,https://ror.org/046fm7598,Gunma University,active,1857843,Maebashi,Gunma,36.4,139.08333,safe_active_exact_name_site_agreement
3936,fta_partner,safe_active,JP,Japan,https://ror.org/05wj18248,Hachinohe Institute of Technology,active,2130203,Hachinohe,Aomori,40.5,141.5,safe_active_exact_name_site_agreement
3937,fta_partner,safe_active,JP,Japan,https://ror.org/0445d5g14,Hachinohe Gakuin University,active,2130203,Hachinohe,Aomori,40.5,141.5,safe_active_exact_name_site_agreement
3938,fta_partner,safe_active,JP,Japan,https://ror.org/01sgknf35,Hakodate University,active,2130188,Hakodate,Hokkaido,41.77583,140.73667,safe_active_exact_name_site_agreement
3939,fta_partner,safe_active,JP,Japan,https://ror.org/05vkk5g69,Hakuoh University,active,1853483,Oyama,Tochigi,36.3,139.8,safe_active_exact_name_only
3940,fta_partner,safe_active,JP,Japan,https://ror.org/057vy9683,Hamamatsu University,active,1863289,Hamamatsu,Shizuoka,34.7,137.73333,safe_active_exact_name_site_agreement
3941,fta_partner,safe_active,JP,Japan,https://ror.org/00ndx3g44,Hamamatsu University School of Medicine,active,1863289,Hamamatsu,Shizuoka,34.7,137.73333,safe_active_exact_name_site_agreement
3942,fta_partner,safe_active,JP,Japan,https://ror.org/02wm03a77,Hanazono University,active,1857910,Kyoto,Kyoto,35.02107,135.75385,safe_active_exact_name_site_agreement
3943,fta_partner,safe_active,JP,Japan,https://ror.org/04jb7yj10,Hannan University,active,1857568,Matsubara,Osaka,34.56667,135.55,safe_active_exact_name_site_agreement
3944,fta_partner,safe_active,JP,Japan,https://ror.org/03mkcyk72,Heisei International University,active,1859586,Kazo,Saitama,36.11667,139.6,safe_active_exact_name_site_agreement
3945,fta_partner,safe_active,JP,Japan,https://ror.org/048633e68,Higashi Nippon International University,active,2112539,Iwaki,Fukushima,37.05,140.88333,safe_active_exact_name_only
3946,fta_partner,safe_active,JP,Japan,https://ror.org/00f5esq17,Hijiyama University,active,1862415,Hiroshima,Hiroshima,34.4,132.45,safe_active_exact_name_site_agreement
3947,fta_partner,safe_active,JP,Japan,https://ror.org/011xca688,Himeji Dokkyo University,active,1862627,Himeji,Hyōgo,34.81667,134.7,safe_active_exact_name_site_agreement
3948,fta_partner,unmatched,JP,Japan,,,,,,,,,unmatched
3949,fta_partner,safe_active,JP,Japan,https://ror.org/01hq9q866,Hirosaki Gakuin University,active,2130658,Aomori,Aomori,40.81667,140.73333,safe_active_exact_name_site_agreement
3950,fta_partner,safe_active,JP,Japan,https://ror.org/02syg0q74,Hirosaki University,active,2130057,Hirosaki,Aomori,40.59306,140.4725,safe_active_exact_name_site_agreement
3951,fta_partner,review,JP,Japan,,,,,,,,,held_review_site_only
3952,fta_partner,safe_active,JP,Japan,https://ror.org/001et4e78,Hiroshima City University,active,1862415,Hiroshima,Hiroshima,34.4,132.45,safe_active_exact_name_site_agreement
3953,fta_partner,safe_active,JP,Japan,https://ror.org/02bwkwm60,Hiroshima Institute of Technology,active,1862415,Hiroshima,Hiroshima,34.4,132.45,safe_active_exact_name_only
3954,fta_partner,safe_active,JP,Japan,https://ror.org/03dk6an77,Hiroshima International University,active,1858296,Kure,Hiroshima,34.23222,132.56658,safe_active_exact_name_site_agreement
3955,fta_partner,safe_active,JP,Japan,https://ror.org/02yypjn06,Hiroshima Jogakuin University,active,1862415,Hiroshima,Hiroshima,34.4,132.45,safe_active_exact_name_site_agreement
3956,fta_partner,safe_active,JP,Japan,https://ror.org/00mns7418,Hiroshima Kokusai Gakuin University,active,1862415,Hiroshima,Hiroshima,34.4,132.45,safe_active_exact_name_site_agreement
3957,fta_partner,unmatched,JP,Japan,,,,,,,,,unmatched
3958,fta_partner,safe_active,JP,Japan,https://ror.org/05n757p35,Hiroshima Shudo University,active,1862415,Hiroshima,Hiroshima,34.4,132.45,safe_active_exact_name_site_agreement
3959,fta_partner,safe_active,JP,Japan,https://ror.org/03t78wx29,Hiroshima University,active,1862415,Hiroshima,Hiroshima,34.4,132.45,safe_active_exact_name_site_agreement
3960,fta_partner,safe_active,JP,Japan,https://ror.org/027b58k10,Hiroshima University of Economics,active,1862415,Hiroshima,Hiroshima,34.4,132.45,safe_active_exact_name_site_agreement
3961,fta_partner,unmatched,JP,Japan,,,,,,,,,unmatched
3962,fta_partner,safe_active,JP,Japan,https://ror.org/04jqj7p05,Hitotsubashi University,active,1850147,Tokyo,Tokyo,35.6895,139.69171,safe_active_exact_name_site_agreement
3963,fta_partner,safe_active,JP,Japan,https://ror.org/00nyxpe17,Hokkaido Information University,active,2130404,Ebetsu,Hokkaido,43.10806,141.55056,safe_active_exact_name_site_agreement
3964,fta_partner,review,JP,Japan,,,,,,,,,held_review_site_only
3965,fta_partner,unmatched,JP,Japan,,,,,,,,,unmatched
3966,fta_partner,review,JP,Japan,,,,,,,,,held_review_site_only
3967,fta_partner,safe_active,JP,Japan,https://ror.org/02e16g702,Hokkaido University,active,2128295,Sapporo,Hokkaido,43.06667,141.35,safe_active_exact_name_only
3968,fta_partner,safe_active,JP,Japan,https://ror.org/02gn38d51,Hokkaido University of Education,active,2128295,Sapporo,Hokkaido,43.06667,141.35,safe_active_exact_name_only
3969,fta_partner,review,JP,Japan,,,,,,,,,held_review_site_only
3970,fta_partner,unmatched,JP,Japan,,,,,,,,,unmatched
3971,fta_partner,unmatched,JP,Japan,,,,,,,,,unmatched
3972,fta_partner,safe_active,JP,Japan,https://ror.org/04wcpjy25,Hokuriku University,active,1860243,Kanazawa,Ishikawa,36.6,136.61667,safe_active_exact_name_site_agreement
3973,fta_partner,safe_active,JP,Japan,https://ror.org/02mqbt594,Hokusei Gakuen University,active,2128295,Sapporo,Hokkaido,43.06667,141.35,safe_active_exact_name_site_agreement
3974,fta_partner,safe_active,JP,Japan,https://ror.org/00bx6dj65,Hosei University,active,1850147,Tokyo,Tokyo,35.6895,139.69171,safe_active_exact_name_site_agreement
3975,fta_partner,safe_active,JP,Japan,https://ror.org/01mrvbd33,Hoshi University,active,1850147,Tokyo,Tokyo,35.6895,139.69171,safe_active_exact_name_site_agreement
3976,fta_partner,safe_active,JP,Japan,https://ror.org/001yc7927,Hyogo Medical University,active,1855207,Nishinomiya,Hyōgo,34.71562,135.33199,safe_active_exact_name_site_agreement
3977,fta_partner,safe_active,JP,Japan,https://ror.org/024pdem44,Hyogo University,active,1860704,Kakogawa,Hyōgo,34.76943,134.82905,safe_active_exact_name_site_agreement
3978,fta_partner,review,JP,Japan,,,,,,,,,held_review_site_only
3979,fta_partner,review,JP,Japan,,,,,,,,,held_review_site_only
3980,fta_partner,safe_active,JP,Japan,https://ror.org/04vgkzj18,Ibaraki Prefectural University of Health Sciences,active,2113115,Ami,Ibaraki,36.03333,140.2,safe_active_exact_name_site_agreement
3981,fta_partner,safe_active,JP,Japan,https://ror.org/00sjd5653,Ibaraki University,active,1862033,Ibaraki,Osaka,34.81641,135.56828,safe_active_exact_name_site_agreement
3982,fta_partner,safe_active,JP,Japan,https://ror.org/00m007a06,Shitennoji University,active,1853909,Osaka,Osaka,34.69379,135.50107,safe_active_exact_name_site_agreement
3983,fta_partner,safe_active,JP,Japan,https://ror.org/004th3s59,International Budo University,active,2112309,Katsuura,Chiba,35.14621,140.31507,safe_active_exact_name_site_agreement
3984,fta_partner,safe_active,JP,Japan,https://ror.org/01cg0k189,International Christian University,active,1850147,Tokyo,Tokyo,35.6895,139.69171,safe_active_exact_name_site_agreement
3985,fta_partner,safe_active,JP,Japan,https://ror.org/053d3tv41,International University of Health and Welfare,active,2111325,Ōtawara,Tochigi,36.86667,140.03333,safe_active_exact_name_site_agreement
3986,fta_partner,safe_active,JP,Japan,https://ror.org/010996a78,International University of Japan,active,1855431,Niigata,Niigata,37.92259,139.04125,safe_active_exact_name_site_agreement
3987,fta_partner,safe_active,JP,Japan,https://ror.org/01h6cr239,International University of Kagoshima,active,1860827,Kagoshima,Kagoshima,31.56667,130.55,safe_active_exact_name_site_agreement
3988,fta_partner,safe_active,JP,Japan,https://ror.org/03qg42k57,Ishinomaki Senshu University,active,2112576,Ishinomaki,Miyagi,38.41667,141.3,safe_active_exact_name_only
3989,fta_partner,review,JP,Japan,,,,,,,,,held-alias-without-clean-domain-agreement
3990,fta_partner,safe_active,JP,Japan,https://ror.org/04cybtr86,Iwate Medical University,active,2111834,Morioka,Iwate,39.7,141.15,safe_active_exact_name_site_agreement
3991,fta_partner,safe_active,JP,Japan,https://ror.org/054dx8336,Iwate Prefectural University,active,11611224,Takizawa,Iwate,39.8028,141.13466,safe_active_exact_name_site_agreement
3992,fta_partner,safe_active,JP,Japan,https://ror.org/04cd75h10,Iwate University,active,2111834,Morioka,Iwate,39.7,141.15,safe_active_exact_name_site_agreement
3993,fta_partner,safe_active,JP,Japan,https://ror.org/03frj4r98,Japan Advanced Institute of Science and Technology,active,7467882,Nomi Shi,Ishikawa,36.43593,136.54456,safe_active_exact_name_site_agreement
3994,fta_partner,safe_active,JP,Japan,https://ror.org/04whwem28,Japan College of Social Work,active,1850147,Tokyo,Tokyo,35.6895,139.69171,safe_active_exact_name_only
3995,fta_partner,safe_active,JP,Japan,https://ror.org/00g0t4m04,Japanese Red Cross College of Nursing,active,1850147,Tokyo,Tokyo,35.6895,139.69171,safe_active_exact_name_site_agreement
3996,fta_partner,safe_active,JP,Japan,https://ror.org/04gpcyk21,Japan Women's University,active,1850147,Tokyo,Tokyo,35.6895,139.69171,safe_active_exact_name_site_agreement
3997,fta_partner,review,JP,Japan,,,,,,,,,held_review_site_only
3998,fta_partner,safe_active,JP,Japan,https://ror.org/039ygjf22,Jikei University School of Medicine,active,1850147,Tokyo,Tokyo,35.6895,139.69171,safe_active_exact_name_site_agreement
3999,fta_partner,safe_active,JP,Japan,https://ror.org/01k9bj230,Jissen Women's University,active,1862599,Hino,Tokyo,35.67306,139.40028,safe_active_exact_name_site_agreement
4000,fta_partner,safe_active,JP,Japan,https://ror.org/022b6b871,Jobu University,active,1861436,Isesaki,Gunma,36.31667,139.2,safe_active_exact_name_site_agreement
4001,fta_partner,safe_active,JP,Japan,https://ror.org/02xjxgz53,Joetsu University of Education,active,6825489,Jōetsu,Niigata,37.14828,138.23642,safe_active_exact_name_site_agreement
4002,fta_partner,safe_active,JP,Japan,https://ror.org/039pch476,Josai International University,active,2110774,Tōgane,Chiba,35.55,140.36667,safe_active_exact_name_site_agreement
4003,fta_partner,safe_active,JP,Japan,https://ror.org/021r6aq66,Josai University,active,6940394,Saitama,Saitama,35.90807,139.65657,safe_active_exact_name_site_agreement
4004,fta_partner,safe_active,JP,Japan,https://ror.org/01692sz90,Juntendo University,active,1850147,Tokyo,Tokyo,35.6895,139.69171,safe_active_exact_name_site_agreement
4005,fta_partner,review,JP,Japan,,,,,,,,,held_review_site_only
4006,fta_partner,unmatched,JP,Japan,,,,,,,,,unmatched
4007,fta_partner,safe_active,JP,Japan,https://ror.org/04j7mzp05,Kagawa University,active,1851100,Takamatsu,Kagawa,34.33333,134.05,safe_active_exact_name_site_agreement
4008,fta_partner,safe_active,JP,Japan,https://ror.org/02sqfdy44,Kagoshima Immaculate Heart University,active,1852736,Sendai,Kagoshima,31.81667,130.3,safe_active_exact_name_only
4009,fta_partner,safe_active,JP,Japan,https://ror.org/03ss88z23,Kagoshima University,active,1860827,Kagoshima,Kagoshima,31.56667,130.55,safe_active_exact_name_site_agreement
4010,fta_partner,unmatched,JP,Japan,,,,,,,,,unmatched
4011,fta_partner,review,JP,Japan,,,,,,,,,held_review_shared_site_only
4012,fta_partner,unmatched,JP,Japan,,,,,,,,,unmatched
4013,fta_partner,safe_active,JP,Japan,https://ror.org/007gj5v75,Kanagawa Institute of Technology,active,1847963,Atsugi,Kanagawa,35.44272,139.36931,safe_active_exact_name_only
4014,fta_partner,safe_active,JP,Japan,https://ror.org/02j6c0d67,Kanagawa University,active,1848354,Yokohama,Kanagawa,35.43333,139.65,safe_active_exact_name_site_agreement
4015,fta_partner,safe_active,JP,Japan,https://ror.org/00nv3pd93,Kanazawa College of Art,active,1860243,Kanazawa,Ishikawa,36.6,136.61667,safe_active_exact_name_site_agreement
4016,fta_partner,unmatched,JP,Japan,,,,,,,,,unmatched
4017,fta_partner,safe_active,JP,Japan,https://ror.org/00cnme797,Kanazawa Gakuin University,active,1860243,Kanazawa,Ishikawa,36.6,136.61667,safe_active_exact_name_site_agreement
4018,fta_partner,safe_active,JP,Japan,https://ror.org/02ws33e43,Kanazawa Institute of Technology,active,1854979,Nonoichi,Ishikawa,36.53333,136.61667,safe_active_exact_name_site_agreement
4019,fta_partner,safe_active,JP,Japan,https://ror.org/0535cbe18,Kanazawa Medical University,active,1860243,Kanazawa,Ishikawa,36.6,136.61667,safe_active_exact_name_site_agreement
4020,fta_partner,safe_active,JP,Japan,https://ror.org/02hwp6a56,Kanazawa University,active,1860243,Kanazawa,Ishikawa,36.6,136.61667,safe_active_exact_name_site_agreement
4021,fta_partner,safe_active,JP,Japan,https://ror.org/04hx9jj82,Kanda University of International Studies,active,2113015,Chiba,Chiba,35.6,140.11667,safe_active_exact_name_only
4022,fta_partner,safe_active,JP,Japan,https://ror.org/05t0s7273,Kansai Gaidai University,active,1862540,Hirakata,Osaka,34.81352,135.64914,safe_active_exact_name_only
4023,fta_partner,safe_active,JP,Japan,https://ror.org/001xjdh50,Kansai Medical University,active,1853909,Osaka,Osaka,34.69379,135.50107,safe_active_exact_name_site_agreement
4024,fta_partner,safe_active,JP,Japan,https://ror.org/03xg1f311,Kansai University,active,1851483,Suita,Osaka,34.76143,135.51567,safe_active_exact_name_site_agreement
4025,fta_partner,safe_active,JP,Japan,https://ror.org/00nthvx56,Kansai University of International Studies,active,1857276,Miki,Hyōgo,34.8,134.98333,safe_active_exact_name_site_agreement
4026,fta_partner,safe_active,JP,Japan,https://ror.org/007avbc90,Kansai University of Social Welfare,active,1865412,Kariya,Hyōgo,34.75136,134.38734,safe_active_exact_name_site_agreement
4027,fta_partner,safe_active,JP,Japan,https://ror.org/03nw47j70,Kanto Gakuen University,active,1853677,Ōta,Gunma,36.3,139.36667,safe_active_exact_name_site_agreement
4028,fta_partner,safe_active,JP,Japan,https://ror.org/041bf1s37,Kanto Gakuin University,active,1848354,Yokohama,Kanagawa,35.43333,139.65,safe_active_exact_name_site_agreement
4029,fta_partner,review,JP,Japan,,,,,,,,,held_review_site_only
4030,fta_partner,safe_active,JP,Japan,https://ror.org/059z11218,Kawasaki Medical School,active,1858311,Kurashiki,Okayama,34.58333,133.76667,safe_active_exact_name_site_agreement
4031,fta_partner,review,JP,Japan,,,,,,,,,held_review_shared_site_only
4032,fta_partner,safe_active,JP,Japan,https://ror.org/056nwn519,Keiai University,active,2113015,Chiba,Chiba,35.6,140.11667,safe_active_exact_name_site_agreement
4033,fta_partner,safe_active,JP,Japan,https://ror.org/02kn6nx58,Keio University,active,1850147,Tokyo,Tokyo,35.6895,139.69171,safe_active_exact_name_site_agreement
4034,fta_partner,review,JP,Japan,,,,,,,,,held_review_site_only
4035,fta_partner,safe_active,JP,Japan,https://ror.org/026q96n20,Keiwa College,active,1852607,Shibata,Niigata,37.95,139.33333,safe_active_exact_name_site_agreement
4036,fta_partner,safe_active,JP,Japan,https://ror.org/02xmq6r77,Kibi International University,active,1851137,Takahashi,Okayama,34.78333,133.61667,safe_active_exact_name_only
4037,fta_partner,safe_active,JP,Japan,https://ror.org/0475w6974,Kinjo Gakuin University,active,1856057,Nagoya,Aichi,35.18147,136.90641,safe_active_exact_name_site_agreement
4038,fta_partner,safe_active,JP,Japan,https://ror.org/05kt9ap64,Kindai University,active,1853909,Osaka,Osaka,34.69379,135.50107,safe_active_exact_name_site_agreement
4039,fta_partner,review,JP,Japan,,,,,,,,,held_review_site_only
4040,fta_partner,safe_active,JP,Japan,https://ror.org/05wks2t16,Kitami Institute of Technology,active,2129537,Kitami,Hokkaido,43.80306,143.89083,safe_active_exact_name_site_agreement
4041,fta_partner,safe_active,JP,Japan,https://ror.org/00f2txz25,Kitasato University,active,1850147,Tokyo,Tokyo,35.6895,139.69171,safe_active_exact_name_only
4042,fta_partner,review,JP,Japan,,,,,,,,,held_review_site_only
4043,fta_partner,safe_active,JP,Japan,https://ror.org/023x0pn29,Kobe Design University,active,1859171,Kobe,Hyōgo,34.6913,135.183,safe_active_exact_name_only
4044,fta_partner,safe_active,JP,Japan,https://ror.org/018v0zv10,Kobe Gakuin University,active,1859171,Kobe,Hyōgo,34.6913,135.183,safe_active_exact_name_site_agreement
4045,fta_partner,safe_active,JP,Japan,https://ror.org/01xy1dh32,Kobe International University,active,1859171,Kobe,Hyōgo,34.6913,135.183,safe_active_exact_name_site_agreement
4046,fta_partner,review,JP,Japan,,,,,,,,,held_review_site_only
4047,fta_partner,safe_active,JP,Japan,https://ror.org/00088z429,Kobe Pharmaceutical University,active,1859171,Kobe,Hyōgo,34.6913,135.183,safe_active_exact_name_site_agreement
4048,fta_partner,safe_active,JP,Japan,https://ror.org/00xwryd04,Kobe Shinwa Women's University,active,1859171,Kobe,Hyōgo,34.6913,135.183,safe_active_exact_name_site_agreement
4049,fta_partner,safe_active,JP,Japan,https://ror.org/03bwsp312,Kobe Shoin Women's University,active,1859171,Kobe,Hyōgo,34.6913,135.183,safe_active_exact_name_site_agreement
4050,fta_partner,safe_active,JP,Japan,https://ror.org/03tgsfw79,Kobe University,active,1859171,Kobe,Hyōgo,34.6913,135.183,safe_active_exact_name_site_agreement
4051,fta_partner,unmatched,JP,Japan,,,,,,,,,unmatched
4052,fta_partner,safe_active,JP,Japan,https://ror.org/04g3avw65,Kobe Women's University,active,1859171,Kobe,Hyōgo,34.6913,135.183,safe_active_exact_name_only
4053,fta_partner,unmatched,JP,Japan,,,,,,,,,unmatched
4054,fta_partner,review,JP,Japan,,,,,,,,,held_review_site_only
4055,fta_partner,safe_active,JP,Japan,https://ror.org/00rghrr56,Kochi University of Technology,active,1859146,Kochi,Kochi,33.55,133.53333,safe_active_exact_name_site_agreement
4056,fta_partner,review,JP,Japan,,,,,,,,,held-alias-without-clean-domain-agreement
4057,fta_partner,safe_active,JP,Japan,https://ror.org/02y6r1c45,Kogakkan University,active,1861450,Ise,Mie,34.48333,136.7,safe_active_exact_name_site_agreement
4058,fta_partner,safe_active,JP,Japan,https://ror.org/01wc2tq75,Kogakuin University,active,1850147,Tokyo,Tokyo,35.6895,139.69171,safe_active_exact_name_site_agreement
4059,fta_partner,review,JP,Japan,,,,,,,,,held_review_shared_site_only
4060,fta_partner,safe_active,JP,Japan,https://ror.org/05q041y44,Kokugakuin University,active,1850147,Tokyo,Tokyo,35.6895,139.69171,safe_active_exact_name_site_agreement
4061,fta_partner,safe_active,JP,Japan,https://ror.org/04r69jb93,Kokushikan University,active,1850147,Tokyo,Tokyo,35.6895,139.69171,safe_active_exact_name_only
4062,fta_partner,safe_active,JP,Japan,https://ror.org/05tjaf288,Komazawa University,active,1850147,Tokyo,Tokyo,35.6895,139.69171,safe_active_exact_name_site_agreement
4063,fta_partner,safe_active,JP,Japan,https://ror.org/059b5pb30,Konan University,active,1859171,Kobe,Hyōgo,34.6913,135.183,safe_active_exact_name_site_agreement
4064,fta_partner,safe_active,JP,Japan,https://ror.org/051zns832,Konan Women's University,active,1859171,Kobe,Hyōgo,34.6913,135.183,safe_active_exact_name_site_agreement
4065,fta_partner,safe_active,JP,Japan,https://ror.org/05m1gnk07,Korea University,active,1850147,Tokyo,Tokyo,35.6895,139.69171,safe_active_exact_name_site_agreement
4066,fta_partner,review,JP,Japan,,,,,,,,,held_review_shared_site_only
4067,fta_partner,safe_active,JP,Japan,https://ror.org/00337p258,Koshien University,active,1851012,Takarazuka,Hyōgo,34.79936,135.35697,safe_active_exact_name_site_agreement
4068,fta_partner,safe_active,JP,Japan,https://ror.org/04yf19a15,Koyasan University,active,6417596,Kōya,Wakayama,34.21294,135.62244,safe_active_exact_name_site_agreement
4069,fta_partner,safe_active,JP,Japan,https://ror.org/04jhcmb20,Kumamoto Gakuen University,active,1858421,Kumamoto,Kumamoto,32.80589,130.69181,safe_active_exact_name_site_agreement
4070,fta_partner,unmatched,JP,Japan,,,,,,,,,unmatched
4071,fta_partner,review,JP,Japan,,,,,,,,,held_review_site_only
4072,fta_partner,safe_active,JP,Japan,https://ror.org/02cgss904,Kumamoto University,active,1858421,Kumamoto,Kumamoto,32.80589,130.69181,safe_active_exact_name_site_agreement
4073,fta_partner,safe_active,JP,Japan,https://ror.org/056gdnv76,Kunitachi College of Music,active,1850147,Tokyo,Tokyo,35.6895,139.69171,safe_active_exact_name_site_agreement
4074,fta_partner,safe_active,JP,Japan,https://ror.org/0538g0d09,Kurashiki Sakuyo University,active,1858311,Kurashiki,Okayama,34.58333,133.76667,safe_active_exact_name_site_agreement
4075,fta_partner,safe_active,JP,Japan,https://ror.org/04xtvq436,Kurashiki University of Science and the Arts,active,1858311,Kurashiki,Okayama,34.58333,133.76667,safe_active_exact_name_site_agreement
4076,fta_partner,review,JP,Japan,,,,,,,,,held-alias-without-clean-domain-agreement
4077,fta_partner,safe_active,JP,Japan,https://ror.org/03kb7hq55,Kurume Institute of Technology,active,1858088,Kurume,Fukuoka,33.31667,130.51667,safe_active_exact_name_site_agreement
4078,fta_partner,safe_active,JP,Japan,https://ror.org/057xtrt18,Kurume University,active,1858088,Kurume,Fukuoka,33.31667,130.51667,safe_active_exact_name_site_agreement
4079,fta_partner,safe_active,JP,Japan,https://ror.org/03866db80,Kushiro Public University of Economics,active,2129376,Kushiro,Hokkaido,42.975,144.37472,safe_active_exact_name_site_agreement
4080,fta_partner,safe_active,JP,Japan,https://ror.org/02qf2tx24,Kwansei Gakuin University,active,1855207,Nishinomiya,Hyōgo,34.71562,135.33199,safe_active_exact_name_only
4081,fta_partner,unmatched,JP,Japan,,,,,,,,,unmatched
4082,fta_partner,safe_active,JP,Japan,https://ror.org/0188yz413,Kyorin University,active,1850147,Tokyo,Tokyo,35.6895,139.69171,safe_active_exact_name_site_agreement
4083,fta_partner,unmatched,JP,Japan,,,,,,,,,unmatched
4084,fta_partner,review,JP,Japan,,,,,,,,,held_review_site_only
4085,fta_partner,safe_active,JP,Japan,https://ror.org/0037an472,Kyoto Bunkyo University,active,1849372,Uji,Kyoto,34.89044,135.80325,safe_active_exact_name_site_agreement
4086,fta_partner,safe_active,JP,Japan,https://ror.org/02hxajc23,Kyoto City University of Arts,active,1857910,Kyoto,Kyoto,35.02107,135.75385,safe_active_exact_name_site_agreement
4087,fta_partner,review,JP,Japan,,,,,,,,,held-alias-without-clean-domain-agreement
4088,fta_partner,safe_active,JP,Japan,https://ror.org/00965ax52,Kyoto Institute of Technology,active,1857910,Kyoto,Kyoto,35.02107,135.75385,safe_active_exact_name_site_agreement
4089,fta_partner,safe_active,JP,Japan,https://ror.org/01ytgve10,Kyoto Pharmaceutical University,active,1857910,Kyoto,Kyoto,35.02107,135.75385,safe_active_exact_name_site_agreement
4090,fta_partner,safe_active,JP,Japan,https://ror.org/00ktqrd38,Kyoto Prefectural University,active,1857910,Kyoto,Kyoto,35.02107,135.75385,safe_active_exact_name_site_agreement
4091,fta_partner,safe_active,JP,Japan,https://ror.org/028vxwa22,Kyoto Prefectural University of Medicine,active,1857910,Kyoto,Kyoto,35.02107,135.75385,safe_active_exact_name_site_agreement
4092,fta_partner,safe_active,JP,Japan,https://ror.org/05t70xh16,Kyoto Sangyo University,active,1857910,Kyoto,Kyoto,35.02107,135.75385,safe_active_exact_name_site_agreement
4093,fta_partner,safe_active,JP,Japan,https://ror.org/05g4f0342,Kyoto Seika University,active,1857910,Kyoto,Kyoto,35.02107,135.75385,safe_active_exact_name_site_agreement
4094,fta_partner,review,JP,Japan,,,,,,,,,held_review_site_only
4095,fta_partner,safe_active,JP,Japan,https://ror.org/02kpeqv85,Kyoto University,active,1857910,Kyoto,Kyoto,35.02107,135.75385,safe_active_exact_name_site_agreement
4096,fta_partner,safe_active,JP,Japan,https://ror.org/04xs0cw05,Kyoto University of Art and Design,active,1857910,Kyoto,Kyoto,35.02107,135.75385,safe_active_exact_name_site_agreement
4097,fta_partner,safe_active,JP,Japan,https://ror.org/03zhhr656,Kyoto University of Education,active,1857910,Kyoto,Kyoto,35.02107,135.75385,safe_active_exact_name_site_agreement
4098,fta_partner,safe_active,JP,Japan,https://ror.org/051v5t493,Kyoto University of Foreign Studies,active,1857910,Kyoto,Kyoto,35.02107,135.75385,safe_active_exact_name_site_agreement
4099,fta_partner,safe_active,JP,Japan,https://ror.org/05ejbda19,Kyoto Women's University,active,1857910,Kyoto,Kyoto,35.02107,135.75385,safe_active_exact_name_site_agreement
4100,fta_partner,review,JP,Japan,,,,,,,,,held_review_site_only
4101,fta_partner,unmatched,JP,Japan,,,,,,,,,unmatched
4102,fta_partner,safe_active,JP,Japan,https://ror.org/02278tr80,Kyushu Institute of Technology,active,1859307,Kitakyushu,Fukuoka,33.85181,130.85034,safe_active_exact_name_site_agreement
4103,fta_partner,safe_active,JP,Japan,https://ror.org/02s22e816,Kyushu International University,active,1859307,Kitakyushu,Fukuoka,33.85181,130.85034,safe_active_exact_name_site_agreement
4104,fta_partner,safe_active,JP,Japan,https://ror.org/05ffy6g34,Kyushu Kyoritsu University,active,1859307,Kitakyushu,Fukuoka,33.85181,130.85034,safe_active_exact_name_site_agreement
4105,fta_partner,safe_active,JP,Japan,https://ror.org/01wqrpc44,Kyushu Sangyo University,active,1863967,Fukuoka,Fukuoka,33.6,130.41667,safe_active_exact_name_only
4106,fta_partner,inactive_history,JP,Japan,,,,,,,,,held_inactive_exact_name
4107,fta_partner,safe_active,JP,Japan,https://ror.org/00p4k0j84,Kyushu University,active,1863967,Fukuoka,Fukuoka,33.6,130.41667,safe_active_exact_name_site_agreement
4108,fta_partner,review,JP,Japan,,,,,,,,,held_review_site_only
4109,fta_partner,safe_active,JP,Japan,https://ror.org/03m60k875,Kyushu Women's University,active,1859307,Kitakyushu,Fukuoka,33.85181,130.85034,safe_active_exact_name_site_agreement
4110,fta_partner,safe_active,JP,Japan,https://ror.org/041jyt122,Matsumoto Dental University,active,1852003,Shiojiri,Nagano,36.1,137.96667,safe_active_exact_name_site_agreement
4111,fta_partner,inactive_history,JP,Japan,,,,,,,,,held_inactive_exact_name
4112,fta_partner,safe_active,JP,Japan,https://ror.org/05tc07s46,Matsuyama University,active,1926099,Matsuyama,Ehime,33.83916,132.76574,safe_active_exact_name_site_agreement
4113,fta_partner,review,JP,Japan,,,,,,,,,held_review_site_only
4114,fta_partner,review,JP,Japan,,,,,,,,,held_ambiguous_active_exact_name
4115,fta_partner,safe_active,JP,Japan,https://ror.org/02rqvrp93,Meiji University,active,1850147,Tokyo,Tokyo,35.6895,139.69171,safe_active_exact_name_site_agreement
4116,fta_partner,review,JP,Japan,,,,,,,,,held_review_site_only
4117,fta_partner,safe_active,JP,Japan,https://ror.org/04h42fc75,Meijo University,active,1856057,Nagoya,Aichi,35.18147,136.90641,safe_active_exact_name_site_agreement
4118,fta_partner,safe_active,JP,Japan,https://ror.org/03thzz813,Meikai University,active,6940394,Saitama,Saitama,35.90807,139.65657,safe_active_exact_name_site_agreement
4119,fta_partner,safe_active,JP,Japan,https://ror.org/05d0pgx42,Meio University,active,1856068,Nago,Okinawa,26.61502,127.98543,safe_active_exact_name_site_agreement
4120,fta_partner,safe_active,JP,Japan,https://ror.org/022yhjq53,Meisei University,active,1850147,Tokyo,Tokyo,35.6895,139.69171,safe_active_exact_name_site_agreement
4121,fta_partner,safe_active,JP,Japan,https://ror.org/047wxqn68,Mejiro University,active,1850147,Tokyo,Tokyo,35.6895,139.69171,safe_active_exact_name_site_agreement
4122,fta_partner,safe_active,JP,Japan,https://ror.org/01529vy56,Mie University,active,1849796,Tsu,Mie,34.73333,136.51667,safe_active_exact_name_site_agreement
4123,fta_partner,unmatched,JP,Japan,,,,,,,,,unmatched
4124,fta_partner,review,JP,Japan,,,,,,,,,held_review_site_only
4125,fta_partner,review,JP,Japan,,,,,,,,,held_review_site_only
4126,fta_partner,safe_active,JP,Japan,https://ror.org/05nsdjj25,Miyagi University,active,2111149,Sendai,Miyagi,38.26667,140.86667,safe_active_exact_name_site_agreement
4127,fta_partner,safe_active,JP,Japan,https://ror.org/01s7jxc19,Miyagi University of Education,active,2111149,Sendai,Miyagi,38.26667,140.86667,safe_active_exact_name_site_agreement
4128,fta_partner,unmatched,JP,Japan,,,,,,,,,unmatched
4129,fta_partner,safe_active,JP,Japan,https://ror.org/01gfny940,Miyazaki Municipal University,active,1856717,Miyazaki,Miyazaki,31.91667,131.41667,safe_active_exact_name_site_agreement
4130,fta_partner,safe_active,JP,Japan,https://ror.org/04vh2cv64,Miyazaki Prefectural Nursing University,active,1856717,Miyazaki,Miyazaki,31.91667,131.41667,safe_active_exact_name_site_agreement
4131,fta_partner,review,JP,Japan,,,,,,,,,held_review_site_only
4132,fta_partner,review,JP,Japan,,,,,,,,,held_review_site_only
4133,fta_partner,safe_active,JP,Japan,https://ror.org/009x65438,Mukogawa Women's University,active,1855207,Nishinomiya,Hyōgo,34.71562,135.33199,safe_active_exact_name_site_agreement
4134,fta_partner,safe_active,JP,Japan,https://ror.org/04rymkk69,Muroran Institute of Technology,active,2129101,Muroran,Hokkaido,42.31722,140.98806,safe_active_exact_name_site_agreement
4135,fta_partner,unmatched,JP,Japan,,,,,,,,,unmatched
4136,fta_partner,review,JP,Japan,,,,,,,,,held_review_site_only
4137,fta_partner,safe_active,JP,Japan,https://ror.org/04qdzzb42,Musashino Art University,active,1850147,Tokyo,Tokyo,35.6895,139.69171,safe_active_exact_name_site_agreement
4138,fta_partner,unmatched,JP,Japan,,,,,,,,,unmatched
4139,fta_partner,safe_active,JP,Japan,https://ror.org/05qp61e83,Musashi University,active,1850147,Tokyo,Tokyo,35.6895,139.69171,safe_active_exact_name_site_agreement
4140,fta_partner,safe_active,JP,Japan,https://ror.org/03aptyv62,Nagano University,active,1849429,Ueda,Nagano,36.40265,138.28161,safe_active_exact_name_site_agreement
4141,fta_partner,safe_active,JP,Japan,https://ror.org/00ys1hz88,Nagaoka University of Technology,active,1856199,Nagaoka,Niigata,37.45,138.85,safe_active_exact_name_site_agreement
4142,fta_partner,safe_active,JP,Japan,https://ror.org/051smb947,Nagasaki Institute of Applied Science,active,1856177,Nagasaki,Nagasaki,32.75,129.88333,safe_active_exact_name_site_agreement
4143,fta_partner,unmatched,JP,Japan,,,,,,,,,unmatched
4144,fta_partner,safe_active,JP,Japan,https://ror.org/058h74p94,Nagasaki University,active,1856177,Nagasaki,Nagasaki,32.75,129.88333,safe_active_exact_name_site_agreement
4145,fta_partner,safe_active,JP,Japan,https://ror.org/04wn7wc95,Nagoya City University,active,1856057,Nagoya,Aichi,35.18147,136.90641,safe_active_exact_name_site_agreement
4146,fta_partner,review,JP,Japan,,,,,,,,,held_site_name_conflict
4147,fta_partner,review,JP,Japan,,,,,,,,,held_review_site_only
4148,fta_partner,safe_active,JP,Japan,https://ror.org/03gsvvm69,Nagoya Gakuin University,active,1856057,Nagoya,Aichi,35.18147,136.90641,safe_active_exact_name_only
4149,fta_partner,safe_active,JP,Japan,https://ror.org/055yf1005,Nagoya Institute of Technology,active,1856057,Nagoya,Aichi,35.18147,136.90641,safe_active_exact_name_site_agreement
4150,fta_partner,safe_active,JP,Japan,https://ror.org/04chrp450,Nagoya University,active,1856057,Nagoya,Aichi,35.18147,136.90641,safe_active_exact_name_only
4151,fta_partner,safe_active,JP,Japan,https://ror.org/01q00vp39,Nagoya University of Arts,active,1856057,Nagoya,Aichi,35.18147,136.90641,safe_active_exact_name_site_agreement
4152,fta_partner,review,JP,Japan,,,,,,,,,held_review_site_only
4153,fta_partner,safe_active,JP,Japan,https://ror.org/03k9f1n96,Nagoya University of Foreign Studies,active,6822209,Nisshin,Aichi,35.13676,137.05238,safe_active_exact_name_only
4154,fta_partner,safe_active,JP,Japan,https://ror.org/001nzxd62,Nagoya Women's University,active,1856057,Nagoya,Aichi,35.18147,136.90641,safe_active_exact_name_site_agreement
4155,fta_partner,safe_active,JP,Japan,https://ror.org/00qm2vr07,Nakamura Gakuen University,active,1863967,Fukuoka,Fukuoka,33.6,130.41667,safe_active_exact_name_site_agreement
4156,fta_partner,safe_active,JP,Japan,https://ror.org/042b6j696,Nanzan University,active,1856057,Nagoya,Aichi,35.18147,136.90641,safe_active_exact_name_site_agreement
4157,fta_partner,safe_active,JP,Japan,https://ror.org/045ysha14,Nara Medical University,active,1859951,Kashihara-shi,Nara,34.50896,135.7929,safe_active_exact_name_site_agreement
4158,fta_partner,review,JP,Japan,,,,,,,,,held-alias-without-clean-domain-agreement
4159,fta_partner,safe_active,JP,Japan,https://ror.org/03a42q045,Nara University,active,1855612,Nara,Nara,34.68505,135.80485,safe_active_exact_name_site_agreement
4160,fta_partner,unmatched,JP,Japan,,,,,,,,,unmatched
4161,fta_partner,safe_active,JP,Japan,https://ror.org/01nrcgn98,Nara University of Education,active,1855612,Nara,Nara,34.68505,135.80485,safe_active_exact_name_site_agreement
4162,fta_partner,safe_active,JP,Japan,https://ror.org/05kzadn81,Nara Women's University,active,1855612,Nara,Nara,34.68505,135.80485,safe_active_exact_name_site_agreement
4163,fta_partner,safe_active,JP,Japan,https://ror.org/00menq219,Naruto University of Education,active,1855580,Narutochō-mitsuishi,Tokushima,34.19933,134.60932,safe_active_exact_name_site_agreement
4164,fta_partner,review,JP,Japan,,,,,,,,,held_review_site_only
4165,fta_partner,safe_active,JP,Japan,https://ror.org/04kkb3773,National Fisheries University,active,1852225,Shimonoseki,Yamaguchi,33.95548,130.93713,safe_active_exact_name_site_agreement
4166,fta_partner,review,JP,Japan,,,,,,,,,held_review_site_only
4167,fta_partner,safe_active,JP,Japan,https://ror.org/0238qsm25,Nihon Fukushi University,active,1854240,Okuda,Aichi,34.78333,136.86667,safe_active_exact_name_site_agreement
4168,fta_partner,safe_active,JP,Japan,https://ror.org/05jk51a88,Nihon University,active,1850147,Tokyo,Tokyo,35.6895,139.69171,safe_active_exact_name_site_agreement
4169,fta_partner,unmatched,JP,Japan,,,,,,,,,unmatched
4170,fta_partner,safe_active,JP,Japan,https://ror.org/04gqpx257,Niigata Sangyo University,active,1859908,Kashiwazaki,Niigata,37.36667,138.55,safe_active_exact_name_site_agreement
4171,fta_partner,safe_active,JP,Japan,https://ror.org/04ww21r56,Niigata University,active,1855431,Niigata,Niigata,37.92259,139.04125,safe_active_exact_name_site_agreement
4172,fta_partner,safe_active,JP,Japan,https://ror.org/03nskz175,Niigata University of International and Information Studies,active,1855431,Niigata,Niigata,37.92259,139.04125,safe_active_exact_name_site_agreement
4173,fta_partner,safe_active,JP,Japan,https://ror.org/01mys8c02,Niigata University of Management,active,1860341,Kamo,Niigata,37.66442,139.03502,safe_active_exact_name_site_agreement
4174,fta_partner,safe_active,JP,Japan,https://ror.org/02wp4vw89,Nippon Bunri University,active,1854487,Ōita,Oita,33.23333,131.6,safe_active_exact_name_site_agreement
4175,fta_partner,safe_active,JP,Japan,https://ror.org/01s1hm369,Nippon Dental University,active,1850147,Tokyo,Tokyo,35.6895,139.69171,safe_active_exact_name_site_agreement
4176,fta_partner,safe_active,JP,Japan,https://ror.org/05h68bp56,Nippon Institute of Technology,active,1851883,Shiraoka,Saitama,36.01839,139.66034,safe_active_exact_name_site_agreement
4177,fta_partner,safe_active,JP,Japan,https://ror.org/00krab219,Nippon Medical School,active,1850147,Tokyo,Tokyo,35.6895,139.69171,safe_active_exact_name_only
4178,fta_partner,safe_active,JP,Japan,https://ror.org/00kzych23,Nippon Sport Science University,active,1850147,Tokyo,Tokyo,35.6895,139.69171,safe_active_exact_name_site_agreement
4179,fta_partner,unmatched,JP,Japan,,,,,,,,,unmatched
4180,fta_partner,safe_active,JP,Japan,https://ror.org/05yhrkh78,Nishikyushu University,active,1860095,Kanzakimachi-kanzaki,Saga,33.30895,130.37383,safe_active_exact_name_site_agreement
4181,fta_partner,safe_active,JP,Japan,https://ror.org/04jty2903,Nishinippon Institute of Technology,active,1859307,Kitakyushu,Fukuoka,33.85181,130.85034,safe_active_exact_name_only
4182,fta_partner,review,JP,Japan,,,,,,,,,held_review_site_only
4183,fta_partner,review,JP,Japan,,,,,,,,,held_review_site_only
4184,fta_partner,review,JP,Japan,,,,,,,,,held_review_site_only
4185,fta_partner,safe_active,JP,Japan,https://ror.org/02t9fsj94,Obihiro University of Agriculture and Veterinary Medicine,active,2128815,Obihiro,Hokkaido,42.91722,143.20444,safe_active_exact_name_site_agreement
4186,fta_partner,review,JP,Japan,,,,,,,,,held_review_site_only
4187,fta_partner,review,JP,Japan,,,,,,,,,held_review_site_only
4188,fta_partner,review,JP,Japan,,,,,,,,,held_review_site_only
4189,fta_partner,unmatched,JP,Japan,,,,,,,,,unmatched
4190,fta_partner,safe_active,JP,Japan,https://ror.org/01fe6f215,Ohu University,active,2112141,Kōriyama,Fukushima,37.4,140.38333,safe_active_exact_name_site_agreement
4191,fta_partner,unmatched,JP,Japan,,,,,,,,,unmatched
4192,fta_partner,safe_active,JP,Japan,https://ror.org/01nyv7k26,Oita University,active,1854487,Ōita,Oita,33.23333,131.6,safe_active_exact_name_site_agreement
4193,fta_partner,safe_active,JP,Japan,https://ror.org/02z7pfr92,Oita University of Nursing and Health Sciences,active,1854487,Ōita,Oita,33.23333,131.6,safe_active_exact_name_site_agreement
4194,fta_partner,safe_active,JP,Japan,https://ror.org/038bgk418,Okayama Prefectural University,active,1851606,Sōja,Okayama,34.67534,133.75091,safe_active_exact_name_site_agreement
4195,fta_partner,safe_active,JP,Japan,https://ror.org/03pqde616,Okayama Shoka University,active,1854383,Okayama,Okayama,34.65,133.93333,safe_active_exact_name_site_agreement
4196,fta_partner,safe_active,JP,Japan,https://ror.org/02pc6pc55,Okayama University,active,1854383,Okayama,Okayama,34.65,133.93333,safe_active_exact_name_site_agreement
4197,fta_partner,safe_active,JP,Japan,https://ror.org/05aevyc10,Okayama University of Science,active,1854383,Okayama,Okayama,34.65,133.93333,safe_active_exact_name_site_agreement
4198,fta_partner,safe_active,JP,Japan,https://ror.org/015cgnr56,Okinawa International University,active,1863627,Ginowan,Okinawa,26.26265,127.76147,safe_active_exact_name_site_agreement
4199,fta_partner,review,JP,Japan,,,,,,,,,held_review_site_only
4200,fta_partner,safe_active,JP,Japan,https://ror.org/046zepm61,Okinawa University,active,1856035,Naha,Okinawa,26.213,127.67851,safe_active_exact_name_site_agreement
4201,fta_partner,inactive_history,JP,Japan,,,,,,,,,held_inactive_exact_name
4202,fta_partner,safe_active,JP,Japan,https://ror.org/02rvr7q96,Osaka College of Music,active,1849837,Toyonaka,Osaka,34.78244,135.46932,safe_active_exact_name_site_agreement
4203,fta_partner,safe_active,JP,Japan,https://ror.org/053kccs63,Osaka Dental University,active,1862540,Hirakata,Osaka,34.81352,135.64914,safe_active_exact_name_site_agreement
4204,fta_partner,safe_active,JP,Japan,https://ror.org/056bksm23,Osaka Electro-Communication University,active,6697563,Neyagawa,Osaka,34.76615,135.62759,safe_active_exact_name_site_agreement
4205,fta_partner,safe_active,JP,Japan,https://ror.org/04a8t1e98,Osaka Gakuin University,active,1851483,Suita,Osaka,34.76143,135.51567,safe_active_exact_name_site_agreement
4206,fta_partner,safe_active,JP,Japan,https://ror.org/02znffm54,Osaka Institute of Technology,active,1853909,Osaka,Osaka,34.69379,135.50107,safe_active_exact_name_site_agreement
4207,fta_partner,safe_active,JP,Japan,https://ror.org/02dqf3w62,Osaka International University,active,1856584,Moriguchi,Osaka,34.73333,135.56667,safe_active_exact_name_only
4208,fta_partner,unmatched,JP,Japan,,,,,,,,,unmatched
4209,fta_partner,unmatched,JP,Japan,,,,,,,,,unmatched
4210,fta_partner,inactive_history,JP,Japan,,,,,,,,,held_inactive_site_only
4211,fta_partner,safe_active,JP,Japan,https://ror.org/01h2m4f20,Osaka Sangyo University,active,1853909,Osaka,Osaka,34.69379,135.50107,safe_active_exact_name_site_agreement
4212,fta_partner,review,JP,Japan,,,,,,,,,held_review_site_only
4213,fta_partner,safe_active,JP,Japan,https://ror.org/035t8zc32,The University of Osaka,active,1853909,Osaka,Osaka,34.69379,135.50107,safe_active_exact_name_site_agreement
4214,fta_partner,safe_active,JP,Japan,https://ror.org/05qbvwf88,Osaka University of Arts,active,1853909,Osaka,Osaka,34.69379,135.50107,safe_active_exact_name_site_agreement
4215,fta_partner,safe_active,JP,Japan,https://ror.org/05xc0dy80,Osaka University of Commerce,active,1862752,Higashiosaka,Osaka,34.66667,135.58333,safe_active_exact_name_only
4216,fta_partner,safe_active,JP,Japan,https://ror.org/04g11bp59,Osaka University of Economics,active,1853909,Osaka,Osaka,34.69379,135.50107,safe_active_exact_name_site_agreement
4217,fta_partner,safe_active,JP,Japan,https://ror.org/01r3kcg18,Osaka University of Economics and Law,active,1848522,Yao,Osaka,34.61667,135.6,safe_active_exact_name_site_agreement
4218,fta_partner,review,JP,Japan,,,,,,,,,held_review_site_only
4219,fta_partner,unmatched,JP,Japan,,,,,,,,,unmatched
4220,fta_partner,safe_active,JP,Japan,https://ror.org/04ytrbh65,Osaka University of Health and Sport Sciences,active,6825500,Sennan,Osaka,34.34835,135.26842,safe_active_exact_name_only
4221,fta_partner,inactive_history,JP,Japan,,,,,,,,,held_inactive_exact_name
4222,fta_partner,unmatched,JP,Japan,,,,,,,,,unmatched
4223,fta_partner,review,JP,Japan,,,,,,,,,held_review_site_only
4224,fta_partner,safe_active,JP,Japan,https://ror.org/00pbv8y11,Otaru University of Commerce,active,2128574,Otaru,Hokkaido,43.18944,141.00222,safe_active_exact_name_site_agreement
4225,fta_partner,safe_active,JP,Japan,https://ror.org/04kc6x746,Otemae University,active,1855207,Nishinomiya,Hyōgo,34.71562,135.33199,safe_active_exact_name_site_agreement
4226,fta_partner,safe_active,JP,Japan,https://ror.org/009mysd22,Otemon Gakuin University,active,1862033,Ibaraki,Osaka,34.81641,135.56828,safe_active_exact_name_site_agreement
4227,fta_partner,safe_active,JP,Japan,https://ror.org/012322w18,Otsuma Women's University,active,1850147,Tokyo,Tokyo,35.6895,139.69171,safe_active_exact_name_site_agreement
4228,fta_partner,unmatched,JP,Japan,,,,,,,,,unmatched
4229,fta_partner,safe_active,JP,Japan,https://ror.org/03k5q1m42,Poole Gakuin University,active,1853909,Osaka,Osaka,34.69379,135.50107,safe_active_exact_name_site_agreement
4230,fta_partner,safe_active,JP,Japan,https://ror.org/014rqt829,Rakuno Gakuen University,active,2130404,Ebetsu,Hokkaido,43.10806,141.55056,safe_active_exact_name_site_agreement
4231,fta_partner,safe_active,JP,Japan,https://ror.org/02rwyg032,Reitaku University,active,1859924,Kashiwa,Chiba,35.86224,139.97732,safe_active_exact_name_site_agreement
4232,fta_partner,review,JP,Japan,,,,,,,,,held_review_site_only
4233,fta_partner,safe_active,JP,Japan,https://ror.org/0496p0503,Rissho University,active,1850147,Tokyo,Tokyo,35.6895,139.69171,safe_active_exact_name_site_agreement
4234,fta_partner,safe_active,JP,Japan,https://ror.org/03ynn1n59,Ritsumeikan Asia Pacific University,active,1864750,Beppu,Oita,33.27945,131.49751,safe_active_exact_name_site_agreement
4235,fta_partner,safe_active,JP,Japan,https://ror.org/0197nmd03,Ritsumeikan University,active,1857910,Kyoto,Kyoto,35.02107,135.75385,safe_active_exact_name_site_agreement
4236,fta_partner,safe_active,JP,Japan,https://ror.org/012tqgb57,Ryukoku University,active,1857910,Kyoto,Kyoto,35.02107,135.75385,safe_active_exact_name_site_agreement
4237,fta_partner,safe_active,JP,Japan,https://ror.org/008754496,Ryutsu Keizai University,active,2111258,Ryūgasaki,Ibaraki,35.9,140.18333,safe_active_exact_name_site_agreement
4238,fta_partner,unmatched,JP,Japan,,,,,,,,,unmatched
4239,fta_partner,safe_active,JP,Japan,https://ror.org/0264cyj93,Sagami Women's University,active,11611609,Sagamihara,Kanagawa,35.56707,139.24167,safe_active_exact_name_site_agreement
4240,fta_partner,safe_active,JP,Japan,https://ror.org/04f4wg107,Saga University,active,1853303,Saga,Saga,33.23333,130.3,safe_active_exact_name_site_agreement
4241,fta_partner,safe_active,JP,Japan,https://ror.org/01pkeax38,Saitama Institute of Technology,active,1864031,Fukayachō,Saitama,36.2,139.28333,safe_active_exact_name_site_agreement
4242,fta_partner,review,JP,Japan,,,,,,,,,held_review_site_only
4243,fta_partner,safe_active,JP,Japan,https://ror.org/04bpsyk42,Saitama Prefectural University,active,1858729,Koshigaya,Saitama,35.89035,139.78916,safe_active_exact_name_site_agreement
4244,fta_partner,safe_active,JP,Japan,https://ror.org/02evnh647,Saitama University,active,6940394,Saitama,Saitama,35.90807,139.65657,safe_active_exact_name_only
4245,fta_partner,safe_active,JP,Japan,https://ror.org/01xjgpq49,Sakushin Gakuin University,active,1849053,Utsunomiya,Tochigi,36.56667,139.88333,safe_active_exact_name_site_agreement
4246,fta_partner,review,JP,Japan,,,,,,,,,held_review_site_only
4247,fta_partner,safe_active,JP,Japan,https://ror.org/055mbnd94,Sanno University,active,1861449,Isehara,Kanagawa,35.39932,139.31019,safe_active_exact_name_site_agreement
4248,fta_partner,safe_active,JP,Japan,https://ror.org/010pkba38,Sanyo Gakuen University,active,1854383,Okayama,Okayama,34.65,133.93333,safe_active_exact_name_site_agreement
4249,fta_partner,safe_active,JP,Japan,https://ror.org/05x535462,Sapporo Gakuin University,active,2130404,Ebetsu,Hokkaido,43.10806,141.55056,safe_active_exact_name_site_agreement
4250,fta_partner,safe_active,JP,Japan,https://ror.org/0490a2476,Sapporo International University,active,2128295,Sapporo,Hokkaido,43.06667,141.35,safe_active_exact_name_site_agreement
4251,fta_partner,safe_active,JP,Japan,https://ror.org/01h7cca57,Sapporo Medical University,active,2128295,Sapporo,Hokkaido,43.06667,141.35,safe_active_exact_name_only
4252,fta_partner,safe_active,JP,Japan,https://ror.org/04bz6gw73,Sapporo University,active,2128295,Sapporo,Hokkaido,43.06667,141.35,safe_active_exact_name_site_agreement
4253,fta_partner,review,JP,Japan,,,,,,,,,held-alias-without-clean-domain-agreement
4254,fta_partner,unmatched,JP,Japan,,,,,,,,,unmatched
4255,fta_partner,safe_active,JP,Japan,https://ror.org/022b23347,Seian University of Art and Design,active,1853574,Ōtsu,Shiga,35,135.86667,safe_active_exact_name_site_agreement
4256,fta_partner,safe_active,JP,Japan,https://ror.org/04p9zgs78,Seigakuin University,active,1865714,Ageo,Saitama,35.97145,139.61382,safe_active_exact_name_only
4257,fta_partner,safe_active,JP,Japan,https://ror.org/022zbr960,Seijo University,active,1850147,Tokyo,Tokyo,35.6895,139.69171,safe_active_exact_name_site_agreement
4258,fta_partner,safe_active,JP,Japan,https://ror.org/03ptaj492,Seikei University,active,1856367,Musashino,Tokyo,35.70611,139.55944,safe_active_exact_name_site_agreement
4259,fta_partner,safe_active,JP,Japan,https://ror.org/03jqhsn85,Seinan Gakuin University,active,1863967,Fukuoka,Fukuoka,33.6,130.41667,safe_active_exact_name_site_agreement
4260,fta_partner,review,JP,Japan,,,,,,,,,held_ambiguous_active_exact_name
4261,fta_partner,unmatched,JP,Japan,,,,,,,,,unmatched
4262,fta_partner,safe_active,JP,Japan,https://ror.org/00r8qyj34,Sendai University,active,2111129,Shibata Machi,Miyagi,38.08575,140.78772,safe_active_exact_name_site_agreement
4263,fta_partner,review,JP,Japan,,,,,,,,,held_ambiguous_active_exact_name
4264,fta_partner,review,JP,Japan,,,,,,,,,held_review_site_only
4265,fta_partner,safe_active,JP,Japan,https://ror.org/0418a3v02,Setsunan University,active,1853909,Osaka,Osaka,34.69379,135.50107,safe_active_exact_name_site_agreement
4266,fta_partner,safe_active,JP,Japan,https://ror.org/020wjcq07,Shibaura Institute of Technology,active,1850147,Tokyo,Tokyo,35.6895,139.69171,safe_active_exact_name_only
4267,fta_partner,safe_active,JP,Japan,https://ror.org/01vvhy971,Shiga University,active,1862636,Hikone,Shiga,35.25,136.25,safe_active_exact_name_site_agreement
4268,fta_partner,safe_active,JP,Japan,https://ror.org/00d8gp927,Shiga University of Medical Science,active,1853574,Ōtsu,Shiga,35,135.86667,safe_active_exact_name_site_agreement
4269,fta_partner,review,JP,Japan,,,,,,,,,held_review_site_only
4270,fta_partner,safe_active,JP,Japan,https://ror.org/03jeahd70,Shikoku University,active,1850158,Tokushima,Tokushima,34.06667,134.56667,safe_active_exact_name_site_agreement
4271,fta_partner,safe_active,JP,Japan,https://ror.org/01jaaym28,Shimane University,active,1857550,Matsue,Shimane,35.48333,133.05,safe_active_exact_name_site_agreement
4272,fta_partner,unmatched,JP,Japan,,,,,,,,,unmatched
4273,fta_partner,safe_active,JP,Japan,https://ror.org/01fyk0v41,Shimonoseki City University,active,1852225,Shimonoseki,Yamaguchi,33.95548,130.93713,safe_active_exact_name_site_agreement
4274,fta_partner,safe_active,JP,Japan,https://ror.org/0244rem06,Shinshu University,active,1857519,Matsumoto,Nagano,36.23333,137.96667,safe_active_exact_name_site_agreement
4275,fta_partner,review,JP,Japan,,,,,,,,,held_review_site_only
4276,fta_partner,review,JP,Japan,,,,,,,,,held_review_site_only
4277,fta_partner,safe_active,JP,Japan,https://ror.org/00x3gtf37,Shizuoka Sangyo University,active,1861171,Iwata,Shizuoka,34.7,137.85,safe_active_exact_name_site_agreement
4278,fta_partner,safe_active,JP,Japan,https://ror.org/01w6wtk13,Shizuoka University,active,1851717,Shizuoka,Shizuoka,34.98333,138.38333,safe_active_exact_name_site_agreement
4279,fta_partner,safe_active,JP,Japan,https://ror.org/04r04yh88,Shokei College,active,1858421,Kumamoto,Kumamoto,32.80589,130.69181,safe_active_exact_name_site_agreement
4280,fta_partner,safe_active,JP,Japan,https://ror.org/01bawqf59,Shonan Institute of Technology,active,1864092,Fujisawa,Kanagawa,35.34926,139.47666,safe_active_exact_name_site_agreement
4281,fta_partner,review,JP,Japan,,,,,,,,,held_review_site_only
4282,fta_partner,safe_active,JP,Japan,https://ror.org/04mzk4q39,SHOWA Medical University,active,1850147,Tokyo,Tokyo,35.6895,139.69171,safe_active_exact_name_site_agreement
4283,fta_partner,safe_active,JP,Japan,https://ror.org/03sf6p593,Showa Women's University,active,1850147,Tokyo,Tokyo,35.6895,139.69171,safe_active_exact_name_only
4284,fta_partner,review,JP,Japan,,,,,,,,,held_review_site_only
4285,fta_partner,review,JP,Japan,,,,,,,,,held_review_site_only
4286,fta_partner,safe_active,JP,Japan,https://ror.org/02std5y37,Shukutoku University,active,2113015,Chiba,Chiba,35.6,140.11667,safe_active_exact_name_site_agreement
4287,fta_partner,safe_active,JP,Japan,https://ror.org/05aczzj13,Shumei University,active,2113015,Chiba,Chiba,35.6,140.11667,safe_active_exact_name_site_agreement
4288,fta_partner,review,JP,Japan,,,,,,,,,held_review_site_only
4289,fta_partner,safe_active,JP,Japan,https://ror.org/059fmyk31,Soai University,active,1853909,Osaka,Osaka,34.69379,135.50107,safe_active_exact_name_site_agreement
4290,fta_partner,safe_active,JP,Japan,https://ror.org/003qdfg20,Soka University,active,1850147,Tokyo,Tokyo,35.6895,139.69171,safe_active_exact_name_site_agreement
4291,fta_partner,safe_active,JP,Japan,https://ror.org/05jvh0739,Sonoda Women's University,active,1865387,Amagasaki,Hyōgo,34.71667,135.41667,safe_active_exact_name_site_agreement
4292,fta_partner,safe_active,JP,Japan,https://ror.org/01nckkm68,Sophia University,active,1850147,Tokyo,Tokyo,35.6895,139.69171,safe_active_exact_name_site_agreement
4293,fta_partner,review,JP,Japan,,,,,,,,,held_review_site_only
4294,fta_partner,review,JP,Japan,,,,,,,,,held_review_site_only
4295,fta_partner,safe_active,JP,Japan,https://ror.org/043axf581,St. Marianna University School of Medicine,active,1859642,Kawasaki,Kanagawa,35.52056,139.71722,safe_active_exact_name_site_agreement
4296,fta_partner,unmatched,JP,Japan,,,,,,,,,unmatched
4297,fta_partner,safe_active,JP,Japan,https://ror.org/027nene90,Sugiyama Jogakuen University,active,1856057,Nagoya,Aichi,35.18147,136.90641,safe_active_exact_name_site_agreement
4298,fta_partner,safe_active,JP,Japan,https://ror.org/00c4wmy51,Surugadai University,active,1863183,Hannō,Saitama,35.85194,139.31806,safe_active_exact_name_site_agreement
4299,fta_partner,safe_active,JP,Japan,https://ror.org/028vh3r56,Suzuka University,active,1851348,Suzuka,Mie,34.88333,136.58333,safe_active_exact_name_site_agreement
4300,fta_partner,safe_active,JP,Japan,https://ror.org/00tq7xg10,Suzuka University of Medical Science,active,1851348,Suzuka,Mie,34.88333,136.58333,safe_active_exact_name_site_agreement
4301,fta_partner,safe_active,JP,Japan,https://ror.org/00c2t9540,Taisho University,active,1850147,Tokyo,Tokyo,35.6895,139.69171,safe_active_exact_name_site_agreement
4302,fta_partner,safe_active,JP,Japan,https://ror.org/00dwyn417,Takachiho University,active,1850147,Tokyo,Tokyo,35.6895,139.69171,safe_active_exact_name_only
4303,fta_partner,safe_active,JP,Japan,https://ror.org/004684q56,Takamatsu University,active,1851100,Takamatsu,Kagawa,34.33333,134.05,safe_active_exact_name_site_agreement
4304,fta_partner,review,JP,Japan,,,,,,,,,held_review_site_only
4305,fta_partner,safe_active,JP,Japan,https://ror.org/05m6adj80,Takasaki City University of Economics,active,1851002,Takasaki,Gunma,36.33333,139.01667,safe_active_exact_name_site_agreement
4306,fta_partner,safe_active,JP,Japan,https://ror.org/05qh38f12,Takushoku University,active,1850147,Tokyo,Tokyo,35.6895,139.69171,safe_active_exact_name_site_agreement
4307,fta_partner,safe_active,JP,Japan,https://ror.org/01044vd48,Tama Art University,active,1850147,Tokyo,Tokyo,35.6895,139.69171,safe_active_exact_name_site_agreement
4308,fta_partner,safe_active,JP,Japan,https://ror.org/05f8a4p63,Tamagawa University,active,1850147,Tokyo,Tokyo,35.6895,139.69171,safe_active_exact_name_only
4309,fta_partner,unmatched,JP,Japan,,,,,,,,,unmatched
4310,fta_partner,review,JP,Japan,,,,,,,,,held_site_name_conflict
4311,fta_partner,review,JP,Japan,,,,,,,,,held_review_site_only
4312,fta_partner,safe_active,JP,Japan,https://ror.org/03savr706,"Temple University, Japan",active,1850147,Tokyo,Tokyo,35.6895,139.69171,safe_active_exact_name_site_agreement
4313,fta_partner,safe_active,JP,Japan,https://ror.org/00d440w27,Tenri University,active,1850396,Tenri,Nara,34.58333,135.83333,safe_active_exact_name_site_agreement
4314,fta_partner,safe_active,JP,Japan,https://ror.org/03wneh532,Tezukayama Gakuin University,active,1853909,Osaka,Osaka,34.69379,135.50107,safe_active_exact_name_site_agreement
4315,fta_partner,safe_active,JP,Japan,https://ror.org/0210pwe06,Tezukayama University,active,1855612,Nara,Nara,34.68505,135.80485,safe_active_exact_name_site_agreement
4316,fta_partner,safe_active,JP,Japan,https://ror.org/0395g0930,Toho College of Music,active,1859740,Kawagoe,Saitama,35.90861,139.48528,safe_active_exact_name_site_agreement
4317,fta_partner,safe_active,JP,Japan,https://ror.org/04ysgxa85,Toho Gakuen School of Music,active,1864518,Chōfu,Tokyo,35.65924,139.54837,safe_active_exact_name_site_agreement
4318,fta_partner,safe_active,JP,Japan,https://ror.org/01wmx5158,Tohoku Bunka Gakuen University,active,2111149,Sendai,Miyagi,38.26667,140.86667,safe_active_exact_name_site_agreement
4319,fta_partner,unmatched,JP,Japan,,,,,,,,,unmatched
4320,fta_partner,safe_active,JP,Japan,https://ror.org/01qr5a671,Tohoku Fukushi University,active,2111149,Sendai,Miyagi,38.26667,140.86667,safe_active_exact_name_site_agreement
4321,fta_partner,safe_active,JP,Japan,https://ror.org/0504dfg48,Tohoku Gakuin University,active,2111149,Sendai,Miyagi,38.26667,140.86667,safe_active_exact_name_site_agreement
4322,fta_partner,safe_active,JP,Japan,https://ror.org/01phqre83,Tohoku Institute of Technology,active,2111149,Sendai,Miyagi,38.26667,140.86667,safe_active_exact_name_site_agreement
4323,fta_partner,safe_active,JP,Japan,https://ror.org/01dq60k83,Tohoku University,active,2111149,Sendai,Miyagi,38.26667,140.86667,safe_active_exact_name_site_agreement
4324,fta_partner,safe_active,JP,Japan,https://ror.org/0318kta67,Tohoku University of Art and Design,active,2110556,Yamagata,Yamagata,38.23333,140.36667,safe_active_exact_name_site_agreement
4325,fta_partner,review,JP,Japan,,,,,,,,,held-alias-without-clean-domain-agreement
4326,fta_partner,safe_active,JP,Japan,https://ror.org/02hcx7n63,Toho University,active,1850147,Tokyo,Tokyo,35.6895,139.69171,safe_active_exact_name_only
4327,fta_partner,review,JP,Japan,,,,,,,,,held-alias-without-clean-domain-agreement
4328,fta_partner,safe_active,JP,Japan,https://ror.org/020pjpv69,Toin University of Yokohama,active,1848354,Yokohama,Kanagawa,35.43333,139.65,safe_active_exact_name_site_agreement
4329,fta_partner,safe_active,JP,Japan,https://ror.org/03aet8853,Tokai Gakuen University,active,1856057,Nagoya,Aichi,35.18147,136.90641,safe_active_exact_name_site_agreement
4330,fta_partner,safe_active,JP,Japan,https://ror.org/01p7qe739,Tokai University,active,1850147,Tokyo,Tokyo,35.6895,139.69171,safe_active_exact_name_site_agreement
4331,fta_partner,unmatched,JP,Japan,,,,,,,,,unmatched
4332,fta_partner,unmatched,JP,Japan,,,,,,,,,unmatched
4333,fta_partner,safe_active,JP,Japan,https://ror.org/0051kz410,Tokiwa University,active,2111901,Mito,Ibaraki,36.35,140.45,safe_active_exact_name_site_agreement
4334,fta_partner,review,JP,Japan,,,,,,,,,held-alias-without-clean-domain-agreement
4335,fta_partner,safe_active,JP,Japan,https://ror.org/00smwky98,Tokushima Bunri University,active,1850158,Tokushima,Tokushima,34.06667,134.56667,safe_active_exact_name_site_agreement
4336,fta_partner,safe_active,JP,Japan,https://ror.org/044vy1d05,Tokushima University,active,1850158,Tokushima,Tokushima,34.06667,134.56667,safe_active_exact_name_site_agreement
4337,fta_partner,review,JP,Japan,,,,,,,,,held-alias-without-clean-domain-agreement
4338,fta_partner,safe_active,JP,Japan,https://ror.org/050nxyk29,Tokyo College of Music,active,1850147,Tokyo,Tokyo,35.6895,139.69171,safe_active_exact_name_site_agreement
4339,fta_partner,safe_active,JP,Japan,https://ror.org/01pa62v70,Tokyo Denki University,active,1850147,Tokyo,Tokyo,35.6895,139.69171,safe_active_exact_name_site_agreement
4340,fta_partner,safe_active,JP,Japan,https://ror.org/0220f5b41,Tokyo Dental College,active,2113015,Chiba,Chiba,35.6,140.11667,safe_active_exact_name_site_agreement
4341,fta_partner,review,JP,Japan,,,,,,,,,held_review_site_only
4342,fta_partner,safe_active,JP,Japan,https://ror.org/00khh5r84,Tokyo Gakugei University,active,1850147,Tokyo,Tokyo,35.6895,139.69171,safe_active_exact_name_site_agreement
4343,fta_partner,review,JP,Japan,,,,,,,,,held_review_site_only
4344,fta_partner,safe_active,JP,Japan,https://ror.org/0112mx960,Tokyo Institute of Technology,active,1850147,Tokyo,Tokyo,35.6895,139.69171,safe_active_exact_name_site_agreement
4345,fta_partner,safe_active,JP,Japan,https://ror.org/01g9ekh39,Tokyo International University,active,1859740,Kawagoe,Saitama,35.90861,139.48528,safe_active_exact_name_site_agreement
4346,fta_partner,safe_active,JP,Japan,https://ror.org/05xbyzq55,Tokyo Kasei University,active,1850147,Tokyo,Tokyo,35.6895,139.69171,safe_active_exact_name_site_agreement
4347,fta_partner,safe_active,JP,Japan,https://ror.org/03b0ym704,Tokyo Keizai University,active,1850147,Tokyo,Tokyo,35.6895,139.69171,safe_active_exact_name_site_agreement
4348,fta_partner,safe_active,JP,Japan,https://ror.org/051k3eh31,Tokyo Medical and Dental University,active,1850147,Tokyo,Tokyo,35.6895,139.69171,safe_active_exact_name_site_agreement
4349,fta_partner,review,JP,Japan,,,,,,,,,held_review_site_only
4350,fta_partner,unmatched,JP,Japan,,,,,,,,,unmatched
4351,fta_partner,safe_active,JP,Japan,https://ror.org/00ws30h19,Tokyo Metropolitan University,active,1850147,Tokyo,Tokyo,35.6895,139.69171,safe_active_exact_name_only
4352,fta_partner,unmatched,JP,Japan,,,,,,,,,unmatched
4353,fta_partner,review,JP,Japan,,,,,,,,,held_review_site_only
4354,fta_partner,review,JP,Japan,,,,,,,,,held_review_site_only
4355,fta_partner,safe_active,JP,Japan,https://ror.org/05crbcr45,Tokyo University of Agriculture,active,1850147,Tokyo,Tokyo,35.6895,139.69171,safe_active_exact_name_site_agreement
4356,fta_partner,safe_active,JP,Japan,https://ror.org/00qg0kr10,Tokyo University of Agriculture and Technology,active,1850147,Tokyo,Tokyo,35.6895,139.69171,safe_active_exact_name_site_agreement
4357,fta_partner,review,JP,Japan,,,,,,,,,held_review_site_only
4358,fta_partner,unmatched,JP,Japan,,,,,,,,,unmatched
4359,fta_partner,safe_active,JP,Japan,https://ror.org/027tyzk91,Tokyo University of Foreign Studies,active,1850147,Tokyo,Tokyo,35.6895,139.69171,safe_active_exact_name_site_agreement
4360,fta_partner,safe_active,JP,Japan,https://ror.org/044bdx604,Tokyo University of Information Sciences,active,2113015,Chiba,Chiba,35.6,140.11667,safe_active_exact_name_site_agreement
4361,fta_partner,unmatched,JP,Japan,,,,,,,,,unmatched
4362,fta_partner,review,JP,Japan,,,,,,,,,held_review_site_only
4363,fta_partner,safe_active,JP,Japan,https://ror.org/03mb27p64,Tokyo Woman's Christian University,active,1850147,Tokyo,Tokyo,35.6895,139.69171,safe_active_exact_name_site_agreement
4364,fta_partner,safe_active,JP,Japan,https://ror.org/05dx9zk73,Tokyo Women's College of Physical Education,active,1850147,Tokyo,Tokyo,35.6895,139.69171,safe_active_exact_name_site_agreement
4365,fta_partner,review,JP,Japan,,,,,,,,,held_review_site_only
4366,fta_partner,safe_active,JP,Japan,https://ror.org/035367g48,Tomakomai Komazawa University,active,2127733,Tomakomai,Hokkaido,42.63694,141.60333,safe_active_exact_name_only
4367,fta_partner,safe_active,JP,Japan,https://ror.org/024yc3q36,Tottori University,active,1849892,Tottori-shi,Tottori,35.5,134.23333,safe_active_exact_name_site_agreement
4368,fta_partner,safe_active,JP,Japan,https://ror.org/0575dme84,Tottori University of Environmental Studies,active,1849892,Tottori-shi,Tottori,35.5,134.23333,safe_active_exact_name_site_agreement
4369,fta_partner,unmatched,JP,Japan,,,,,,,,,unmatched
4370,fta_partner,safe_active,JP,Japan,https://ror.org/03xgh2v50,Toyama Prefectural University,active,6822125,Imizu,Toyama,36.76835,137.12572,safe_active_exact_name_site_agreement
4371,fta_partner,unmatched,JP,Japan,,,,,,,,,unmatched
4372,fta_partner,safe_active,JP,Japan,https://ror.org/03373tb44,Toyama University of International Studies,active,1849876,Toyama,Toyama,36.7,137.21667,safe_active_exact_name_site_agreement
4373,fta_partner,review,JP,Japan,,,,,,,,,held_review_site_only
4374,fta_partner,safe_active,JP,Japan,https://ror.org/048c1xv24,Toyo Gakuen University,active,1856184,Nagareyama,Chiba,35.8563,139.90266,safe_active_exact_name_only
4375,fta_partner,safe_active,JP,Japan,https://ror.org/04ezg6d83,Toyohashi University of Technology,active,1849846,Toyohashi,Aichi,34.76667,137.38333,safe_active_exact_name_site_agreement
4376,fta_partner,safe_active,JP,Japan,https://ror.org/001hv0k59,Toyota Technological Institute,active,1856057,Nagoya,Aichi,35.18147,136.90641,safe_active_exact_name_site_agreement
4377,fta_partner,safe_active,JP,Japan,https://ror.org/059d6yn51,Toyo University,active,1850147,Tokyo,Tokyo,35.6895,139.69171,safe_active_exact_name_site_agreement
4378,fta_partner,safe_active,JP,Japan,https://ror.org/027mg2511,Tsuda University,active,1850147,Tokyo,Tokyo,35.6895,139.69171,safe_active_exact_name_site_agreement
4379,fta_partner,review,JP,Japan,,,,,,,,,held_review_site_only
4380,fta_partner,safe_active,JP,Japan,https://ror.org/04j8wth34,Tsurumi University,active,1848354,Yokohama,Kanagawa,35.43333,139.65,safe_active_exact_name_site_agreement
4381,fta_partner,safe_active,JP,Japan,https://ror.org/03x874836,Tsuru University,active,1851259,Tahara,Aichi,34.66799,137.26736,safe_active_exact_name_site_agreement
4382,fta_partner,review,JP,Japan,,,,,,,,,held_review_site_only
4383,fta_partner,unmatched,JP,Japan,,,,,,,,,unmatched
4384,fta_partner,safe_active,JP,Japan,https://ror.org/02pg0e883,University of Aizu,active,2112923,Fukushima,Fukushima,37.75,140.46667,safe_active_exact_name_site_agreement
4385,fta_partner,review,JP,Japan,,,,,,,,,held_review_site_only
4386,fta_partner,safe_active,JP,Japan,https://ror.org/05ptpxn60,University of East Asia,active,1852225,Shimonoseki,Yamaguchi,33.95548,130.93713,safe_active_exact_name_site_agreement
4387,fta_partner,safe_active,JP,Japan,https://ror.org/02x73b849,University of Electro-Communications,active,1850147,Tokyo,Tokyo,35.6895,139.69171,safe_active_exact_name_site_agreement
4388,fta_partner,safe_active,JP,Japan,https://ror.org/05k4ves29,University of Marketing and Distribution Sciences,active,1859171,Kobe,Hyōgo,34.6913,135.183,safe_active_exact_name_site_agreement
4389,fta_partner,safe_active,JP,Japan,https://ror.org/020p3h829,University of Occupational and Environmental Health Japan,active,1859307,Kitakyushu,Fukuoka,33.85181,130.85034,safe_active_exact_name_site_agreement
4390,fta_partner,safe_active,JP,Japan,https://ror.org/02dvjfw95,University of Shiga Prefecture,active,1862636,Hikone,Shiga,35.25,136.25,safe_active_exact_name_site_agreement
4391,fta_partner,unmatched,JP,Japan,,,,,,,,,unmatched
4392,fta_partner,safe_active,JP,Japan,https://ror.org/02z1n9q24,University of the Ryukyus,active,1894616,Okinawa,Okinawa,26.33583,127.80139,safe_active_exact_name_site_agreement
4393,fta_partner,review,JP,Japan,,,,,,,,,held_review_site_only
4394,fta_partner,safe_active,JP,Japan,https://ror.org/05bx1gz93,Utsunomiya University,active,1849053,Utsunomiya,Tochigi,36.56667,139.88333,safe_active_exact_name_site_agreement
4395,fta_partner,review,JP,Japan,,,,,,,,,held_review_site_only
4396,fta_partner,safe_active,JP,Japan,https://ror.org/05wr49d48,Wakayama University,active,1926004,Wakayama,Wakayama,34.23333,135.16667,safe_active_exact_name_site_agreement
4397,fta_partner,review,JP,Japan,,,,,,,,,held_review_site_only
4398,fta_partner,safe_active,JP,Japan,https://ror.org/05n7t1e46,Wako University,active,1857871,Machida,Tokyo,35.54028,139.45083,safe_active_exact_name_site_agreement
4399,fta_partner,safe_active,JP,Japan,https://ror.org/00ntfnx83,Waseda University,active,1850147,Tokyo,Tokyo,35.6895,139.69171,safe_active_exact_name_only
4400,fta_partner,safe_active,JP,Japan,https://ror.org/00pafka32,Wayo Women's University,active,2113015,Chiba,Chiba,35.6,140.11667,safe_active_exact_name_site_agreement
4401,fta_partner,review,JP,Japan,,,,,,,,,held-alias-without-clean-domain-agreement
4402,fta_partner,safe_active,JP,Japan,https://ror.org/00xy44n04,Yamagata University,active,2110556,Yamagata,Yamagata,38.23333,140.36667,safe_active_exact_name_site_agreement
4403,fta_partner,safe_active,JP,Japan,https://ror.org/04b7w1811,Yamaguchi Prefectural University,active,1848689,Yamaguchi,Yamaguchi,34.18333,131.46667,safe_active_exact_name_site_agreement
4404,fta_partner,safe_active,JP,Japan,https://ror.org/03cxys317,Yamaguchi University,active,1848689,Yamaguchi,Yamaguchi,34.18333,131.46667,safe_active_exact_name_site_agreement
4405,fta_partner,safe_active,JP,Japan,https://ror.org/02n5c8f58,Yamanashi Gakuin University,active,1859100,Kofu,Yamanashi,35.66667,138.56667,safe_active_exact_name_site_agreement
4406,fta_partner,unmatched,JP,Japan,,,,,,,,,unmatched
4407,fta_partner,review,JP,Japan,,,,,,,,,held_review_site_only
4408,fta_partner,safe_active,JP,Japan,https://ror.org/03c5e1619,Yasuda Women's University,active,1862415,Hiroshima,Hiroshima,34.4,132.45,safe_active_exact_name_site_agreement
4409,fta_partner,safe_active,JP,Japan,https://ror.org/0556naa44,Yokkaichi University,active,1848373,Yokkaichi,Mie,34.96667,136.61667,safe_active_exact_name_site_agreement
4410,fta_partner,safe_active,JP,Japan,https://ror.org/0135d1r83,Yokohama City University,active,1848354,Yokohama,Kanagawa,35.43333,139.65,safe_active_exact_name_site_agreement
4411,fta_partner,safe_active,JP,Japan,https://ror.org/02s5d1b23,Yokohama College of Commerce,active,1848354,Yokohama,Kanagawa,35.43333,139.65,safe_active_exact_name_site_agreement
4412,fta_partner,safe_active,JP,Japan,https://ror.org/03zyp6p76,Yokohama National University,active,1848354,Yokohama,Kanagawa,35.43333,139.65,safe_active_exact_name_site_agreement
4476,fta_partner,safe_active,KH,Cambodia,https://ror.org/0071art98,Angkor University,active,1822214,Siem Reap,Siem Reap,13.36179,103.86056,safe_active_exact_name_site_agreement
4477,fta_partner,review,KH,Cambodia,,,,,,,,,held_review_site_only
4478,fta_partner,safe_active,KH,Cambodia,https://ror.org/01nbgfe29,Build Bright University,active,1822214,Siem Reap,Siem Reap,13.36179,103.86056,safe_active_exact_name_site_agreement
4479,fta_partner,safe_active,KH,Cambodia,https://ror.org/059gxc315,Cambodian Mekong University,active,1821306,Phnom Penh,Phnom Penh,11.56245,104.91601,safe_active_exact_name_site_agreement
4480,fta_partner,review,KH,Cambodia,,,,,,,,,held_review_site_only
4481,fta_partner,unmatched,KH,Cambodia,,,,,,,,,unmatched
4482,fta_partner,safe_active,KH,Cambodia,https://ror.org/02knr1992,International University,active,1821306,Phnom Penh,Phnom Penh,11.56245,104.91601,safe_active_exact_name_site_agreement
4483,fta_partner,safe_active,KH,Cambodia,https://ror.org/04yg0vm25,National Institute of Education,active,1821306,Phnom Penh,Phnom Penh,11.56245,104.91601,safe_active_exact_name_only
4484,fta_partner,safe_active,KH,Cambodia,https://ror.org/01e4tbd96,National University of Management,active,1821306,Phnom Penh,Phnom Penh,11.56245,104.91601,safe_active_exact_name_site_agreement
4485,fta_partner,safe_active,KH,Cambodia,https://ror.org/02re6fe17,Norton University,active,1821306,Phnom Penh,Phnom Penh,11.56245,104.91601,safe_active_exact_name_only
4486,fta_partner,review,KH,Cambodia,,,,,,,,,held_review_site_only
4487,fta_partner,review,KH,Cambodia,,,,,,,,,held_review_site_only
4488,fta_partner,safe_active,KH,Cambodia,https://ror.org/01w33af17,Royal University of Fine Arts,active,1821306,Phnom Penh,Phnom Penh,11.56245,104.91601,safe_active_exact_name_site_agreement
4489,fta_partner,safe_active,KH,Cambodia,https://ror.org/02mh3at17,Royal University of Law and Economics,active,1821306,Phnom Penh,Phnom Penh,11.56245,104.91601,safe_active_exact_name_site_agreement
4490,fta_partner,safe_active,KH,Cambodia,https://ror.org/05rtvan68,Royal University of Phnom Penh,active,1821306,Phnom Penh,Phnom Penh,11.56245,104.91601,safe_active_exact_name_site_agreement
4491,fta_partner,review,KH,Cambodia,,,,,,,,,held_review_site_only
4492,fta_partner,safe_active,KH,Cambodia,https://ror.org/025e3rc84,University of Cambodia,active,1821306,Phnom Penh,Phnom Penh,11.56245,104.91601,safe_active_exact_name_site_agreement
4493,fta_partner,unmatched,KH,Cambodia,,,,,,,,,unmatched
4494,fta_partner,unmatched,KH,Cambodia,,,,,,,,,unmatched
4495,fta_partner,safe_active,KH,Cambodia,https://ror.org/02agqkc58,Western University,active,1821306,Phnom Penh,Phnom Penh,11.56245,104.91601,safe_active_exact_name_only
4496,fta_partner,review,KH,Cambodia,,,,,,,,,held-alias-without-clean-domain-agreement
4503,fta_partner,safe_active,KR,South Korea,https://ror.org/03tzb2h73,Ajou University,active,1835553,Suwon,Gyeonggi-do,37.29111,127.00889,safe_active_exact_name_site_agreement
4504,fta_partner,review,KR,South Korea,,,,,,,,,held-alias-without-clean-domain-agreement
4505,fta_partner,safe_active,KR,South Korea,https://ror.org/01fpnj063,Catholic University of Korea,active,1835848,Seoul,Seoul,37.566,126.9784,safe_active_exact_name_only
4506,fta_partner,safe_active,KR,South Korea,https://ror.org/03tawch75,Catholic University of Pusan,active,1838524,Busan,Busan,35.10168,129.03004,safe_active_exact_name_only
4507,fta_partner,unmatched,KR,South Korea,,,,,,,,,unmatched
4508,fta_partner,safe_active,KR,South Korea,https://ror.org/04ts4qa58,Changwon National University,active,1846326,Changwon,Gyeongsangnam-do,35.22806,128.68111,safe_active_exact_name_only
4509,fta_partner,unmatched,KR,South Korea,,,,,,,,,unmatched
4510,fta_partner,unmatched,KR,South Korea,,,,,,,,,unmatched
4511,fta_partner,unmatched,KR,South Korea,,,,,,,,,unmatched
4512,fta_partner,safe_active,KR,South Korea,https://ror.org/042jsgw44,Chinju National University of Education,active,1846052,Jinju,Gyeongsangnam-do,35.19278,128.08472,safe_active_exact_name_only
4513,fta_partner,safe_active,KR,South Korea,https://ror.org/00yezxw87,Chodang University,active,1840982,Muan,Jeollanam-do,34.99014,126.47899,safe_active_exact_name_only
4514,fta_partner,review,KR,South Korea,,,,,,,,,held-alias-without-clean-domain-agreement
4515,fta_partner,unmatched,KR,South Korea,,,,,,,,,unmatched
4516,fta_partner,review,KR,South Korea,,,,,,,,,held_review_site_only
4517,fta_partner,unmatched,KR,South Korea,,,,,,,,,unmatched
4518,fta_partner,unmatched,KR,South Korea,,,,,,,,,unmatched
4519,fta_partner,safe_active,KR,South Korea,https://ror.org/05kzjxq56,Chonnam National University,active,1841811,Gwangju,Gwangju,35.15472,126.91556,safe_active_exact_name_only
4520,fta_partner,safe_active,KR,South Korea,https://ror.org/01zt9a375,Chosun University,active,1841811,Gwangju,Gwangju,35.15472,126.91556,safe_active_exact_name_only
4521,fta_partner,unmatched,KR,South Korea,,,,,,,,,unmatched
4522,fta_partner,safe_active,KR,South Korea,https://ror.org/01r024a98,Chung-Ang University,active,1835848,Seoul,Seoul,37.566,126.9784,safe_active_exact_name_only
4523,fta_partner,safe_active,KR,South Korea,https://ror.org/02wnxgj78,Chungbuk National University,active,1845604,Cheongju-si,North Chungcheong,36.63722,127.48972,safe_active_exact_name_only
4524,fta_partner,unmatched,KR,South Korea,,,,,,,,,unmatched
4525,fta_partner,safe_active,KR,South Korea,https://ror.org/0227as991,Chungnam National University,active,1835235,Daejeon,Daejeon,36.34913,127.38493,safe_active_exact_name_only
4526,fta_partner,unmatched,KR,South Korea,,,,,,,,,unmatched
4527,fta_partner,review,KR,South Korea,,,,,,,,,held-multiple-ror-locations
4528,fta_partner,safe_active,KR,South Korea,https://ror.org/03qvtpc38,Dong-A University,active,1838524,Busan,Busan,35.10168,129.03004,safe_active_exact_name_site_agreement
4529,fta_partner,safe_active,KR,South Korea,https://ror.org/039p7ck60,Dongduk Women's University,active,1835848,Seoul,Seoul,37.566,126.9784,safe_active_exact_name_site_agreement
4530,fta_partner,safe_active,KR,South Korea,https://ror.org/059g69b28,Dong-Eui University,active,1838524,Busan,Busan,35.10168,129.03004,safe_active_exact_name_only
4531,fta_partner,safe_active,KR,South Korea,https://ror.org/057q6n778,Dongguk University,active,1835848,Seoul,Seoul,37.566,126.9784,safe_active_exact_name_only
4532,fta_partner,safe_active,KR,South Korea,https://ror.org/00wygsf57,Dongseo University,active,1838524,Busan,Busan,35.10168,129.03004,safe_active_exact_name_only
4533,fta_partner,safe_active,KR,South Korea,https://ror.org/01thhk923,Dongshin University,active,1840536,Naju,Jeollanam-do,35.0292,126.7175,safe_active_exact_name_only
4534,fta_partner,unmatched,KR,South Korea,,,,,,,,,unmatched
4535,fta_partner,safe_active,KR,South Korea,https://ror.org/01h6frr69,Duksung Women's University,active,1835848,Seoul,Seoul,37.566,126.9784,safe_active_exact_name_site_agreement
4536,fta_partner,review,KR,South Korea,,,,,,,,,held_review_site_only
4537,fta_partner,review,KR,South Korea,,,,,,,,,held_review_site_only
4538,fta_partner,safe_active,KR,South Korea,https://ror.org/00p8em311,Gyeongju University,active,1841603,Gyeongju,Gyeongsangbuk-do,35.84278,129.21167,safe_active_exact_name_only
4539,fta_partner,safe_active,KR,South Korea,https://ror.org/00saywf64,Gyeongsang National University,active,1846050,Jinju-si,Gyeongsangnam-do,35.20445,128.12408,safe_active_exact_name_only
4540,fta_partner,safe_active,KR,South Korea,https://ror.org/03kw5ag50,Halla University,active,1833105,Wŏnju,Gangwon-do,37.35139,127.94528,safe_active_exact_name_site_agreement
4541,fta_partner,safe_active,KR,South Korea,https://ror.org/03sbhge02,Hallym University,active,1845136,Chuncheon,Gangwon-do,37.87472,127.73417,safe_active_exact_name_only
4542,fta_partner,review,KR,South Korea,,,,,,,,,held-alias-without-clean-domain-agreement
4543,fta_partner,safe_active,KR,South Korea,https://ror.org/051q2m369,Hankuk University of Foreign Studies,active,1835848,Seoul,Seoul,37.566,126.9784,safe_active_exact_name_site_agreement
4544,fta_partner,safe_active,KR,South Korea,https://ror.org/0031nsg68,Hankyong National University,active,1846912,Anseong,Gyeonggi-do,37.01083,127.27028,safe_active_exact_name_only
4545,fta_partner,safe_active,KR,South Korea,https://ror.org/01cwbae71,Hannam University,active,1835235,Daejeon,Daejeon,36.34913,127.38493,safe_active_exact_name_site_agreement
4546,fta_partner,safe_active,KR,South Korea,https://ror.org/01bxsr356,Hansei University,active,1835848,Seoul,Seoul,37.566,126.9784,safe_active_exact_name_site_agreement
4547,fta_partner,safe_active,KR,South Korea,https://ror.org/02jv06474,Hanseo University,active,1835895,Seosan City,Chungcheongnam-do,36.78167,126.45222,safe_active_exact_name_site_agreement
4548,fta_partner,safe_active,KR,South Korea,https://ror.org/039fgyk85,Hanshin University,active,1839652,Osan,Gyeonggi-do,37.15222,127.07056,safe_active_exact_name_only
4549,fta_partner,review,KR,South Korea,,,,,,,,,held_review_site_only
4550,fta_partner,safe_active,KR,South Korea,https://ror.org/046865y68,Hanyang University,active,1835848,Seoul,Seoul,37.566,126.9784,safe_active_exact_name_site_agreement
4551,fta_partner,safe_active,KR,South Korea,https://ror.org/04vj5r404,Honam University,active,1841811,Gwangju,Gwangju,35.15472,126.91556,safe_active_exact_name_site_agreement
4552,fta_partner,safe_active,KR,South Korea,https://ror.org/00egdv862,Hongik University,active,1835848,Seoul,Seoul,37.566,126.9784,safe_active_exact_name_only
4553,fta_partner,safe_active,KR,South Korea,https://ror.org/01qyd4k24,Hoseo University,active,1839726,Asan,Chungcheongnam-do,36.78361,127.00417,safe_active_exact_name_site_agreement
4554,fta_partner,safe_active,KR,South Korea,https://ror.org/010cbg926,Hyupsung University,active,1843847,Hwaseong-si,Gyeonggi-do,37.20682,126.8169,safe_active_exact_name_only
4555,fta_partner,unmatched,KR,South Korea,,,,,,,,,unmatched
4556,fta_partner,unmatched,KR,South Korea,,,,,,,,,unmatched
4557,fta_partner,inactive_history,KR,South Korea,,,,,,,,,held_inactive_exact_name
4558,fta_partner,safe_active,KR,South Korea,https://ror.org/01easw929,Inha University,active,1843564,Incheon,Incheon,37.45646,126.70515,safe_active_exact_name_site_agreement
4559,fta_partner,safe_active,KR,South Korea,https://ror.org/04xqwq985,Inje University,active,1842943,Gimhae,Gyeongsangnam-do,35.23417,128.88111,safe_active_exact_name_site_agreement
4560,fta_partner,safe_active,KR,South Korea,https://ror.org/015v9d997,Jeonju University,active,1845457,Jeonju,Jeollabuk-do,35.82194,127.14889,safe_active_exact_name_only
4561,fta_partner,safe_active,KR,South Korea,https://ror.org/00ea13906,Kangnam University,active,1832426,Yongin-si,Gyeonggi-do,37.23825,127.17795,safe_active_exact_name_site_agreement
4562,fta_partner,unmatched,KR,South Korea,,,,,,,,,unmatched
4563,fta_partner,safe_active,KR,South Korea,https://ror.org/01mh5ph17,Kangwon National University,active,1845136,Chuncheon,Gangwon-do,37.87472,127.73417,safe_active_exact_name_site_agreement
4564,fta_partner,review,KR,South Korea,,,,,,,,,held-multiple-ror-locations
4565,fta_partner,safe_active,KR,South Korea,https://ror.org/035g89j34,KDI School of Public Policy and Management,active,11523293,Sejong,Sejong-si,36.59245,127.29223,safe_active_exact_name_site_agreement
4566,fta_partner,safe_active,KR,South Korea,https://ror.org/00tjv0s33,Keimyung University,active,1835329,Daegu,Daegu,35.87028,128.59111,safe_active_exact_name_only
4567,fta_partner,safe_active,KR,South Korea,https://ror.org/0373nm262,Kongju National University,active,1842616,Gongju,Chungcheongnam-do,36.45556,127.12472,safe_active_exact_name_only
4568,fta_partner,unmatched,KR,South Korea,,,,,,,,,unmatched
4569,fta_partner,safe_active,KR,South Korea,https://ror.org/025h1m602,Konkuk University,active,1835848,Seoul,Seoul,37.566,126.9784,safe_active_exact_name_site_agreement
4570,fta_partner,safe_active,KR,South Korea,https://ror.org/02v8yp068,Konyang University,active,1835235,Daejeon,Daejeon,36.34913,127.38493,safe_active_exact_name_site_agreement
4571,fta_partner,safe_active,KR,South Korea,https://ror.org/0049erg63,Kookmin University,active,1835848,Seoul,Seoul,37.566,126.9784,safe_active_exact_name_only
4572,fta_partner,safe_active,KR,South Korea,https://ror.org/05apxxy63,Korea Advanced Institute of Science and Technology,active,1835235,Daejeon,Daejeon,36.34913,127.38493,safe_active_exact_name_site_agreement
4573,fta_partner,unmatched,KR,South Korea,,,,,,,,,unmatched
4574,fta_partner,safe_active,KR,South Korea,https://ror.org/016ebag96,Korea National Open University,active,1835848,Seoul,Seoul,37.566,126.9784,safe_active_exact_name_site_agreement
4575,fta_partner,safe_active,KR,South Korea,https://ror.org/0168zcn11,Korea National University of Arts,active,1835848,Seoul,Seoul,37.566,126.9784,safe_active_exact_name_only
4576,fta_partner,safe_active,KR,South Korea,https://ror.org/03c9fpk55,Korea National University of Education,active,1845604,Cheongju-si,North Chungcheong,36.63722,127.48972,safe_active_exact_name_only
4577,fta_partner,unmatched,KR,South Korea,,,,,,,,,unmatched
4578,fta_partner,safe_active,KR,South Korea,https://ror.org/047dqcg40,Korea University,active,1835848,Seoul,Seoul,37.566,126.9784,safe_active_exact_name_site_agreement
4579,fta_partner,safe_active,KR,South Korea,https://ror.org/024b57v39,Kosin University,active,1838524,Busan,Busan,35.10168,129.03004,safe_active_exact_name_only
4580,fta_partner,unmatched,KR,South Korea,,,,,,,,,unmatched
4581,fta_partner,safe_active,KR,South Korea,https://ror.org/02yj55q56,Kunsan National University,active,1842025,Gunsan,Jeollabuk-do,35.97861,126.71139,safe_active_exact_name_only
4582,fta_partner,unmatched,KR,South Korea,,,,,,,,,unmatched
4583,fta_partner,review,KR,South Korea,,,,,,,,,held-alias-without-clean-domain-agreement
4584,fta_partner,unmatched,KR,South Korea,,,,,,,,,unmatched
4585,fta_partner,safe_active,KR,South Korea,https://ror.org/02e9zc863,Kwangwoon University,active,1835848,Seoul,Seoul,37.566,126.9784,safe_active_exact_name_only
4586,fta_partner,safe_active,KR,South Korea,https://ror.org/032xf8h46,Kyonggi University,active,1835553,Suwon,Gyeonggi-do,37.29111,127.00889,safe_active_exact_name_site_agreement
4587,fta_partner,unmatched,KR,South Korea,,,,,,,,,unmatched
4588,fta_partner,unmatched,KR,South Korea,,,,,,,,,unmatched
4589,fta_partner,safe_active,KR,South Korea,https://ror.org/024kwvm84,Kyungil University,active,1841598,Gyeongsan-si,Gyeongsangbuk-do,35.82333,128.73778,safe_active_exact_name_only
4590,fta_partner,safe_active,KR,South Korea,https://ror.org/037pkxm09,Kyungnam University,active,1846326,Changwon,Gyeongsangnam-do,35.22806,128.68111,safe_active_exact_name_site_agreement
4591,fta_partner,safe_active,KR,South Korea,https://ror.org/040c17130,Kyungpook National University,active,1835329,Daegu,Daegu,35.87028,128.59111,safe_active_exact_name_only
4592,fta_partner,safe_active,KR,South Korea,https://ror.org/05h9pgm95,Kyungsung University,active,1838524,Busan,Busan,35.10168,129.03004,safe_active_exact_name_only
4593,fta_partner,unmatched,KR,South Korea,,,,,,,,,unmatched
4594,fta_partner,review,KR,South Korea,,,,,,,,,held-alias-without-clean-domain-agreement
4595,fta_partner,safe_active,KR,South Korea,https://ror.org/023jsyh61,Mokpo National Maritime University,active,1841066,Mokpo,Jeollanam-do,34.81282,126.39181,safe_active_exact_name_site_agreement
4596,fta_partner,safe_active,KR,South Korea,https://ror.org/00v81k483,Mokpo National University,active,1840982,Muan,Jeollanam-do,34.99014,126.47899,safe_active_exact_name_only
4597,fta_partner,review,KR,South Korea,,,,,,,,,held_review_site_only
4598,fta_partner,safe_active,KR,South Korea,https://ror.org/00s9dpb54,Myongji University,active,1835848,Seoul,Seoul,37.566,126.9784,safe_active_exact_name_only
4599,fta_partner,unmatched,KR,South Korea,,,,,,,,,unmatched
4600,fta_partner,safe_active,KR,South Korea,https://ror.org/04xysgw12,Pohang University of Science and Technology,active,1839071,Pohang,Gyeongsangbuk-do,36.02917,129.36481,safe_active_exact_name_site_agreement
4601,fta_partner,safe_active,KR,South Korea,https://ror.org/0433kqc49,Pukyong National University,active,1838524,Busan,Busan,35.10168,129.03004,safe_active_exact_name_site_agreement
4602,fta_partner,safe_active,KR,South Korea,https://ror.org/01an57a31,Pusan National University,active,1838524,Busan,Busan,35.10168,129.03004,safe_active_exact_name_site_agreement
4603,fta_partner,unmatched,KR,South Korea,,,,,,,,,unmatched
4604,fta_partner,unmatched,KR,South Korea,,,,,,,,,unmatched
4605,fta_partner,unmatched,KR,South Korea,,,,,,,,,unmatched
4606,fta_partner,unmatched,KR,South Korea,,,,,,,,,unmatched
4607,fta_partner,safe_active,KR,South Korea,https://ror.org/04vxr4k74,Sahmyook University,active,1835848,Seoul,Seoul,37.566,126.9784,safe_active_exact_name_site_agreement
4608,fta_partner,unmatched,KR,South Korea,,,,,,,,,unmatched
4609,fta_partner,review,KR,South Korea,,,,,,,,,held_review_site_only
4610,fta_partner,unmatched,KR,South Korea,,,,,,,,,unmatched
4611,fta_partner,safe_active,KR,South Korea,https://ror.org/00aft1q37,Sejong University,active,1835848,Seoul,Seoul,37.566,126.9784,safe_active_exact_name_site_agreement
4612,fta_partner,safe_active,KR,South Korea,https://ror.org/01d100w34,Semyung University,active,1846278,Jecheon,North Chungcheong,37.13611,128.21194,safe_active_exact_name_site_agreement
4613,fta_partner,safe_active,KR,South Korea,https://ror.org/04x0k0m51,Seokyeong University,active,1835848,Seoul,Seoul,37.566,126.9784,safe_active_exact_name_only
4614,fta_partner,safe_active,KR,South Korea,https://ror.org/04x0k0m51,Seokyeong University,active,1835848,Seoul,Seoul,37.566,126.9784,safe_active_exact_name_only
4615,fta_partner,safe_active,KR,South Korea,https://ror.org/01adsjd47,Seonam University,active,1840379,Namwon,Jeollabuk-do,35.41,127.38583,safe_active_exact_name_site_agreement
4616,fta_partner,unmatched,KR,South Korea,,,,,,,,,unmatched
4617,fta_partner,safe_active,KR,South Korea,https://ror.org/04h9pn542,Seoul National University,active,1835848,Seoul,Seoul,37.566,126.9784,safe_active_exact_name_site_agreement
4618,fta_partner,safe_active,KR,South Korea,https://ror.org/01xts9v65,Seoul National University of Education,active,1835848,Seoul,Seoul,37.566,126.9784,safe_active_exact_name_only
4619,fta_partner,unmatched,KR,South Korea,,,,,,,,,unmatched
4620,fta_partner,review,KR,South Korea,,,,,,,,,held_review_site_only
4621,fta_partner,safe_active,KR,South Korea,https://ror.org/04b2fhx54,Seoul Women's University,active,1835848,Seoul,Seoul,37.566,126.9784,safe_active_exact_name_site_agreement
4622,fta_partner,safe_active,KR,South Korea,https://ror.org/00ncqx842,Seowon University,active,1845604,Cheongju-si,North Chungcheong,36.63722,127.48972,safe_active_exact_name_site_agreement
4623,fta_partner,safe_active,KR,South Korea,https://ror.org/02w3gk008,Silla University,active,1838524,Busan,Busan,35.10168,129.03004,safe_active_exact_name_only
4624,fta_partner,safe_active,KR,South Korea,https://ror.org/056tn4839,Sogang University,active,1835848,Seoul,Seoul,37.566,126.9784,safe_active_exact_name_site_agreement
4625,fta_partner,safe_active,KR,South Korea,https://ror.org/00vvvt117,Sookmyung Women's University,active,1835848,Seoul,Seoul,37.566,126.9784,safe_active_exact_name_only
4626,fta_partner,safe_active,KR,South Korea,https://ror.org/03qjsrb10,Soonchunhyang University,active,1835848,Seoul,Seoul,37.566,126.9784,safe_active_exact_name_only
4627,fta_partner,safe_active,KR,South Korea,https://ror.org/017xnm587,Soongsil University,active,1835848,Seoul,Seoul,37.566,126.9784,safe_active_exact_name_only
4628,fta_partner,safe_active,KR,South Korea,https://ror.org/043jqrs76,Sunchon National University,active,1835648,Suncheon,Jeollanam-do,34.9505,127.48784,safe_active_exact_name_only
4629,fta_partner,safe_active,KR,South Korea,https://ror.org/02dzzka09,Sungkyul University,active,1846898,Anyang-si,Gyeonggi-do,37.3925,126.92694,safe_active_exact_name_only
4630,fta_partner,unmatched,KR,South Korea,,,,,,,,,unmatched
4631,fta_partner,safe_active,KR,South Korea,https://ror.org/0500xzf72,Sungshin Women's University,active,1835848,Seoul,Seoul,37.566,126.9784,safe_active_exact_name_site_agreement
4632,fta_partner,unmatched,KR,South Korea,,,,,,,,,unmatched
4633,fta_partner,safe_active,KR,South Korea,https://ror.org/02t3h6354,Suwon Catholic University,active,1843847,Hwaseong-si,Gyeonggi-do,37.20682,126.8169,safe_active_exact_name_site_agreement
4634,fta_partner,unmatched,KR,South Korea,,,,,,,,,unmatched
4635,fta_partner,unmatched,KR,South Korea,,,,,,,,,unmatched
4636,fta_partner,unmatched,KR,South Korea,,,,,,,,,unmatched
4637,fta_partner,unmatched,KR,South Korea,,,,,,,,,unmatched
4638,fta_partner,unmatched,KR,South Korea,,,,,,,,,unmatched
4639,fta_partner,review,KR,South Korea,,,,,,,,,held-alias-without-clean-domain-agreement
4640,fta_partner,unmatched,KR,South Korea,,,,,,,,,unmatched
4641,fta_partner,unmatched,KR,South Korea,,,,,,,,,unmatched
4642,fta_partner,safe_active,KR,South Korea,https://ror.org/000qzf213,Korea University of Science and Technology,active,1835235,Daejeon,Daejeon,36.34913,127.38493,safe_active_exact_name_site_agreement
4643,fta_partner,safe_active,KR,South Korea,https://ror.org/006776986,Wonkwang University,active,1843491,Iksan,Jeollabuk-do,35.94389,126.95444,safe_active_exact_name_only
4644,fta_partner,safe_active,KR,South Korea,https://ror.org/00emz0366,Woosuk University,active,1845457,Jeonju,Jeollabuk-do,35.82194,127.14889,safe_active_exact_name_site_agreement
4645,fta_partner,safe_active,KR,South Korea,https://ror.org/05yc6p159,Yeungnam University,active,1835329,Daegu,Daegu,35.87028,128.59111,safe_active_exact_name_only
4646,fta_partner,safe_active,KR,South Korea,https://ror.org/01wjejq96,Yonsei University,active,1835848,Seoul,Seoul,37.566,126.9784,safe_active_exact_name_site_agreement
4647,fta_partner,unmatched,KR,South Korea,,,,,,,,,unmatched
4686,fta_partner,safe_active,LA,Laos,https://ror.org/031xne895,National University of Laos,active,1651944,Vientiane,Vientiane Prefecture,17.96667,102.6,safe_active_exact_name_site_agreement
4687,fta_partner,unmatched,LA,Laos,,,,,,,,,unmatched
4742,eu_framework,review,LT,Lithuania,,,,,,,,,held_review_site_only
4743,eu_framework,unmatched,LT,Lithuania,,,,,,,,,unmatched
4744,eu_framework,safe_active,LT,Lithuania,https://ror.org/01me6gb93,Kaunas University of Technology,active,598316,Kaunas,Kaunas,54.90272,23.90961,safe_active_exact_name_only
4745,eu_framework,review,LT,Lithuania,,,,,,,,,held_review_site_only
4746,eu_framework,review,LT,Lithuania,,,,,,,,,held_review_site_only
4747,eu_framework,review,LT,Lithuania,,,,,,,,,held_review_site_only
4748,eu_framework,unmatched,LT,Lithuania,,,,,,,,,unmatched
4749,eu_framework,unmatched,LT,Lithuania,,,,,,,,,unmatched
4750,eu_framework,unmatched,LT,Lithuania,,,,,,,,,unmatched
4751,eu_framework,unmatched,LT,Lithuania,,,,,,,,,unmatched
4752,eu_framework,review,LT,Lithuania,,,,,,,,,held_review_site_only
4753,eu_framework,review,LT,Lithuania,,,,,,,,,held_review_site_only
4754,eu_framework,safe_active,LT,Lithuania,https://ror.org/05r42kg44,Vilnius Academy of Arts,active,593116,Vilnius,Vilnius,54.68916,25.2798,safe_active_exact_name_only
4755,eu_framework,safe_active,LT,Lithuania,https://ror.org/02x3e4q36,Vilnius Gediminas Technical University,active,593116,Vilnius,Vilnius,54.68916,25.2798,safe_active_exact_name_site_agreement
4756,eu_framework,unmatched,LT,Lithuania,,,,,,,,,unmatched
4757,eu_framework,safe_active,LT,Lithuania,https://ror.org/03nadee84,Vilnius University,active,593116,Vilnius,Vilnius,54.68916,25.2798,safe_active_exact_name_site_agreement
4758,eu_framework,safe_active,LT,Lithuania,https://ror.org/04y7eh037,Vytautas Magnus University,active,598316,Kaunas,Kaunas,54.90156,23.90909,safe_active_exact_name_site_agreement
4759,eu_framework,unmatched,LU,,,,,,,,,,unmatched
4760,eu_framework,review,LU,,,,,,,,,,held_review_shared_site_only
4761,eu_framework,safe_active,LV,Latvia,https://ror.org/02r52cf76,Baltic International Academy,active,456172,Riga,Riga,56.946,24.10589,safe_active_exact_name_site_agreement
4762,eu_framework,safe_active,LV,Latvia,https://ror.org/01mrkb883,Daugavpils University,active,460413,Daugavpils,Daugavpils,55.88333,26.53333,safe_active_exact_name_only
4763,eu_framework,review,LV,Latvia,,,,,,,,,held_review_site_only
4764,eu_framework,review,LV,Latvia,,,,,,,,,held_review_site_only
4765,eu_framework,safe_active,LV,Latvia,https://ror.org/03f18y477,Latvian Academy of Culture,active,456172,Riga,Riga,56.946,24.10589,safe_active_exact_name_site_agreement
4766,eu_framework,unmatched,LV,Latvia,,,,,,,,,unmatched
4767,eu_framework,unmatched,LV,Latvia,,,,,,,,,unmatched
4768,eu_framework,safe_active,LV,Latvia,https://ror.org/00xxekd18,Latvian Maritime Academy,active,456172,Riga,Riga,56.946,24.10589,safe_active_exact_name_only
4769,eu_framework,unmatched,LV,Latvia,,,,,,,,,unmatched
4770,eu_framework,unmatched,LV,Latvia,,,,,,,,,unmatched
4771,eu_framework,unmatched,LV,Latvia,,,,,,,,,unmatched
4772,eu_framework,safe_active,LV,Latvia,https://ror.org/01qxgsr72,National Defence Academy of Latvia,active,456172,Riga,Riga,56.946,24.10589,safe_active_exact_name_only
4773,eu_framework,unmatched,LV,Latvia,,,,,,,,,unmatched
4774,eu_framework,review,LV,Latvia,,,,,,,,,held_review_site_only
4775,eu_framework,review,LV,Latvia,,,,,,,,,held-alias-without-clean-domain-agreement
4776,eu_framework,inactive_history,LV,Latvia,,,,,,,,,held_inactive_exact_name
4777,eu_framework,safe_active,LV,Latvia,https://ror.org/00twb6c09,Riga Technical University,active,456172,Riga,Riga,56.946,24.10589,safe_active_exact_name_site_agreement
4778,eu_framework,review,LV,Latvia,,,,,,,,,held_review_site_only
4779,eu_framework,safe_active,LV,Latvia,https://ror.org/00qaje814,Stockholm School of Economics in Riga,active,456172,Riga,Riga,56.946,24.10589,safe_active_exact_name_only
4780,eu_framework,safe_active,LV,Latvia,https://ror.org/01628w679,Transport and Telecommunication Institute,active,456172,Riga,Riga,56.946,24.10589,safe_active_exact_name_site_agreement
4781,eu_framework,safe_active,LV,Latvia,https://ror.org/05g3mes96,University of Latvia,active,456172,Riga,Riga,56.946,24.10589,safe_active_exact_name_site_agreement
4782,eu_framework,review,LV,Latvia,,,,,,,,,held_review_site_only
4851,fta_partner,safe_active,MM,Myanmar,https://ror.org/000pb1q18,International Theravada Buddhist Missionary University,active,1298824,Yangon,Yangon,16.80528,96.15611,safe_active_exact_name_site_agreement
4852,fta_partner,review,MM,Myanmar,,,,,,,,,held_site_name_conflict
4853,fta_partner,review,MM,Myanmar,,,,,,,,,held_site_name_conflict
4854,fta_partner,review,MM,Myanmar,,,,,,,,,held_review_site_only
4855,fta_partner,review,MM,Myanmar,,,,,,,,,held_site_name_conflict
4856,fta_partner,review,MM,Myanmar,,,,,,,,,held_site_name_conflict
4857,fta_partner,review,MM,Myanmar,,,,,,,,,held_site_name_conflict
4858,fta_partner,review,MM,Myanmar,,,,,,,,,held_review_site_only
4859,fta_partner,review,MM,Myanmar,,,,,,,,,held_review_site_only
4860,fta_partner,review,MM,Myanmar,,,,,,,,,held_site_name_conflict
4861,fta_partner,review,MM,Myanmar,,,,,,,,,held_site_name_conflict
4862,fta_partner,review,MM,Myanmar,,,,,,,,,held_site_name_conflict
4863,fta_partner,review,MM,Myanmar,,,,,,,,,held_site_name_conflict
4864,fta_partner,review,MM,Myanmar,,,,,,,,,held_site_name_conflict
4865,fta_partner,review,MM,Myanmar,,,,,,,,,held_review_site_only
4866,fta_partner,review,MM,Myanmar,,,,,,,,,held_site_name_conflict
4867,fta_partner,safe_active,MM,Myanmar,https://ror.org/02sw73p72,Technological University Mawlamyaing,active,1308465,Mawlamyine,Mon,16.49051,97.62825,safe_active_exact_name_site_agreement
4868,fta_partner,review,MM,Myanmar,,,,,,,,,held_review_site_only
4869,fta_partner,review,MM,Myanmar,,,,,,,,,held_site_name_conflict
4870,fta_partner,review,MM,Myanmar,,,,,,,,,held_site_name_conflict
4871,fta_partner,review,MM,Myanmar,,,,,,,,,held_site_name_conflict
4872,fta_partner,review,MM,Myanmar,,,,,,,,,held_site_name_conflict
4873,fta_partner,review,MM,Myanmar,,,,,,,,,held_site_name_conflict
4874,fta_partner,review,MM,Myanmar,,,,,,,,,held_review_site_only
4875,fta_partner,review,MM,Myanmar,,,,,,,,,held_review_site_only
4876,fta_partner,review,MM,Myanmar,,,,,,,,,held_site_name_conflict
4877,fta_partner,review,MM,Myanmar,,,,,,,,,held_site_name_conflict
4878,fta_partner,review,MM,Myanmar,,,,,,,,,held_review_site_only
4879,fta_partner,review,MM,Myanmar,,,,,,,,,held_review_site_only
4880,fta_partner,review,MM,Myanmar,,,,,,,,,held_review_site_only
4881,fta_partner,review,MM,Myanmar,,,,,,,,,held_review_site_only
4882,fta_partner,safe_active,MM,Myanmar,https://ror.org/019ad8130,University of Computer Studies Yangon,active,1298824,Yangon,Yangon,16.80528,96.15611,safe_active_exact_name_site_agreement
4883,fta_partner,safe_active,MM,Myanmar,https://ror.org/04y61qm95,University Of Medicine 1 Yangon,active,1298824,Yangon,Yangon,16.80528,96.15611,safe_active_exact_name_site_agreement
4884,fta_partner,safe_active,MM,Myanmar,https://ror.org/05bsrqh80,University of Medicine Magway,active,1312609,Magway,Magway,20.14956,94.93246,safe_active_exact_name_only
4901,eu_framework,unmatched,MT,Malta,,,,,,,,,unmatched
4902,eu_framework,unmatched,MT,Malta,,,,,,,,,unmatched
4903,eu_framework,safe_active,MT,Malta,https://ror.org/03a62bv60,University of Malta,active,2562698,Msida,L-Imsida,35.8925,14.48278,safe_active_exact_name_site_agreement
4913,fta_partner,review,MX,Mexico,,,,,,,,,held_review_site_only
4914,fta_partner,unmatched,MX,Mexico,,,,,,,,,unmatched
4915,fta_partner,unmatched,MX,Mexico,,,,,,,,,unmatched
4916,fta_partner,safe_active,MX,Mexico,https://ror.org/00zy9qe71,Xochicalco University,active,3981609,Tijuana,Baja California,32.5027,-117.00371,safe_active_exact_name_only
4917,fta_partner,unmatched,MX,Mexico,,,,,,,,,unmatched
4918,fta_partner,safe_active,MX,Mexico,https://ror.org/04gvszq17,CETYS Universidad,active,3996069,Mexicali,Baja California,32.62781,-115.45446,safe_active_exact_name_site_agreement
4919,fta_partner,unmatched,MX,Mexico,,,,,,,,,unmatched
4920,fta_partner,safe_active,MX,Mexico,https://ror.org/01vp99c97,El Colegio de México,active,3515428,Tlalpan,Mexico City,19.29513,-99.16206,safe_active_exact_name_site_agreement
4921,fta_partner,unmatched,MX,Mexico,,,,,,,,,unmatched
4922,fta_partner,unmatched,MX,Mexico,,,,,,,,,unmatched
4923,fta_partner,unmatched,MX,Mexico,,,,,,,,,unmatched
4924,fta_partner,safe_active,MX,Mexico,https://ror.org/059sp8j34,Instituto Politécnico Nacional,active,3530597,Mexico City,Mexico City,19.42847,-99.12766,safe_active_exact_name_only
4925,fta_partner,unmatched,MX,Mexico,,,,,,,,,unmatched
4926,fta_partner,review,MX,Mexico,,,,,,,,,held_review_site_only
4927,fta_partner,safe_active,MX,Mexico,https://ror.org/03qvpys73,Instituto Tecnológico de Aguascalientes,active,4019233,Aguascalientes,Aguascalientes,21.88234,-102.28259,safe_active_exact_name_only
4928,fta_partner,safe_active,MX,Mexico,https://ror.org/03tamv273,Technological Institute of Celaya,active,4014875,Celaya,Guanajuato,20.52353,-100.8157,safe_active_exact_name_only
4929,fta_partner,unmatched,MX,Mexico,,,,,,,,,unmatched
4930,fta_partner,safe_active,MX,Mexico,https://ror.org/02zmh8h66,Instituto Tecnológico de León,active,3998655,León,Guanajuato,21.12908,-101.67374,safe_active_exact_name_only
4931,fta_partner,unmatched,MX,Mexico,,,,,,,,,unmatched
4932,fta_partner,safe_active,MX,Mexico,https://ror.org/0433s0254,Instituto Tecnológico de Morelia,active,3995402,Morelia,Michoacán,19.70078,-101.18443,safe_active_exact_name_only
4933,fta_partner,safe_active,MX,Mexico,https://ror.org/00ca9p538,Instituto Tecnológico de Querétaro,active,3991164,Querétaro City,Querétaro,20.58806,-100.38806,safe_active_exact_name_site_agreement
4934,fta_partner,safe_active,MX,Mexico,https://ror.org/04w0a0617,Instituto Tecnológico de San Luis Potosí,active,3985606,San Luis Potosí City,San Luis Potosí,22.14982,-100.97916,safe_active_exact_name_only
4935,fta_partner,safe_active,MX,Mexico,https://ror.org/01v10fv91,Sonora Institute of Technology,active,4013704,Ciudad Obregón,Sonora,27.48642,-109.94083,safe_active_exact_name_site_agreement
4936,fta_partner,unmatched,MX,Mexico,,,,,,,,,unmatched
4937,fta_partner,safe_active,MX,Mexico,https://ror.org/00cwp6m07,Instituto Tecnológico y de Estudios Superiores de Occidente,active,3981461,Tlaquepaque,Jalisco,20.64121,-103.29342,safe_active_exact_name_site_agreement
4938,fta_partner,unmatched,MX,Mexico,,,,,,,,,unmatched
4939,fta_partner,unmatched,MX,Mexico,,,,,,,,,unmatched
4940,fta_partner,safe_active,MX,Mexico,https://ror.org/02z9t1k38,Universidad Anáhuac,active,3827414,Huixquilucan,México,19.35985,-99.35016,safe_active_exact_name_site_agreement
4941,fta_partner,safe_active,MX,Mexico,https://ror.org/057g08s23,Universidad Anáhuac México Sur,active,3530597,Mexico City,Mexico City,19.42847,-99.12766,safe_active_exact_name_site_agreement
4942,fta_partner,safe_active,MX,Mexico,https://ror.org/00ads0y69,Universidad Autónoma Agraria Antonio Narro,active,3988086,Saltillo,Coahuila,25.42321,-101.0053,safe_active_exact_name_site_agreement
4943,fta_partner,safe_active,MX,Mexico,https://ror.org/04mbdq019,Benito Juárez Autonomous University of Oaxaca,active,3522507,Oaxaca City,Oaxaca,17.06542,-96.72365,safe_active_exact_name_site_agreement
4944,fta_partner,safe_active,MX,Mexico,https://ror.org/03ec8vy26,Autonomous University of Aguascalientes,active,4019233,Aguascalientes,Aguascalientes,21.88234,-102.28259,safe_active_exact_name_site_agreement
4945,fta_partner,safe_active,MX,Mexico,https://ror.org/05xwcq167,Universidad Autónoma de Baja California,active,3996069,Mexicali,Baja California,32.62781,-115.45446,safe_active_exact_name_site_agreement
4946,fta_partner,safe_active,MX,Mexico,https://ror.org/01046sm89,Universidad Autónoma de Baja California Sur,active,4000900,La Paz,Baja California Sur,24.14231,-110.31316,safe_active_exact_name_site_agreement
4947,fta_partner,safe_active,MX,Mexico,https://ror.org/01v5y3463,Autonomous University of Campeche,active,3531732,Campeche,Campeche,19.84386,-90.52554,safe_active_exact_name_site_agreement
4948,fta_partner,review,MX,Mexico,,,,,,,,,held_review_site_only
4949,fta_partner,safe_active,MX,Mexico,https://ror.org/04eexme77,Universidad Autónoma de Chiapas,active,3515001,Tuxtla Gutiérrez,Chiapas,16.75357,-93.11578,safe_active_exact_name_site_agreement
4950,fta_partner,safe_active,MX,Mexico,https://ror.org/04mrrw205,Autonomous University of Chihuahua,active,4014338,Chihuahua City,Chihuahua,28.63528,-106.08889,safe_active_exact_name_site_agreement
4951,fta_partner,safe_active,MX,Mexico,https://ror.org/05fj8cf83,Universidad Autónoma de Ciudad Juárez,active,4013708,Ciudad Juárez,Chihuahua,31.72024,-106.46084,safe_active_exact_name_site_agreement
4952,fta_partner,safe_active,MX,Mexico,https://ror.org/00dpnh189,Universidad Autónoma de Coahuila,active,3988086,Saltillo,Coahuila,25.42321,-101.0053,safe_active_exact_name_site_agreement
4953,fta_partner,unmatched,MX,Mexico,,,,,,,,,unmatched
4954,fta_partner,safe_active,MX,Mexico,https://ror.org/039emag51,Universidad Autónoma de Fresnillo,active,4006163,Fresnillo,Zacatecas,23.18126,-102.87136,safe_active_exact_name_only
4955,fta_partner,safe_active,MX,Mexico,https://ror.org/05ppk0267,Universidad Autónoma de Guadalajara,active,4005539,Guadalajara,Jalisco,20.66682,-103.39182,safe_active_exact_name_site_agreement
4956,fta_partner,safe_active,MX,Mexico,https://ror.org/054tbkd46,Universidad Autónoma de Guerrero,active,3530870,Chilpancingo,Guerrero,17.55228,-99.50124,safe_active_exact_name_site_agreement
4957,fta_partner,safe_active,MX,Mexico,https://ror.org/04q0r6m34,Universidad Autónoma de la Ciudad de México,active,3530597,Mexico City,Mexico City,19.42847,-99.12766,safe_active_exact_name_site_agreement
4958,fta_partner,safe_active,MX,Mexico,https://ror.org/05spgdz37,Universidad Autónoma de La Laguna,active,3981254,Torreón,Coahuila,25.54389,-103.41898,safe_active_exact_name_site_agreement
4959,fta_partner,safe_active,MX,Mexico,https://ror.org/01npab275,Universidad Autónoma del Carmen,active,3530599,Ciudad del Carmen,Campeche,18.64592,-91.82991,safe_active_exact_name_site_agreement
4960,fta_partner,safe_active,MX,Mexico,https://ror.org/031f8kt38,Universidad Autónoma del Estado de Hidalgo,active,3522210,Pachuca,Hidalgo,20.11697,-98.73329,safe_active_exact_name_only
4961,fta_partner,safe_active,MX,Mexico,https://ror.org/0079gpv38,Universidad Autónoma del Estado de México,active,3515302,Toluca,México,19.28786,-99.65324,safe_active_exact_name_site_agreement
4962,fta_partner,safe_active,MX,Mexico,https://ror.org/03rzb4f20,Universidad Autónoma del Estado de Morelos,active,3529947,Cuernavaca,Morelos,18.9261,-99.23075,safe_active_exact_name_site_agreement
4963,fta_partner,safe_active,MX,Mexico,https://ror.org/03wz3nt64,Universidad Autónoma del Noreste,active,3988086,Saltillo,Coahuila,25.42321,-101.0053,safe_active_exact_name_site_agreement
4964,fta_partner,safe_active,MX,Mexico,https://ror.org/0576q1t15,Universidad Autónoma de Nayarit,active,3981941,Tepic,Nayarit,21.50951,-104.89569,safe_active_exact_name_only
4965,fta_partner,safe_active,MX,Mexico,https://ror.org/01fh86n78,Universidad Autónoma de Nuevo León,active,3985241,San Nicolás de los Garza,Nuevo León,25.74167,-100.30222,safe_active_exact_name_site_agreement
4966,fta_partner,safe_active,MX,Mexico,https://ror.org/00v8fdc16,Autonomous University of Queretaro,active,3991164,Querétaro City,Querétaro,20.58806,-100.38806,safe_active_exact_name_site_agreement
4967,fta_partner,safe_active,MX,Mexico,https://ror.org/000917t60,Autonomous University of San Luis Potosí,active,3985606,San Luis Potosí City,San Luis Potosí,22.14982,-100.97916,safe_active_exact_name_site_agreement
4968,fta_partner,safe_active,MX,Mexico,https://ror.org/05g1mh260,Universidad Autónoma de Sinaloa,active,4012176,Culiacán,Sinaloa,24.80209,-107.39421,safe_active_exact_name_only
4969,fta_partner,safe_active,MX,Mexico,https://ror.org/04hhneb29,Autonomous University of Tamaulipas,active,3530580,Ciudad Victoria,Tamaulipas,23.74174,-99.14599,safe_active_exact_name_only
4970,fta_partner,safe_active,MX,Mexico,https://ror.org/021vseb03,Universidad Autónoma de Tlaxcala,active,3815415,Tlaxcala City,Tlaxcala,19.31777,-98.23846,safe_active_exact_name_site_agreement
4971,fta_partner,review,MX,Mexico,,,,,,,,,held_review_site_only
4972,fta_partner,safe_active,MX,Mexico,https://ror.org/032p1n739,Autonomous University of Yucatán,active,3523349,Mérida,Yucatán,20.97537,-89.61696,safe_active_exact_name_site_agreement
4973,fta_partner,safe_active,MX,Mexico,https://ror.org/01m296r74,"Universidad Autónoma de Zacatecas ""Francisco García Salinas""",active,3979844,Zacatecas City,Zacatecas,22.76843,-102.58141,safe_active_exact_name_only
4974,fta_partner,unmatched,MX,Mexico,,,,,,,,,unmatched
4975,fta_partner,safe_active,MX,Mexico,https://ror.org/02kta5139,Universidad Autónoma Metropolitana,active,3530597,Mexico City,Mexico City,19.42847,-99.12766,safe_active_exact_name_site_agreement
4976,fta_partner,unmatched,MX,Mexico,,,,,,,,,unmatched
4977,fta_partner,unmatched,MX,Mexico,,,,,,,,,unmatched
4978,fta_partner,unmatched,MX,Mexico,,,,,,,,,unmatched
4979,fta_partner,unmatched,MX,Mexico,,,,,,,,,unmatched
4980,fta_partner,unmatched,MX,Mexico,,,,,,,,,unmatched
4981,fta_partner,review,MX,Mexico,,,,,,,,,held_review_site_only
4982,fta_partner,safe_active,MX,Mexico,https://ror.org/02rzpp332,Universidad Cristóbal Colón,active,3514783,Veracruz,Veracruz,19.18095,-96.1429,safe_active_exact_name_only
4983,fta_partner,safe_active,MX,Mexico,https://ror.org/04xjkmz40,Universidad Cuauhtémoc,active,3521081,Puebla City,Puebla,19.04778,-98.20723,safe_active_exact_name_only
4984,fta_partner,safe_active,MX,Mexico,https://ror.org/059m1x137,University of Celaya,active,4014875,Celaya,Guanajuato,20.52353,-100.8157,safe_active_exact_name_site_agreement
4985,fta_partner,safe_active,MX,Mexico,https://ror.org/01gxfn525,Universidad de Ciencias y Artes de Chiapas,active,3515001,Tuxtla Gutiérrez,Chiapas,16.75973,-93.11308,safe_active_exact_name_only
4986,fta_partner,safe_active,MX,Mexico,https://ror.org/04znxe670,Universidad de Colima,active,4013516,Colima,Colima,19.24997,-103.72714,safe_active_exact_name_site_agreement
4987,fta_partner,safe_active,MX,Mexico,https://ror.org/05aqxbm32,Universidad de Comunicación Avanzada,active,3995465,Monterrey,Nuevo León,25.67507,-100.31847,safe_active_exact_name_only
4988,fta_partner,unmatched,MX,Mexico,,,,,,,,,unmatched
4989,fta_partner,safe_active,MX,Mexico,https://ror.org/043xj7k26,Universidad de Guadalajara,active,4005539,Guadalajara,Jalisco,20.66682,-103.39182,safe_active_exact_name_site_agreement
4990,fta_partner,safe_active,MX,Mexico,https://ror.org/058cjye32,Universidad de Guanajuato,active,4005270,Guanajuato City,Guanajuato,21.01858,-101.2591,safe_active_exact_name_site_agreement
4991,fta_partner,unmatched,MX,Mexico,,,,,,,,,unmatched
4992,fta_partner,safe_active,MX,Mexico,https://ror.org/0019g1982,Universidad de Hermosillo,active,4004898,Hermosillo,Sonora,29.1026,-110.97732,safe_active_exact_name_only
4993,fta_partner,review,MX,Mexico,,,,,,,,,held-alias-without-clean-domain-agreement
4994,fta_partner,safe_active,MX,Mexico,https://ror.org/02j003371,Universidad de las Américas,active,3530597,Mexico City,Mexico City,19.42847,-99.12766,safe_active_exact_name_only
4995,fta_partner,safe_active,MX,Mexico,https://ror.org/01s1km724,Universidad de las Américas Puebla,active,3818742,San Andrés Cholula,Puebla,19.05144,-98.29526,safe_active_exact_name_site_agreement
4996,fta_partner,unmatched,MX,Mexico,,,,,,,,,unmatched
4997,fta_partner,unmatched,MX,Mexico,,,,,,,,,unmatched
4998,fta_partner,safe_active,MX,Mexico,https://ror.org/051nhdr80,Universidad del Centro de México,active,3985606,San Luis Potosí City,San Luis Potosí,22.14982,-100.97916,safe_active_exact_name_site_agreement
4999,fta_partner,safe_active,MX,Mexico,https://ror.org/040r3xq19,Universidad de León,active,3998655,León,Guanajuato,21.12908,-101.67374,safe_active_exact_name_site_agreement
5000,fta_partner,safe_active,MX,Mexico,https://ror.org/00kyx8y88,Universidad del Mar,active,3517970,San Pedro Pochutla,Oaxaca,15.74587,-96.46601,safe_active_exact_name_site_agreement
5001,fta_partner,unmatched,MX,Mexico,,,,,,,,,unmatched
5002,fta_partner,safe_active,MX,Mexico,https://ror.org/02ahky613,Universidad del Noreste,active,3516355,Tampico,Tamaulipas,22.28519,-97.87777,safe_active_exact_name_site_agreement
5003,fta_partner,unmatched,MX,Mexico,,,,,,,,,unmatched
5004,fta_partner,safe_active,MX,Mexico,https://ror.org/0350h3282,Universidad del Norte,active,3995465,Monterrey,Nuevo León,25.67507,-100.31847,safe_active_exact_name_site_agreement
5005,fta_partner,safe_active,MX,Mexico,https://ror.org/03zkjvs45,Universidad del Tepeyac,active,3530597,Mexico City,Mexico City,19.42847,-99.12766,safe_active_exact_name_site_agreement
5006,fta_partner,safe_active,MX,Mexico,https://ror.org/026p1jb43,University of the Valley of Atemajac,active,3979770,Zapopan,Jalisco,20.72356,-103.38479,safe_active_exact_name_site_agreement
5007,fta_partner,unmatched,MX,Mexico,,,,,,,,,unmatched
5008,fta_partner,safe_active,MX,Mexico,https://ror.org/05h9c3z20,Universidad del Valle de México,active,3530597,Mexico City,Mexico City,19.42847,-99.12766,safe_active_exact_name_only
5009,fta_partner,safe_active,MX,Mexico,https://ror.org/05r89fw56,Universidad del Valle de Puebla,active,3521081,Puebla City,Puebla,19.04778,-98.20723,safe_active_exact_name_only
5010,fta_partner,safe_active,MX,Mexico,https://ror.org/02fgyh323,Universidad del Valle de Toluca,active,3515302,Toluca,México,19.28786,-99.65324,safe_active_exact_name_site_agreement
5011,fta_partner,safe_active,MX,Mexico,https://ror.org/000vj2f52,University of Montemorelos,active,3523011,Montemorelos,Nuevo León,25.18909,-99.82865,safe_active_exact_name_only
5012,fta_partner,safe_active,MX,Mexico,https://ror.org/02arnxw97,University of Monterrey,active,4005937,Garza García,Nuevo León,25.6604,-100.40651,safe_active_exact_name_site_agreement
5013,fta_partner,review,MX,Mexico,,,,,,,,,held_review_site_only
5014,fta_partner,review,MX,Mexico,,,,,,,,,held-alias-without-clean-domain-agreement
5015,fta_partner,safe_active,MX,Mexico,https://ror.org/029w3ge75,University of Quintana Roo,active,3531023,Chetumal,Quintana Roo,18.51413,-88.30381,safe_active_exact_name_site_agreement
5016,fta_partner,safe_active,MX,Mexico,https://ror.org/04b9js332,Universidad de San Miguel,active,4012176,Culiacán,Sinaloa,24.79032,-107.38782,safe_active_exact_name_only
5017,fta_partner,safe_active,MX,Mexico,https://ror.org/00c32gy34,Universidad de Sonora,active,4004898,Hermosillo,Sonora,29.1026,-110.97732,safe_active_exact_name_site_agreement
5018,fta_partner,safe_active,MX,Mexico,https://ror.org/04k2dc025,Universidad Don Vasco,active,3980760,Uruapan,Michoacán,19.41116,-102.05644,safe_active_exact_name_site_agreement
5019,fta_partner,review,MX,Mexico,,,,,,,,,held_review_site_only
5020,fta_partner,safe_active,MX,Mexico,https://ror.org/04j0ryd72,Universidad Franciscana de México,active,3998655,León,Guanajuato,21.12908,-101.67374,safe_active_exact_name_site_agreement
5021,fta_partner,safe_active,MX,Mexico,https://ror.org/0189yfh12,Universidad Franco Mexicana,active,3522790,Naucalpan,México,19.47851,-99.23963,safe_active_exact_name_only
5022,fta_partner,safe_active,MX,Mexico,https://ror.org/0544vva66,Universidad Fray Luca Paccioli,active,3529947,Cuernavaca,Morelos,18.9261,-99.23075,safe_active_exact_name_only
5023,fta_partner,safe_active,MX,Mexico,https://ror.org/01gsj8877,Universidad Hispanoamericana,active,3531732,Campeche,Campeche,19.84386,-90.52554,safe_active_exact_name_only
5024,fta_partner,safe_active,MX,Mexico,https://ror.org/05vss7635,Ibero American University,active,3530597,Mexico City,Mexico City,19.42847,-99.12766,safe_active_exact_name_only
5025,fta_partner,review,MX,Mexico,,,,,,,,,held_review_site_only
5026,fta_partner,unmatched,MX,Mexico,,,,,,,,,unmatched
5027,fta_partner,safe_active,MX,Mexico,https://ror.org/021njs178,Universidad Intercontinental,active,3530597,Mexico City,Mexico City,19.42847,-99.12766,safe_active_exact_name_site_agreement
5028,fta_partner,unmatched,MX,Mexico,,,,,,,,,unmatched
5029,fta_partner,review,MX,Mexico,,,,,,,,,held_review_site_only
5030,fta_partner,safe_active,MX,Mexico,https://ror.org/04ee58018,Universidad Juárez Autónoma de Tabasco,active,3514670,Villahermosa,Tabasco,17.98689,-92.93028,safe_active_exact_name_site_agreement
5031,fta_partner,safe_active,MX,Mexico,https://ror.org/02w0sqd02,Universidad Juárez del Estado de Durango,active,4011743,Durango,Durango,24.02032,-104.65756,safe_active_exact_name_site_agreement
5032,fta_partner,safe_active,MX,Mexico,https://ror.org/01gaavs46,Justo Sierra University,active,3530597,Mexico City,Mexico City,19.42847,-99.12766,safe_active_exact_name_only
5033,fta_partner,safe_active,MX,Mexico,https://ror.org/04en6gs70,Universidad Kino,active,4004898,Hermosillo,Sonora,29.1026,-110.97732,safe_active_exact_name_site_agreement
5034,fta_partner,safe_active,MX,Mexico,https://ror.org/05h3txc33,Universidad La Concordia,active,4019233,Aguascalientes,Aguascalientes,21.88234,-102.28259,safe_active_exact_name_site_agreement
5035,fta_partner,safe_active,MX,Mexico,https://ror.org/05c99rg80,Universidad La Salle,active,3530597,Mexico City,Mexico City,19.42847,-99.12766,safe_active_exact_name_only
5036,fta_partner,unmatched,MX,Mexico,,,,,,,,,unmatched
5037,fta_partner,unmatched,MX,Mexico,,,,,,,,,unmatched
5038,fta_partner,safe_active,MX,Mexico,https://ror.org/05mfhxz88,Universidad Latina,active,3530597,Mexico City,Mexico City,19.42847,-99.12766,safe_active_exact_name_only
5039,fta_partner,safe_active,MX,Mexico,https://ror.org/01xzvwk54,Universidad Latinoamericana,active,3532276,Benito Juárez,Veracruz,20.88635,-98.20594,safe_active_exact_name_site_agreement
5040,fta_partner,safe_active,MX,Mexico,https://ror.org/00jcw6451,Universidad Madero,active,3521081,Puebla City,Puebla,19.04778,-98.20723,safe_active_exact_name_site_agreement
5041,fta_partner,safe_active,MX,Mexico,https://ror.org/057pbd488,Universidad Mesoamericana de San Agustín,active,3523349,Mérida,Yucatán,20.97537,-89.61696,safe_active_exact_name_site_agreement
5042,fta_partner,safe_active,MX,Mexico,https://ror.org/030ncfx10,Universidad Metropolitana de Monterrey,active,3995465,Monterrey,Nuevo León,25.67507,-100.31847,safe_active_exact_name_site_agreement
5043,fta_partner,safe_active,MX,Mexico,https://ror.org/047qtjs73,Universidad Metropolitana Latin Campus,active,4005539,Guadalajara,Jalisco,20.66682,-103.39182,safe_active_exact_name_site_agreement
5044,fta_partner,safe_active,MX,Mexico,https://ror.org/02p06pt44,Universidad Mexicana,active,3530597,Mexico City,Mexico City,19.42847,-99.12766,safe_active_exact_name_site_agreement
5045,fta_partner,unmatched,MX,Mexico,,,,,,,,,unmatched
5046,fta_partner,safe_active,MX,Mexico,https://ror.org/049tfqy31,Universidad México Americana del Norte,active,3520339,Reynosa,Tamaulipas,26.08061,-98.28835,safe_active_exact_name_site_agreement
5047,fta_partner,review,MX,Mexico,,,,,,,,,held_review_site_only
5048,fta_partner,safe_active,MX,Mexico,https://ror.org/00z0kq074,Universidad Michoacana de San Nicolás de Hidalgo,active,3995402,Morelia,Michoacán,19.70078,-101.18443,safe_active_exact_name_site_agreement
5049,fta_partner,unmatched,MX,Mexico,,,,,,,,,unmatched
5050,fta_partner,safe_active,MX,Mexico,https://ror.org/042ep7486,Universidad Motolinía del Pedregal,active,3530597,Mexico City,Mexico City,19.42847,-99.12766,safe_active_exact_name_only
5051,fta_partner,safe_active,MX,Mexico,https://ror.org/01tmp8f25,Universidad Nacional Autónoma de México,active,3530597,Mexico City,Mexico City,19.42847,-99.12766,safe_active_exact_name_site_agreement
5052,fta_partner,safe_active,MX,Mexico,https://ror.org/03wb76824,Universidad Nuevo Mundo,active,8859399,La Herradura,San Luis Potosí,21.4425,-98.94917,safe_active_exact_name_only
5053,fta_partner,safe_active,MX,Mexico,https://ror.org/003mv3827,Universidad Obrera de Mexico,active,3827409,Cuauhtémoc,Mexico City,19.44506,-99.14612,safe_active_exact_name_only
5054,fta_partner,safe_active,MX,Mexico,https://ror.org/05773jf61,Universidad Olmeca,active,3514670,Villahermosa,Tabasco,17.98689,-92.93028,safe_active_exact_name_site_agreement
5055,fta_partner,safe_active,MX,Mexico,https://ror.org/01n1q0h77,Universidad Panamericana,active,3530597,Mexico City,Mexico City,19.42847,-99.12766,safe_active_exact_name_only
5056,fta_partner,safe_active,MX,Mexico,https://ror.org/023m5rq87,National Pedagogic University,active,3530597,Mexico City,Mexico City,19.42847,-99.12766,safe_active_exact_name_site_agreement
5057,fta_partner,unmatched,MX,Mexico,,,,,,,,,unmatched
5058,fta_partner,safe_active,MX,Mexico,https://ror.org/030h97456,Universidad Pedagógica Veracruzana,active,3526617,Xalapa,Veracruz,19.53124,-96.91589,safe_active_exact_name_only
5059,fta_partner,review,MX,Mexico,,,,,,,,,held_review_site_only
5060,fta_partner,safe_active,MX,Mexico,https://ror.org/04s65rw96,Universidad Regiomontana,active,3995465,Monterrey,Nuevo León,25.67507,-100.31847,safe_active_exact_name_only
5061,fta_partner,safe_active,MX,Mexico,https://ror.org/0084en736,Universidad Regional del Sureste,active,3522507,Oaxaca City,Oaxaca,17.06542,-96.72365,safe_active_exact_name_site_agreement
5062,fta_partner,safe_active,MX,Mexico,https://ror.org/03asas176,Universidad Regional Miguel Hidalgo,active,3530597,Mexico City,Mexico City,19.42847,-99.12766,safe_active_exact_name_site_agreement
5063,fta_partner,safe_active,MX,Mexico,https://ror.org/04vhngq09,Salesian University,active,3530597,Mexico City,Mexico City,19.42847,-99.12766,safe_active_exact_name_site_agreement
5064,fta_partner,safe_active,MX,Mexico,https://ror.org/03chmh893,Universidad Santa Fe,active,4005270,Guanajuato City,Guanajuato,21.01858,-101.2591,safe_active_exact_name_site_agreement
5065,fta_partner,unmatched,MX,Mexico,,,,,,,,,unmatched
5066,fta_partner,review,MX,Mexico,,,,,,,,,held_review_site_only
5067,fta_partner,safe_active,MX,Mexico,https://ror.org/01687hb54,Technological University of Mexico,active,3530597,Mexico City,Mexico City,19.42847,-99.12766,safe_active_exact_name_site_agreement
5068,fta_partner,unmatched,MX,Mexico,,,,,,,,,unmatched
5069,fta_partner,safe_active,MX,Mexico,https://ror.org/047hq4296,Universidad Valle del Grijalva,active,3515001,Tuxtla Gutiérrez,Chiapas,16.75973,-93.11308,safe_active_exact_name_only
5070,fta_partner,safe_active,MX,Mexico,https://ror.org/03efxn362,Universidad Veracruzana,active,3526617,Xalapa,Veracruz,19.53124,-96.91589,safe_active_exact_name_site_agreement
5071,fta_partner,safe_active,MX,Mexico,https://ror.org/008bzz504,Universidad Xicotepetl,active,3514510,Xicotepec de Juárez,Puebla,20.27605,-97.96111,safe_active_exact_name_site_agreement
5072,fta_partner,unmatched,MX,Mexico,,,,,,,,,unmatched
5073,fta_partner,unmatched,MY,Malaysia,,,,,,,,,unmatched
5074,fta_partner,safe_active,MY,Malaysia,https://ror.org/007gerq75,AIMST University,active,1734439,Bedong,Kedah,5.72743,100.50876,safe_active_exact_name_site_agreement
5075,fta_partner,review,MY,Malaysia,,,,,,,,,held_review_site_only
5076,fta_partner,unmatched,MY,Malaysia,,,,,,,,,unmatched
5077,fta_partner,safe_active,MY,Malaysia,https://ror.org/04gr21t50,Al Madinah International University,active,1732903,Shah Alam,Selangor,3.08507,101.53281,safe_active_exact_name_site_agreement
5078,fta_partner,safe_active,MY,Malaysia,https://ror.org/031my5009,Asia e University,active,1735161,Kuala Lumpur,Kuala Lumpur,3.1412,101.68653,safe_active_exact_name_site_agreement
5079,fta_partner,unmatched,MY,Malaysia,,,,,,,,,unmatched
5080,fta_partner,unmatched,MY,Malaysia,,,,,,,,,unmatched
5081,fta_partner,review,MY,Malaysia,,,,,,,,,held_review_site_only
5082,fta_partner,unmatched,MY,Malaysia,,,,,,,,,unmatched
5083,fta_partner,unmatched,MY,Malaysia,,,,,,,,,unmatched
5084,fta_partner,review,MY,Malaysia,,,,,,,,,held_review_site_only
5085,fta_partner,review,MY,Malaysia,,,,,,,,,held_review_site_only
5086,fta_partner,unmatched,MY,Malaysia,,,,,,,,,unmatched
5087,fta_partner,unmatched,MY,Malaysia,,,,,,,,,unmatched
5088,fta_partner,unmatched,MY,Malaysia,,,,,,,,,unmatched
5089,fta_partner,unmatched,MY,Malaysia,,,,,,,,,unmatched
5090,fta_partner,unmatched,MY,Malaysia,,,,,,,,,unmatched
5091,fta_partner,unmatched,MY,Malaysia,,,,,,,,,unmatched
5092,fta_partner,unmatched,MY,Malaysia,,,,,,,,,unmatched
5093,fta_partner,safe_active,MY,Malaysia,https://ror.org/02y2cxp25,HELP University,active,1735161,Kuala Lumpur,Kuala Lumpur,3.1412,101.68653,safe_active_exact_name_site_agreement
5094,fta_partner,unmatched,MY,Malaysia,,,,,,,,,unmatched
5095,fta_partner,unmatched,MY,Malaysia,,,,,,,,,unmatched
5096,fta_partner,unmatched,MY,Malaysia,,,,,,,,,unmatched
5097,fta_partner,unmatched,MY,Malaysia,,,,,,,,,unmatched
5098,fta_partner,unmatched,MY,Malaysia,,,,,,,,,unmatched
5099,fta_partner,unmatched,MY,Malaysia,,,,,,,,,unmatched
5100,fta_partner,unmatched,MY,Malaysia,,,,,,,,,unmatched
5101,fta_partner,unmatched,MY,Malaysia,,,,,,,,,unmatched
5102,fta_partner,unmatched,MY,Malaysia,,,,,,,,,unmatched
5103,fta_partner,unmatched,MY,Malaysia,,,,,,,,,unmatched
5104,fta_partner,unmatched,MY,Malaysia,,,,,,,,,unmatched
5105,fta_partner,unmatched,MY,Malaysia,,,,,,,,,unmatched
5106,fta_partner,unmatched,MY,Malaysia,,,,,,,,,unmatched
5107,fta_partner,unmatched,MY,Malaysia,,,,,,,,,unmatched
5108,fta_partner,unmatched,MY,Malaysia,,,,,,,,,unmatched
5109,fta_partner,unmatched,MY,Malaysia,,,,,,,,,unmatched
5110,fta_partner,unmatched,MY,Malaysia,,,,,,,,,unmatched
5111,fta_partner,unmatched,MY,Malaysia,,,,,,,,,unmatched
5112,fta_partner,unmatched,MY,Malaysia,,,,,,,,,unmatched
5113,fta_partner,unmatched,MY,Malaysia,,,,,,,,,unmatched
5114,fta_partner,unmatched,MY,Malaysia,,,,,,,,,unmatched
5115,fta_partner,unmatched,MY,Malaysia,,,,,,,,,unmatched
5116,fta_partner,unmatched,MY,Malaysia,,,,,,,,,unmatched
5117,fta_partner,unmatched,MY,Malaysia,,,,,,,,,unmatched
5118,fta_partner,unmatched,MY,Malaysia,,,,,,,,,unmatched
5119,fta_partner,unmatched,MY,Malaysia,,,,,,,,,unmatched
5120,fta_partner,unmatched,MY,Malaysia,,,,,,,,,unmatched
5121,fta_partner,safe_active,MY,Malaysia,https://ror.org/01hssw521,International Islamic College,active,1735161,Kuala Lumpur,Kuala Lumpur,3.1412,101.68653,safe_active_exact_name_site_agreement
5122,fta_partner,unmatched,MY,Malaysia,,,,,,,,,unmatched
5123,fta_partner,unmatched,MY,Malaysia,,,,,,,,,unmatched
5124,fta_partner,safe_active,MY,Malaysia,https://ror.org/04d4wjw61,IMU University,active,1735161,Kuala Lumpur,Kuala Lumpur,3.1412,101.68653,safe_active_exact_name_site_agreement
5125,fta_partner,unmatched,MY,Malaysia,,,,,,,,,unmatched
5126,fta_partner,unmatched,MY,Malaysia,,,,,,,,,unmatched
5127,fta_partner,unmatched,MY,Malaysia,,,,,,,,,unmatched
5128,fta_partner,unmatched,MY,Malaysia,,,,,,,,,unmatched
5129,fta_partner,unmatched,MY,Malaysia,,,,,,,,,unmatched
5130,fta_partner,unmatched,MY,Malaysia,,,,,,,,,unmatched
5131,fta_partner,review,MY,Malaysia,,,,,,,,,held-alias-without-clean-domain-agreement
5132,fta_partner,unmatched,MY,Malaysia,,,,,,,,,unmatched
5133,fta_partner,unmatched,MY,Malaysia,,,,,,,,,unmatched
5134,fta_partner,review,MY,Malaysia,,,,,,,,,held-alias-without-clean-domain-agreement
5135,fta_partner,unmatched,MY,Malaysia,,,,,,,,,unmatched
5136,fta_partner,unmatched,MY,Malaysia,,,,,,,,,unmatched
5137,fta_partner,review,MY,Malaysia,,,,,,,,,held_review_site_only
5138,fta_partner,review,MY,Malaysia,,,,,,,,,held-alias-without-clean-domain-agreement
5139,fta_partner,safe_active,MY,Malaysia,https://ror.org/0199x1p30,Linton University College,active,1734634,Ipoh,Perak,4.5841,101.0829,safe_active_exact_name_site_agreement
5140,fta_partner,review,MY,Malaysia,,,,,,,,,held_review_site_only
5141,fta_partner,review,MY,Malaysia,,,,,,,,,held_review_site_only
5142,fta_partner,safe_active,MY,Malaysia,https://ror.org/027zr9y17,Management and Science University,active,1732903,Shah Alam,Selangor,3.08507,101.53281,safe_active_exact_name_site_agreement
5143,fta_partner,review,MY,Malaysia,,,,,,,,,held_review_site_only
5144,fta_partner,unmatched,MY,Malaysia,,,,,,,,,unmatched
5145,fta_partner,review,MY,Malaysia,,,,,,,,,held_review_site_only
5146,fta_partner,unmatched,MY,Malaysia,,,,,,,,,unmatched
5147,fta_partner,review,MY,Malaysia,,,,,,,,,held_review_site_only
5148,fta_partner,unmatched,MY,Malaysia,,,,,,,,,unmatched
5149,fta_partner,safe_active,MY,Malaysia,https://ror.org/04zrbnc33,Multimedia University,active,1734759,Malacca,Melaka,2.196,102.2405,safe_active_exact_name_site_agreement
5150,fta_partner,unmatched,MY,Malaysia,,,,,,,,,unmatched
5151,fta_partner,safe_active,MY,Malaysia,https://ror.org/009e9eq52,Newcastle University Medicine Malaysia,active,1732752,Johor Bahru,Johor,1.4655,103.7578,safe_active_exact_name_only
5152,fta_partner,review,MY,Malaysia,,,,,,,,,held_review_site_only
5153,fta_partner,unmatched,MY,Malaysia,,,,,,,,,unmatched
5154,fta_partner,safe_active,MY,Malaysia,https://ror.org/037yy5v69,Open University Malaysia,active,1735161,Kuala Lumpur,Kuala Lumpur,3.1412,101.68653,safe_active_exact_name_site_agreement
5155,fta_partner,unmatched,MY,Malaysia,,,,,,,,,unmatched
5156,fta_partner,unmatched,MY,Malaysia,,,,,,,,,unmatched
5157,fta_partner,safe_active,MY,Malaysia,https://ror.org/00wfd0g93,Perdana University,active,1733432,Kota Kinabalu,Sabah,5.9749,116.0724,safe_active_exact_name_site_agreement
5158,fta_partner,unmatched,MY,Malaysia,,,,,,,,,unmatched
5159,fta_partner,review,MY,Malaysia,,,,,,,,,held_review_site_only
5160,fta_partner,unmatched,MY,Malaysia,,,,,,,,,unmatched
5161,fta_partner,unmatched,MY,Malaysia,,,,,,,,,unmatched
5162,fta_partner,unmatched,MY,Malaysia,,,,,,,,,unmatched
5163,fta_partner,unmatched,MY,Malaysia,,,,,,,,,unmatched
5164,fta_partner,review,MY,Malaysia,,,,,,,,,held_review_site_only
5165,fta_partner,unmatched,MY,Malaysia,,,,,,,,,unmatched
5166,fta_partner,unmatched,MY,Malaysia,,,,,,,,,unmatched
5167,fta_partner,review,MY,Malaysia,,,,,,,,,held_review_site_only
5168,fta_partner,unmatched,MY,Malaysia,,,,,,,,,unmatched
5169,fta_partner,unmatched,MY,Malaysia,,,,,,,,,unmatched
5170,fta_partner,unmatched,MY,Malaysia,,,,,,,,,unmatched
5171,fta_partner,unmatched,MY,Malaysia,,,,,,,,,unmatched
5172,fta_partner,unmatched,MY,Malaysia,,,,,,,,,unmatched
5173,fta_partner,unmatched,MY,Malaysia,,,,,,,,,unmatched
5174,fta_partner,unmatched,MY,Malaysia,,,,,,,,,unmatched
5175,fta_partner,unmatched,MY,Malaysia,,,,,,,,,unmatched
5176,fta_partner,review,MY,Malaysia,,,,,,,,,held_review_site_only
5177,fta_partner,unmatched,MY,Malaysia,,,,,,,,,unmatched
5178,fta_partner,unmatched,MY,Malaysia,,,,,,,,,unmatched
5179,fta_partner,unmatched,MY,Malaysia,,,,,,,,,unmatched
5180,fta_partner,safe_active,MY,Malaysia,https://ror.org/014cjmc76,Swinburne University of Technology Sarawak Campus,active,1735634,Kuching,Sarawak,1.55,110.33333,safe_active_exact_name_site_agreement
5181,fta_partner,unmatched,MY,Malaysia,,,,,,,,,unmatched
5182,fta_partner,unmatched,MY,Malaysia,,,,,,,,,unmatched
5183,fta_partner,unmatched,MY,Malaysia,,,,,,,,,unmatched
5184,fta_partner,review,MY,Malaysia,,,,,,,,,held_review_site_only
5185,fta_partner,review,MY,Malaysia,,,,,,,,,held_review_shared_site_only
5186,fta_partner,review,MY,Malaysia,,,,,,,,,held_review_site_only
5187,fta_partner,safe_active,MY,Malaysia,https://ror.org/019787q29,UCSI University,active,1735161,Kuala Lumpur,Kuala Lumpur,3.1412,101.68653,safe_active_exact_name_only
5188,fta_partner,review,MY,Malaysia,,,,,,,,,held_review_site_only
5189,fta_partner,unmatched,MY,Malaysia,,,,,,,,,unmatched
5190,fta_partner,safe_active,MY,Malaysia,https://ror.org/03j4n8s31,University of Selangor,active,1732903,Shah Alam,Selangor,3.08507,101.53281,safe_active_exact_name_site_agreement
5191,fta_partner,safe_active,MY,Malaysia,https://ror.org/00bw8d226,National University of Malaysia,active,1734797,Bangi,Selangor,2.9,101.78333,safe_active_exact_name_site_agreement
5192,fta_partner,safe_active,MY,Malaysia,https://ror.org/026wwrx19,University of Kuala Lumpur,active,1735161,Kuala Lumpur,Kuala Lumpur,3.1412,101.68653,safe_active_exact_name_site_agreement
5193,fta_partner,unmatched,MY,Malaysia,,,,,,,,,unmatched
5194,fta_partner,safe_active,MY,Malaysia,https://ror.org/00rzspn62,University of Malaya,active,1735161,Kuala Lumpur,Kuala Lumpur,3.1412,101.68653,safe_active_exact_name_site_agreement
5195,fta_partner,safe_active,MY,Malaysia,https://ror.org/0463y2v87,Universiti Malaysia Kelantan,active,1736376,Kota Bharu,Kelantan,6.12361,102.24333,safe_active_exact_name_site_agreement
5196,fta_partner,safe_active,MY,Malaysia,https://ror.org/00xmkb790,Universiti Malaysia Perlis,active,12231243,Perlis,Perlis,6.50503,100.24207,safe_active_exact_name_site_agreement
5197,fta_partner,safe_active,MY,Malaysia,https://ror.org/040v70252,Universiti of Malaysia Sabah,active,1733432,Kota Kinabalu,Sabah,5.9749,116.0724,safe_active_exact_name_site_agreement
5198,fta_partner,safe_active,MY,Malaysia,https://ror.org/05b307002,Universiti Malaysia Sarawak,active,1735634,Kuching,Sarawak,1.55,110.33333,safe_active_exact_name_site_agreement
5199,fta_partner,safe_active,MY,Malaysia,https://ror.org/02474f074,Universiti Malaysia Terengganu,active,1734705,Kuala Terengganu,Terengganu,5.3302,103.1408,safe_active_exact_name_site_agreement
5200,fta_partner,safe_active,MY,Malaysia,https://ror.org/005bjd415,Sultan Idris Education University,active,1735161,Kuala Lumpur,Kuala Lumpur,3.1412,101.68653,safe_active_exact_name_site_agreement
5201,fta_partner,safe_active,MY,Malaysia,https://ror.org/02e91jd64,Universiti Putra Malaysia,active,1744246,Seri Kembangan,Selangor,3.03333,101.71667,safe_active_exact_name_site_agreement
5202,fta_partner,safe_active,MY,Malaysia,https://ror.org/02rgb2k63,Universiti Sains Malaysia,active,1735106,George Town,Penang,5.41123,100.33543,safe_active_exact_name_site_agreement
5203,fta_partner,safe_active,MY,Malaysia,https://ror.org/00bnk2e50,Sultan Zainal Abidin University,active,1734705,Kuala Terengganu,Terengganu,5.3302,103.1408,safe_active_exact_name_site_agreement
5204,fta_partner,safe_active,MY,Malaysia,https://ror.org/01xb6rs26,Technical University of Malaysia Malacca,active,1734759,Malacca,Melaka,2.196,102.2405,safe_active_exact_name_site_agreement
5205,fta_partner,safe_active,MY,Malaysia,https://ror.org/026w31v75,University of Technology Malaysia,active,1732752,Johor Bahru,Johor,1.4655,103.7578,safe_active_exact_name_site_agreement
5206,fta_partner,safe_active,MY,Malaysia,https://ror.org/05n8tts92,Universiti Teknologi MARA,active,1732903,Shah Alam,Selangor,3.08507,101.53281,safe_active_exact_name_site_agreement
5207,fta_partner,safe_active,MY,Malaysia,https://ror.org/048g2sh07,Universiti Teknologi Petronas,active,1734634,Ipoh,Perak,4.5841,101.0829,safe_active_exact_name_site_agreement
5208,fta_partner,safe_active,MY,Malaysia,https://ror.org/03kxdn807,Universiti Tenaga Nasional,active,1732891,Kuala Selangor,Selangor,3.35,101.25,safe_active_exact_name_site_agreement
5209,fta_partner,safe_active,MY,Malaysia,https://ror.org/01m91v580,Universiti Tun Abdul Razak,active,1735158,Petaling Jaya,Selangor,3.10726,101.60671,safe_active_exact_name_only
5210,fta_partner,safe_active,MY,Malaysia,https://ror.org/01c5wha71,Tun Hussein Onn University of Malaysia,active,1732687,Batu Pahat,Johor,1.8548,102.9325,safe_active_exact_name_site_agreement
5211,fta_partner,safe_active,MY,Malaysia,https://ror.org/050pq4m56,Universiti Tunku Abdul Rahman,active,1735274,Kampar,Perak,4.3,101.15,safe_active_exact_name_site_agreement
5212,fta_partner,safe_active,MY,Malaysia,https://ror.org/01ss10648,Northern University of Malaysia,active,1736302,Jitra,Kedah,6.26812,100.42167,safe_active_exact_name_site_agreement
5213,fta_partner,unmatched,MY,Malaysia,,,,,,,,,unmatched
5214,fta_partner,review,MY,Malaysia,,,,,,,,,held-alias-without-clean-domain-agreement
5215,fta_partner,unmatched,MY,Malaysia,,,,,,,,,unmatched
5216,fta_partner,safe_active,MY,Malaysia,https://ror.org/04mz9mt17,University of Nottingham Malaysia Campus,active,1734798,Semenyih,Selangor,2.9516,101.843,safe_active_exact_name_site_agreement
5217,fta_partner,review,MY,Malaysia,,,,,,,,,held_review_site_only
5218,fta_partner,safe_active,MY,Malaysia,https://ror.org/02weg9v26,Wawasan Open University,active,1735106,George Town,Penang,5.41123,100.33543,safe_active_exact_name_site_agreement
5219,fta_partner,unmatched,MY,Malaysia,,,,,,,,,unmatched
5220,fta_partner,unmatched,MY,Malaysia,,,,,,,,,unmatched
5231,oceania,safe_active,NC,New Caledonia,https://ror.org/02jrgcx64,University of New Caledonia,active,2139521,Noumea,South Province,-22.27407,166.44884,automatic-strict-name-within-country
5367,eu_framework,unmatched,NL,The Netherlands,,,,,,,,,unmatched
5368,eu_framework,safe_active,NL,The Netherlands,https://ror.org/021zvq422,The Hague University of Applied Sciences,active,2747373,The Hague,South Holland,52.07667,4.29861,safe_active_exact_name_site_agreement
5369,eu_framework,safe_active,NL,The Netherlands,https://ror.org/02e2c7k09,Delft University of Technology,active,2757345,Delft,South Holland,52.00667,4.35556,safe_active_exact_name_site_agreement
5370,eu_framework,unmatched,NL,The Netherlands,,,,,,,,,unmatched
5371,eu_framework,safe_active,NL,The Netherlands,https://ror.org/02c2kyt77,Eindhoven University of Technology,active,2756253,Eindhoven,North Brabant,51.44083,5.47778,safe_active_exact_name_site_agreement
5372,eu_framework,safe_active,NL,The Netherlands,https://ror.org/057w15z03,Erasmus University Rotterdam,active,2747891,Rotterdam,South Holland,51.9225,4.47917,safe_active_exact_name_site_agreement
5373,eu_framework,unmatched,NL,The Netherlands,,,,,,,,,unmatched
5374,eu_framework,safe_active,NL,The Netherlands,https://ror.org/01jwcme05,Fontys University of Applied Sciences,active,2756253,Eindhoven,North Brabant,51.44083,5.47778,safe_active_exact_name_only
5375,eu_framework,unmatched,NL,The Netherlands,,,,,,,,,unmatched
5376,eu_framework,review,NL,The Netherlands,,,,,,,,,held_review_site_only
5377,eu_framework,safe_active,NL,The Netherlands,https://ror.org/00xqtxw43,Hanze University of Applied Sciences,active,2755251,Groningen,Groningen,53.21917,6.56667,safe_active_exact_name_site_agreement
5378,eu_framework,safe_active,NL,The Netherlands,https://ror.org/03cfsyg37,Inholland University of Applied Sciences,active,2755003,Haarlem,North Holland,52.38084,4.63683,safe_active_exact_name_site_agreement
5379,eu_framework,safe_active,NL,The Netherlands,https://ror.org/0093src13,University of Applied Sciences Leiden,active,2751773,Leiden,South Holland,52.15833,4.49306,safe_active_exact_name_site_agreement
5380,eu_framework,safe_active,NL,The Netherlands,https://ror.org/0481e1q24,Rotterdam University of Applied Sciences,active,2747891,Rotterdam,South Holland,51.9225,4.47917,safe_active_exact_name_only
5381,eu_framework,safe_active,NL,The Netherlands,https://ror.org/028z9kw20,University of Applied Sciences Utrecht,active,2745912,Utrecht,Utrecht,52.09083,5.12222,safe_active_exact_name_only
5382,eu_framework,safe_active,NL,The Netherlands,https://ror.org/00y2z2s03,Amsterdam University of Applied Sciences,active,2759794,Amsterdam,North Holland,52.37403,4.88969,safe_active_exact_name_site_agreement
5383,eu_framework,review,NL,The Netherlands,,,,,,,,,held_review_site_only
5384,eu_framework,safe_active,NL,The Netherlands,https://ror.org/018t8yw14,Hotelschool The Hague,active,2747373,The Hague,South Holland,52.07667,4.29861,safe_active_exact_name_site_agreement
5385,eu_framework,review,NL,The Netherlands,,,,,,,,,held_review_site_only
5386,eu_framework,unmatched,NL,The Netherlands,,,,,,,,,unmatched
5387,eu_framework,safe_active,NL,The Netherlands,https://ror.org/02552gk22,Islamic University of Rotterdam,active,2747891,Rotterdam,South Holland,51.9225,4.47917,safe_active_exact_name_only
5388,eu_framework,safe_active,NL,The Netherlands,https://ror.org/027bh9e22,Leiden University,active,2751773,Leiden,South Holland,52.15833,4.49306,safe_active_exact_name_only
5389,eu_framework,inactive_history,NL,The Netherlands,,,,,,,,,held_inactive_exact_name
5390,eu_framework,unmatched,NL,The Netherlands,,,,,,,,,unmatched
5391,eu_framework,safe_active,NL,The Netherlands,https://ror.org/025gshh98,NTI University,active,2751773,Leiden,South Holland,52.15833,4.49306,safe_active_exact_name_site_agreement
5392,eu_framework,safe_active,NL,The Netherlands,https://ror.org/018dfmf50,Open University of the Netherlands,active,2754652,Heerlen,Limburg,50.88365,5.98154,safe_active_exact_name_site_agreement
5393,eu_framework,review,NL,The Netherlands,,,,,,,,,held_review_shared_site_only
5394,eu_framework,unmatched,NL,The Netherlands,,,,,,,,,unmatched
5395,eu_framework,review,NL,The Netherlands,,,,,,,,,held_review_site_only
5396,eu_framework,inactive_history,NL,The Netherlands,,,,,,,,,held_inactive_site_only
5397,eu_framework,safe_active,NL,The Netherlands,https://ror.org/04b8v1s79,Tilburg University,active,2746301,Tilburg,North Brabant,51.55551,5.0913,safe_active_exact_name_only
5398,eu_framework,review,NL,The Netherlands,,,,,,,,,held-alias-without-clean-domain-agreement
5399,eu_framework,unmatched,NL,The Netherlands,,,,,,,,,unmatched
5400,eu_framework,review,NL,The Netherlands,,,,,,,,,held_review_site_only
5401,eu_framework,safe_active,NL,The Netherlands,https://ror.org/04dkp9463,University of Amsterdam,active,2759794,Amsterdam,North Holland,52.37403,4.88969,safe_active_exact_name_site_agreement
5402,eu_framework,safe_active,NL,The Netherlands,https://ror.org/012p63287,University of Groningen,active,2755251,Groningen,Groningen,53.21917,6.56667,safe_active_exact_name_site_agreement
5403,eu_framework,unmatched,NL,The Netherlands,,,,,,,,,unmatched
5404,eu_framework,unmatched,NL,The Netherlands,,,,,,,,,unmatched
5405,eu_framework,safe_active,NL,The Netherlands,https://ror.org/006hf6230,University of Twente,active,2756071,Enschede,Overijssel,52.21833,6.89583,safe_active_exact_name_site_agreement
5406,eu_framework,safe_active,NL,The Netherlands,https://ror.org/04pp8hn57,Utrecht University,active,2745912,Utrecht,Utrecht,52.09083,5.12222,safe_active_exact_name_site_agreement
5407,eu_framework,unmatched,NL,The Netherlands,,,,,,,,,unmatched
5408,eu_framework,safe_active,NL,The Netherlands,https://ror.org/020z55s31,Wittenborg University,active,2759706,Apeldoorn,Gelderland,52.21,5.96944,safe_active_exact_name_site_agreement
5409,eu_framework,review,NL,The Netherlands,,,,,,,,,held_review_site_only
5441,oceania,safe_active,NU,Niue,https://ror.org/04wh4y985,St Clements University Higher Education School,active,4036284,Alofi,,-19.05294,-169.91957,automatic-strict-name+domain-within-country
5442,oceania,safe_active,NZ,New Zealand,https://ror.org/01zvqw119,Auckland University of Technology,active,2193733,Auckland,Auckland,-36.84853,174.76349,automatic-strict-name
5443,oceania,review,NZ,New Zealand,,,,,,,,,held-alias-without-domain-agreement
5444,oceania,safe_active,NZ,New Zealand,https://ror.org/04ps1r162,Lincoln University,active,2188371,Lincoln,Canterbury,-43.65,172.48333,automatic-strict-name
5445,oceania,safe_active,NZ,New Zealand,https://ror.org/052czxv31,Massey University,active,2185018,Palmerston North,Manawatu-Wanganui,-40.35636,175.61113,automatic-strict-name
5446,oceania,safe_active,NZ,New Zealand,https://ror.org/020ekrq71,Open Polytechnic,active,2188164,Lower Hutt,Wellington Region,-41.21667,174.91667,automatic-strict-name
5447,oceania,safe_active,NZ,New Zealand,https://ror.org/03b94tp07,University of Auckland,active,2193733,Auckland,Auckland,-36.84853,174.76349,automatic-strict-name
5448,oceania,safe_active,NZ,New Zealand,https://ror.org/03y7q9t39,University of Canterbury,active,2192362,Christchurch,Canterbury,-43.53333,172.63333,automatic-strict-name
5449,oceania,safe_active,NZ,New Zealand,https://ror.org/01jmxt844,University of Otago,active,2191562,Dunedin,Otago,-45.87416,170.50361,automatic-strict-name
5450,oceania,safe_active,NZ,New Zealand,https://ror.org/013fsnh78,University of Waikato,active,2190324,Hamilton,Waikato Region,-37.78333,175.28333,automatic-strict-name
5451,oceania,safe_active,NZ,New Zealand,https://ror.org/0040r6f76,Victoria University of Wellington,active,2179537,Wellington,Wellington Region,-41.28664,174.77557,automatic-strict-name
5480,fta_partner,safe_active,PE,Peru,https://ror.org/00013q465,Pontificia Universidad Católica del Perú,active,3936456,Lima,Lima Province,-12.04318,-77.02824,safe_active_exact_name_site_agreement
5481,fta_partner,safe_active,PE,Peru,https://ror.org/00s582s04,Universidad Alas Peruanas,active,3936456,Lima,Lima Province,-12.04318,-77.02824,safe_active_exact_name_site_agreement
5482,fta_partner,safe_active,PE,Peru,https://ror.org/04jzwa923,Universidad Andina del Cusco,active,3941584,Cusco,Cuzco Department,-13.52264,-71.96734,safe_active_exact_name_site_agreement
5483,fta_partner,review,PE,Peru,,,,,,,,,held_review_site_only
5484,fta_partner,safe_active,PE,Peru,https://ror.org/027ryxs60,Catholic University of Santa María,active,3947322,Arequipa,Arequipa,-16.39889,-71.535,safe_active_exact_name_site_agreement
5485,fta_partner,safe_active,PE,Peru,https://ror.org/01h558915,Universidad Católica Santo Toribio de Mogrovejo,active,3698350,Chiclayo,Lambayeque,-6.77137,-79.84088,safe_active_exact_name_site_agreement
5486,fta_partner,safe_active,PE,Peru,https://ror.org/0297axj39,Universidad César Vallejo,active,3936456,Lima,Lima Province,-12.04318,-77.02824,safe_active_exact_name_site_agreement
5487,fta_partner,unmatched,PE,Peru,,,,,,,,,unmatched
5488,fta_partner,safe_active,PE,Peru,https://ror.org/01h1szm41,Universidad de Chiclayo,active,3698350,Chiclayo,Lambayeque,-6.77137,-79.84088,safe_active_exact_name_site_agreement
5489,fta_partner,safe_active,PE,Peru,https://ror.org/01dm2pd27,Universidad de Ciencias y Humanidades,active,3936456,Lima,Lima Province,-12.04318,-77.02824,safe_active_exact_name_site_agreement
5490,fta_partner,safe_active,PE,Peru,https://ror.org/01fgscm92,Universidad de Huánuco,active,3696417,Huánuco,Huánuco Department,-9.93062,-76.24223,safe_active_exact_name_site_agreement
5491,fta_partner,safe_active,PE,Peru,https://ror.org/05akw7810,Universidad de Lambayeque,active,3698350,Chiclayo,Lambayeque,-6.77137,-79.84088,safe_active_exact_name_site_agreement
5492,fta_partner,safe_active,PE,Peru,https://ror.org/01751w114,Universidad de Lima,active,3936456,Lima,Lima Province,-12.04318,-77.02824,safe_active_exact_name_site_agreement
5493,fta_partner,safe_active,PE,Peru,https://ror.org/05mmg7t28,University of the Pacific,active,3936456,Lima,Lima Province,-12.04318,-77.02824,safe_active_exact_name_site_agreement
5494,fta_partner,safe_active,PE,Peru,https://ror.org/010xy3m51,University of Piura,active,3693528,Piura,Piura,-5.18192,-80.65715,safe_active_exact_name_site_agreement
5495,fta_partner,safe_active,PE,Peru,https://ror.org/03sdg3x20,Universidad Femenina del Sagrado Corazón,active,3936456,Lima,Lima Province,-12.04318,-77.02824,safe_active_exact_name_site_agreement
5496,fta_partner,review,PE,Peru,,,,,,,,,held_review_site_only
5497,fta_partner,safe_active,PE,Peru,https://ror.org/04e8qfh32,Universidad Marcelino Champagnat,active,3936456,Lima,Lima Province,-12.04318,-77.02824,safe_active_exact_name_only
5498,fta_partner,safe_active,PE,Peru,https://ror.org/0319nzt45,Universidad Nacional Agraria de la Selva,active,3691348,Tingo María,Huánuco Department,-9.29532,-75.99574,safe_active_exact_name_site_agreement
5499,fta_partner,safe_active,PE,Peru,https://ror.org/00vr49948,Universidad Nacional Agraria La Molina,active,3936456,Lima,Lima Province,-12.04318,-77.02824,safe_active_exact_name_site_agreement
5500,fta_partner,review,PE,Peru,,,,,,,,,held_review_site_only
5501,fta_partner,review,PE,Peru,,,,,,,,,held_review_site_only
5502,fta_partner,safe_active,PE,Peru,https://ror.org/004fs0e42,National University of Cajamarca,active,3699088,Cajamarca,Cajamarca Department,-7.16378,-78.50027,safe_active_exact_name_site_agreement
5503,fta_partner,safe_active,PE,Peru,https://ror.org/0431avj27,National University of Education Enrique Guzmán y Valle,active,3936456,Lima,Lima Province,-12.04318,-77.02824,safe_active_exact_name_site_agreement
5504,fta_partner,safe_active,PE,Peru,https://ror.org/006v63s16,National University of Engineering,active,3936456,Lima,Lima Province,-12.04318,-77.02824,safe_active_exact_name_site_agreement
5505,fta_partner,safe_active,PE,Peru,https://ror.org/05h6yvy73,Universidad Nacional de la Amazonía Peruana,active,3696183,Iquitos,Loreto,-3.74912,-73.25383,safe_active_exact_name_site_agreement
5506,fta_partner,review,PE,Peru,,,,,,,,,held_review_site_only
5507,fta_partner,safe_active,PE,Peru,https://ror.org/03kqcyw85,Universidad Nacional del Altiplano,active,3931276,Puno,Puno,-15.8422,-70.0199,safe_active_exact_name_site_agreement
5508,fta_partner,safe_active,PE,Peru,https://ror.org/01d03q474,Universidad Nacional del Callao,active,3946083,Callao,Callao,-12.05659,-77.11814,safe_active_exact_name_site_agreement
5509,fta_partner,safe_active,PE,Peru,https://ror.org/008d6q968,Universidad Nacional del Centro del Perú,active,3939459,Huancayo,Junin,-12.06513,-75.20486,safe_active_exact_name_site_agreement
5510,fta_partner,safe_active,PE,Peru,https://ror.org/031vfrf75,Universidad Nacional de Piura,active,3693528,Piura,Piura,-5.19449,-80.63282,safe_active_exact_name_site_agreement
5511,fta_partner,review,PE,Peru,,,,,,,,,held_review_site_only
5512,fta_partner,review,PE,Peru,,,,,,,,,held_review_site_only
5513,fta_partner,safe_active,PE,Peru,https://ror.org/047vkpj90,San Cristóbal of Huamanga University,active,3947019,Ayacucho,Ayacucho,-13.15878,-74.22321,safe_active_exact_name_site_agreement
5514,fta_partner,safe_active,PE,Peru,https://ror.org/02h7fsz12,Universidad Nacional de San Martín,active,3691474,Tarapoto,San Martín Department,-6.50139,-76.36556,safe_active_exact_name_site_agreement
5515,fta_partner,review,PE,Peru,,,,,,,,,held_review_site_only
5516,fta_partner,safe_active,PE,Peru,https://ror.org/03wbarw78,Universidad Nacional de Tumbes,active,3691148,Tumbes,Tumbes,-3.56694,-80.45153,safe_active_exact_name_site_agreement
5517,fta_partner,safe_active,PE,Peru,https://ror.org/02rp4gd98,Universidad Nacional de Ucayali,active,3693345,Pucallpa,Ucayali,-8.37915,-74.55387,safe_active_exact_name_site_agreement
5518,fta_partner,safe_active,PE,Peru,https://ror.org/015wdp703,Federico Villarreal National University,active,3936456,Lima,Lima Province,-12.04318,-77.02824,safe_active_exact_name_only
5519,fta_partner,review,PE,Peru,,,,,,,,,held_review_site_only
5520,fta_partner,safe_active,PE,Peru,https://ror.org/0087jna26,Jorge Basadre Grohmann National University,active,3928128,Tacna,Tacna,-18.01465,-70.25362,safe_active_exact_name_site_agreement
5521,fta_partner,safe_active,PE,Peru,https://ror.org/040akr227,Universidad Nacional José Faustino Sánchez Carrión,active,3940002,Huacho,Lima region,-11.10667,-77.605,safe_active_exact_name_site_agreement
5522,fta_partner,safe_active,PE,Peru,https://ror.org/006vs7897,National University of San Marcos,active,3936456,Lima,Lima Province,-12.04318,-77.02824,safe_active_exact_name_site_agreement
5523,fta_partner,safe_active,PE,Peru,https://ror.org/040hbk441,Universidad Nacional Pedro Ruíz Gallo,active,3695754,Lambayeque,Lambayeque,-6.70111,-79.90611,safe_active_exact_name_site_agreement
5524,fta_partner,safe_active,PE,Peru,https://ror.org/028gydn91,Saint Aloysius Gonzaga National University,active,3938527,Ica,Ica,-14.06777,-75.72861,safe_active_exact_name_site_agreement
5525,fta_partner,safe_active,PE,Peru,https://ror.org/03w7bgm07,Universidad Nacional Santiago Antúnez de Mayolo,active,3696378,Huaraz,Ancash,-9.52779,-77.52778,safe_active_exact_name_site_agreement
5526,fta_partner,safe_active,PE,Peru,https://ror.org/04abrpb32,Universidad Norbert Wiener,active,3936456,Lima,Lima Province,-12.04318,-77.02824,safe_active_exact_name_site_agreement
5527,fta_partner,review,PE,Peru,,,,,,,,,held_review_site_only
5528,fta_partner,review,PE,Peru,,,,,,,,,held_review_site_only
5529,fta_partner,safe_active,PE,Peru,https://ror.org/03yczjf25,Universidad Peruana Cayetano Heredia,active,3936456,Lima,Lima Province,-12.04318,-77.02824,safe_active_exact_name_only
5530,fta_partner,safe_active,PE,Peru,https://ror.org/047xrr705,Peruvian University of Applied Sciences,active,3936456,Lima,Lima Province,-12.04318,-77.02824,safe_active_exact_name_site_agreement
5531,fta_partner,safe_active,PE,Peru,https://ror.org/022sn3k05,Universidad Peruana de Ciencias e Informática,active,3936456,Lima,Lima Province,-12.04318,-77.02824,safe_active_exact_name_only
5532,fta_partner,review,PE,Peru,,,,,,,,,held_review_site_only
5533,fta_partner,safe_active,PE,Peru,https://ror.org/03eek8g24,Antenor Orrego Private University,active,3691175,Trujillo,La Libertad,-8.11599,-79.02998,safe_active_exact_name_site_agreement
5534,fta_partner,safe_active,PE,Peru,https://ror.org/05t6q2334,Private University of the North,active,3691175,Trujillo,La Libertad,-8.11599,-79.02998,safe_active_exact_name_only
5535,fta_partner,safe_active,PE,Peru,https://ror.org/014pqsx51,Universidad Privada de Tacna,active,3928128,Tacna,Tacna,-18.01465,-70.25362,safe_active_exact_name_site_agreement
5536,fta_partner,safe_active,PE,Peru,https://ror.org/045qvhf73,Universidad Privada Juan Mejía Baca,active,3698350,Chiclayo,Lambayeque,-6.77137,-79.84088,safe_active_exact_name_site_agreement
5537,fta_partner,review,PE,Peru,,,,,,,,,held_review_site_only
5538,fta_partner,safe_active,PE,Peru,https://ror.org/04ytrqw44,Universidad Privada San Juan Bautista,active,3936456,Lima,Lima Province,-12.04318,-77.02824,safe_active_exact_name_site_agreement
5539,fta_partner,review,PE,Peru,,,,,,,,,held_review_site_only
5540,fta_partner,safe_active,PE,Peru,https://ror.org/00yebwb79,Universidad Privada Sergio Bernales,active,3928993,San Vicente de Cañete,Lima region,-13.07556,-76.38528,safe_active_exact_name_only
5541,fta_partner,safe_active,PE,Peru,https://ror.org/02mb17771,Universidad Ricardo Palma,active,3936456,Lima,Lima Province,-12.04318,-77.02824,safe_active_exact_name_site_agreement
5542,fta_partner,safe_active,PE,Peru,https://ror.org/03vgk3f90,Universidad San Ignacio de Loyola,active,3936456,Lima,Lima Province,-12.04318,-77.02824,safe_active_exact_name_only
5543,fta_partner,review,PE,Peru,,,,,,,,,held_review_site_only
5544,fta_partner,unmatched,PE,Peru,,,,,,,,,unmatched
5545,fta_partner,safe_active,PE,Peru,https://ror.org/05p4rzq96,Universidad Señor de Sipán,active,3698350,Chiclayo,Lambayeque,-6.77137,-79.84088,safe_active_exact_name_site_agreement
5546,fta_partner,review,PE,Peru,,,,,,,,,held_review_site_only
5547,fta_partner,review,PE,Peru,,,,,,,,,held_review_site_only
5548,oceania,safe_active,PF,French Polynesia,https://ror.org/03ay59x86,University of French Polynesia,active,4033779,Punaauia,Îles du Vent,-17.63333,-149.6,automatic-strict-name+domain-within-country
5549,oceania,safe_active,PG,Papua New Guinea,https://ror.org/054t10v53,Divine Word University,active,2091996,Madang,Madang Province,-5.22152,145.78695,automatic-strict-name+domain-within-country
5550,oceania,safe_active,PG,Papua New Guinea,https://ror.org/009ramd78,Pacific Adventist University,active,2088122,Port Moresby,National Capital,-9.47723,147.15089,automatic-strict-name+domain-within-country
5551,oceania,safe_active,PG,Papua New Guinea,https://ror.org/012g45386,Papua New Guinea University of Technology,active,2092740,Lae,Morobe Province,-6.72333,146.99611,automatic-strict-name+domain-within-country
5552,oceania,safe_active,PG,Papua New Guinea,https://ror.org/044qb6z05,University of Goroka,active,2096742,Goroka,Eastern Highlands Province,-6.085,145.38667,automatic-strict-name-within-country
5553,oceania,safe_active,PG,Papua New Guinea,https://ror.org/05jxf0p38,University of Papua New Guinea,active,2088122,Port Moresby,National Capital,-9.47723,147.15089,automatic-strict-name+domain-within-country
5554,fta_partner,safe_active,PH,Philippines,https://ror.org/00xbjad38,Adamson University,active,1701668,Manila,National Capital Region,14.6042,120.9822,safe_active_exact_name_site_agreement
5555,fta_partner,safe_active,PH,Philippines,https://ror.org/02hssg709,Adventist University of the Philippines,active,1686547,Silang,Calabarzon,14.21567,120.97137,safe_active_exact_name_only
5556,fta_partner,review,PH,Philippines,,,,,,,,,held_review_site_only
5557,fta_partner,unmatched,PH,Philippines,,,,,,,,,unmatched
5558,fta_partner,safe_active,PH,Philippines,https://ror.org/02htv7m79,Araullo University,active,1721906,Cabanatuan City,Central Luzon,15.48586,120.96648,safe_active_exact_name_only
5559,fta_partner,safe_active,PH,Philippines,https://ror.org/0173r0e90,Arellano University,active,1701668,Manila,National Capital Region,14.6042,120.9822,safe_active_exact_name_site_agreement
5560,fta_partner,safe_active,PH,Philippines,https://ror.org/01w4ss835,Ateneo de Davao University,active,1715348,Davao City,Davao Region,7.07306,125.61278,safe_active_exact_name_site_agreement
5561,fta_partner,safe_active,PH,Philippines,https://ror.org/053kevk63,Ateneo de Manila University,active,1692192,Quezon City,National Capital Region,14.6488,121.0509,safe_active_exact_name_only
5562,fta_partner,safe_active,PH,Philippines,https://ror.org/021tsqw04,Ateneo de Naga University,active,1698829,Naga,Bicol Region,13.61917,123.18139,safe_active_exact_name_site_agreement
5563,fta_partner,safe_active,PH,Philippines,https://ror.org/03yhc6593,Ateneo de Zamboanga University,active,1679432,Zamboanga City,Zamboanga Peninsula,6.91028,122.07389,safe_active_exact_name_site_agreement
5564,fta_partner,safe_active,PH,Philippines,https://ror.org/037wmkw40,Benguet State University,active,1707123,La Trinidad,Cordillera,16.455,120.5875,safe_active_exact_name_site_agreement
5565,fta_partner,safe_active,PH,Philippines,https://ror.org/04w686e65,Bicol University,active,1706889,Legazpi,Bicol Region,13.14125,123.74073,safe_active_exact_name_site_agreement
5566,fta_partner,safe_active,PH,Philippines,https://ror.org/01c5aqg65,Bulacan State University,active,1702540,Malolos,Central Luzon,14.8443,120.81039,safe_active_exact_name_site_agreement
5567,fta_partner,safe_active,PH,Philippines,https://ror.org/05ms4pv23,Cagayan State University,active,1680932,Tuguegarao City,Cagayan Valley,17.61577,121.72285,safe_active_exact_name_site_agreement
5568,fta_partner,safe_active,PH,Philippines,https://ror.org/050hatp65,Capitol University,active,1721080,Cagayan de Oro,Northern Mindanao,8.48222,124.64722,safe_active_exact_name_only
5569,fta_partner,safe_active,PH,Philippines,https://ror.org/02qf7df19,Central Luzon State University,active,1699088,Muñoz,Central Luzon,15.71611,120.90306,safe_active_exact_name_only
5570,fta_partner,safe_active,PH,Philippines,https://ror.org/0184f3p11,Central Mindanao University,active,1701124,Maramag,Northern Mindanao,7.76333,125.00528,safe_active_exact_name_site_agreement
5571,fta_partner,safe_active,PH,Philippines,https://ror.org/0238cf984,Central Philippine University,active,1711005,Iloilo City,Western Visayas,10.69694,122.56444,safe_active_exact_name_only
5572,fta_partner,safe_active,PH,Philippines,https://ror.org/04janbd12,Centro Escolar University,active,1701668,Manila,National Capital Region,14.6042,120.9822,safe_active_exact_name_site_agreement
5573,fta_partner,unmatched,PH,Philippines,,,,,,,,,unmatched
5574,fta_partner,unmatched,PH,Philippines,,,,,,,,,unmatched
5575,fta_partner,unmatched,PH,Philippines,,,,,,,,,unmatched
5576,fta_partner,safe_active,PH,Philippines,https://ror.org/04xftk194,De La Salle University,active,1701668,Manila,National Capital Region,14.6042,120.9822,safe_active_exact_name_site_agreement
5577,fta_partner,unmatched,PH,Philippines,,,,,,,,,unmatched
5578,fta_partner,unmatched,PH,Philippines,,,,,,,,,unmatched
5579,fta_partner,safe_active,PH,Philippines,https://ror.org/04a7ns920,Don Mariano Marcos Memorial State University,active,1690039,San Fernando City,Central Luzon,15.03425,120.68445,safe_active_exact_name_only
5580,fta_partner,safe_active,PH,Philippines,https://ror.org/045dhqd98,Far Eastern University,active,1701668,Manila,National Capital Region,14.6042,120.9822,safe_active_exact_name_site_agreement
5581,fta_partner,safe_active,PH,Philippines,https://ror.org/025q3xb93,FEATI University,active,1701668,Manila,National Capital Region,14.6042,120.9822,safe_active_exact_name_site_agreement
5582,fta_partner,safe_active,PH,Philippines,https://ror.org/00we17t20,Foundation University,active,1714201,Dumaguete,Central Visayas,9.30646,123.30769,safe_active_exact_name_site_agreement
5583,fta_partner,safe_active,PH,Philippines,https://ror.org/01x1bp495,Holy Angel University,active,1730737,Angeles City,Central Luzon,15.15,120.58333,safe_active_exact_name_site_agreement
5584,fta_partner,safe_active,PH,Philippines,https://ror.org/002xqbd08,Information and Communications Technology Academy,active,1703417,Makati City,National Capital Region,14.55027,121.03269,safe_active_exact_name_only
5585,fta_partner,unmatched,PH,Philippines,,,,,,,,,unmatched
5586,fta_partner,safe_active,PH,Philippines,https://ror.org/03c336h16,Isabela State University,active,1713962,Echague,Cagayan Valley,16.70509,121.67633,safe_active_exact_name_site_agreement
5587,fta_partner,safe_active,PH,Philippines,https://ror.org/011xrgv27,Leyte Normal University,active,1706801,Leyte,Eastern Visayas,11.36687,124.48239,safe_active_exact_name_only
5588,fta_partner,review,PH,Philippines,,,,,,,,,held-alias-without-clean-domain-agreement
5589,fta_partner,safe_active,PH,Philippines,https://ror.org/059076v18,Liceo de Cagayan University,active,1721080,Cagayan de Oro,Northern Mindanao,8.48222,124.64722,safe_active_exact_name_only
5590,fta_partner,safe_active,PH,Philippines,https://ror.org/027e56k73,Lyceum of the Philippines University,active,1701668,Manila,National Capital Region,14.6042,120.9822,safe_active_exact_name_only
5591,fta_partner,safe_active,PH,Philippines,https://ror.org/01qq6yz91,Manila Central University,active,1720183,Caloc-an,Caraga,9.04694,125.53056,safe_active_exact_name_site_agreement
5592,fta_partner,safe_active,PH,Philippines,https://ror.org/00atcgp07,Manuel L. Quezon University,active,1701668,Manila,National Capital Region,14.6042,120.9822,safe_active_exact_name_site_agreement
5593,fta_partner,safe_active,PH,Philippines,https://ror.org/02fhfq388,Enverga University,active,1705357,Lucena City,Calabarzon,13.93139,121.61722,safe_active_exact_name_site_agreement
5594,fta_partner,safe_active,PH,Philippines,https://ror.org/02bprcs59,Mariano Marcos State University,active,1726339,Batac City,Ilocos,18.0554,120.56489,safe_active_exact_name_site_agreement
5595,fta_partner,safe_active,PH,Philippines,https://ror.org/026441d17,Mindanao State University,active,1701053,Marawi City,Autonomous Region in Muslim Mindanao,8.0034,124.28395,safe_active_exact_name_site_agreement
5596,fta_partner,safe_active,PH,Philippines,https://ror.org/00qemyc07,Mindanao State University – Iligan Institute of Technology,active,1711082,Iligan City,Soccsksargen,8.25,124.4,safe_active_exact_name_site_agreement
5597,fta_partner,safe_active,PH,Philippines,https://ror.org/059t51t95,Misamis University,active,1696899,Ozamiz,Northern Mindanao,8.1481,123.8405,safe_active_exact_name_only
5598,fta_partner,unmatched,PH,Philippines,,,,,,,,,unmatched
5599,fta_partner,safe_active,PH,Philippines,https://ror.org/000a8qk84,National University,active,1701668,Manila,National Capital Region,14.6042,120.9822,safe_active_exact_name_only
5600,fta_partner,safe_active,PH,Philippines,https://ror.org/05pc6nk51,New Era University,active,1692192,Quezon City,National Capital Region,14.6488,121.0509,safe_active_exact_name_site_agreement
5601,fta_partner,unmatched,PH,Philippines,,,,,,,,,unmatched
5602,fta_partner,safe_active,PH,Philippines,https://ror.org/03q5fwy02,Notre Dame of Marbel University,active,1708523,Koronadal,Soccsksargen,6.24501,124.98743,safe_active_exact_name_site_agreement
5603,fta_partner,safe_active,PH,Philippines,https://ror.org/04mwhg379,Notre Dame University,active,1716771,Cotabato City,Autonomous Region in Muslim Mindanao,7.22361,124.24639,safe_active_exact_name_only
5604,fta_partner,safe_active,PH,Philippines,https://ror.org/05wzft155,Our Lady of Fatima University,active,1680102,Valenzuela,National Capital Region,14.7,120.9667,safe_active_exact_name_site_agreement
5605,fta_partner,safe_active,PH,Philippines,https://ror.org/05x5g1486,Palawan State University,active,1692685,Puerto Princesa City,Mimaropa,9.73917,118.73528,safe_active_exact_name_only
5606,fta_partner,safe_active,PH,Philippines,https://ror.org/01jdzvf98,Pangasinan State University,active,1706188,Lingayen,Ilocos,16.02182,120.23194,safe_active_exact_name_site_agreement
5607,fta_partner,safe_active,PH,Philippines,https://ror.org/01e8byp18,Philippine Christian University,active,1701668,Manila,National Capital Region,14.6042,120.9822,safe_active_exact_name_only
5608,fta_partner,unmatched,PH,Philippines,,,,,,,,,unmatched
5609,fta_partner,safe_active,PH,Philippines,https://ror.org/03d5rbb25,Philippine Normal University,active,1701668,Manila,National Capital Region,14.6042,120.9822,safe_active_exact_name_only
5610,fta_partner,safe_active,PH,Philippines,https://ror.org/01bq81t66,Philippine Women's University,active,1701668,Manila,National Capital Region,14.6042,120.9822,safe_active_exact_name_only
5611,fta_partner,safe_active,PH,Philippines,https://ror.org/00e7vmq69,Polytechnic University of the Philippines,active,1701668,Manila,National Capital Region,14.6042,120.9822,safe_active_exact_name_site_agreement
5612,fta_partner,safe_active,PH,Philippines,https://ror.org/011vbeg19,Rizal Technological University,active,1701966,Mandaluyong,National Capital Region,14.5832,121.0409,safe_active_exact_name_site_agreement
5613,fta_partner,unmatched,PH,Philippines,,,,,,,,,unmatched
5614,fta_partner,review,PH,Philippines,,,,,,,,,held_review_site_only
5615,fta_partner,safe_active,PH,Philippines,https://ror.org/04k7nem08,Saint Louis University,active,1728930,Baguio City,Cordillera,16.41639,120.59306,safe_active_exact_name_site_agreement
5616,fta_partner,safe_active,PH,Philippines,https://ror.org/00jkdhd30,Saint Mary's University,active,1725729,Bayombong,Cagayan Valley,16.4812,121.1497,safe_active_exact_name_only
5617,fta_partner,unmatched,PH,Philippines,,,,,,,,,unmatched
5618,fta_partner,safe_active,PH,Philippines,https://ror.org/05pzp6855,Samar State University,active,1717911,Catbalogan,Eastern Visayas,11.77528,124.88611,safe_active_exact_name_site_agreement
5619,fta_partner,safe_active,PH,Philippines,https://ror.org/04phycn98,San Beda University,active,1701668,Manila,National Capital Region,14.6042,120.9822,safe_active_exact_name_site_agreement
5620,fta_partner,safe_active,PH,Philippines,https://ror.org/01ry6r150,Silliman University,active,1714201,Dumaguete,Central Visayas,9.30646,123.30769,safe_active_exact_name_site_agreement
5621,fta_partner,safe_active,PH,Philippines,https://ror.org/05wawev23,Southwestern University,active,1717512,Cebu City,Central Visayas,10.31672,123.89071,safe_active_exact_name_site_agreement
5622,fta_partner,safe_active,PH,Philippines,https://ror.org/01efqy167,Tarlac State University,active,1682812,Tarlac City,Central Luzon,15.48017,120.59794,safe_active_exact_name_only
5623,fta_partner,safe_active,PH,Philippines,https://ror.org/00v4vjb95,Technological University of the Philippines,active,1701668,Manila,National Capital Region,14.6042,120.9822,safe_active_exact_name_site_agreement
5624,fta_partner,safe_active,PH,Philippines,https://ror.org/00hny2n79,University of Asia and the Pacific,active,7290466,Pasig,National Capital Region,14.58691,121.0614,safe_active_exact_name_only
5625,fta_partner,safe_active,PH,Philippines,https://ror.org/056d32z48,University of Baguio,active,1728930,Baguio City,Cordillera,16.41639,120.59306,safe_active_exact_name_site_agreement
5626,fta_partner,safe_active,PH,Philippines,https://ror.org/05bq59x90,University of Batangas,active,1726280,Batangas,Calabarzon,13.7567,121.0584,safe_active_exact_name_site_agreement
5627,fta_partner,safe_active,PH,Philippines,https://ror.org/031e9yc69,University of Bohol,active,1684497,Tagbilaran,Central Visayas,9.65556,123.85219,safe_active_exact_name_only
5628,fta_partner,safe_active,PH,Philippines,https://ror.org/01r21e311,University of Cagayan Valley,active,1680932,Tuguegarao City,Cagayan Valley,17.61577,121.72285,safe_active_exact_name_site_agreement
5629,fta_partner,safe_active,PH,Philippines,https://ror.org/034xkmw20,University of Cebu,active,1717512,Cebu City,Central Visayas,10.31672,123.89071,safe_active_exact_name_only
5630,fta_partner,safe_active,PH,Philippines,https://ror.org/03aabbc27,University of Eastern Philippines,active,1717926,Catarman,Eastern Visayas,12.4989,124.6377,safe_active_exact_name_only
5631,fta_partner,review,PH,Philippines,,,,,,,,,held_review_site_only
5632,fta_partner,safe_active,PH,Philippines,https://ror.org/04c9af145,University of Manila,active,1701668,Manila,National Capital Region,14.6042,120.9822,safe_active_exact_name_only
5633,fta_partner,safe_active,PH,Philippines,https://ror.org/00mpnf546,University of Mindanao,active,1715348,Davao City,Davao Region,7.07306,125.61278,safe_active_exact_name_site_agreement
5634,fta_partner,safe_active,PH,Philippines,https://ror.org/02c37r983,University of Negros Occidental – Recoletos,active,1729564,Bacolod City,Western Visayas,10.66667,122.95,safe_active_exact_name_site_agreement
5635,fta_partner,safe_active,PH,Philippines,https://ror.org/054e0wg16,University of Northeastern Philippines,active,1710544,Iriga City,Bicol Region,13.4324,123.4115,safe_active_exact_name_only
5636,fta_partner,safe_active,PH,Philippines,https://ror.org/05sykgj25,University of Northern Philippines,active,1679980,Vigan,Ilocos,17.57472,120.38694,safe_active_exact_name_site_agreement
5637,fta_partner,safe_active,PH,Philippines,https://ror.org/02pht8w30,University of Nueva Caceres,active,1698829,Naga,Bicol Region,13.61917,123.18139,safe_active_exact_name_only
5638,fta_partner,safe_active,PH,Philippines,https://ror.org/0549zdk35,University of Pangasinan,active,1716192,Dagupan,Cagayan Valley,17.70039,121.50448,safe_active_exact_name_only
5639,fta_partner,unmatched,PH,Philippines,,,,,,,,,unmatched
5640,fta_partner,safe_active,PH,Philippines,https://ror.org/05vx7wd63,University of Perpetual Help System DALTA,active,1707174,Las Piñas,National Capital Region,14.45056,120.98278,safe_active_exact_name_site_agreement
5641,fta_partner,review,PH,Philippines,,,,,,,,,held-alias-without-clean-domain-agreement
5642,fta_partner,unmatched,PH,Philippines,,,,,,,,,unmatched
5643,fta_partner,safe_active,PH,Philippines,https://ror.org/02hda4733,University of San Agustin,active,1711005,Iloilo City,Western Visayas,10.69694,122.56444,safe_active_exact_name_site_agreement
5644,fta_partner,safe_active,PH,Philippines,https://ror.org/041jw5813,University of San Carlos,active,1717512,Cebu City,Central Visayas,10.31672,123.89071,safe_active_exact_name_site_agreement
5645,fta_partner,safe_active,PH,Philippines,https://ror.org/04jmbkr13,University of San Jose–Recoletos,active,1717512,Cebu City,Central Visayas,10.31672,123.89071,safe_active_exact_name_site_agreement
5646,fta_partner,safe_active,PH,Philippines,https://ror.org/00d25af97,University of Santo Tomas,active,1701668,Manila,National Capital Region,14.6042,120.9822,safe_active_exact_name_site_agreement
5647,fta_partner,safe_active,PH,Philippines,https://ror.org/055n1ac14,University of Southeastern Philippines,active,1715348,Davao City,Davao Region,7.07306,125.61278,safe_active_exact_name_site_agreement
5648,fta_partner,safe_active,PH,Philippines,https://ror.org/04mtcj695,University of Southern Mindanao,active,1710011,Kabacan,Soccsksargen,7.10667,124.82917,safe_active_exact_name_site_agreement
5649,fta_partner,safe_active,PH,Philippines,https://ror.org/01gah6w46,University of Southern Philippines Foundation,active,1717512,Cebu City,Central Visayas,10.31672,123.89071,safe_active_exact_name_only
5650,fta_partner,safe_active,PH,Philippines,https://ror.org/047zr9s44,University of the Assumption,active,1690039,San Fernando City,Central Luzon,15.03425,120.68445,safe_active_exact_name_site_agreement
5651,fta_partner,safe_active,PH,Philippines,https://ror.org/05yc0wv86,University of the City of Manila,active,1701668,Manila,National Capital Region,14.6042,120.9822,safe_active_exact_name_site_agreement
5652,fta_partner,safe_active,PH,Philippines,https://ror.org/02eg6d927,University of the Cordilleras,active,1728930,Baguio City,Cordillera,16.41639,120.59306,safe_active_exact_name_site_agreement
5653,fta_partner,review,PH,Philippines,,,,,,,,,held_review_site_only
5654,fta_partner,review,PH,Philippines,,,,,,,,,held_review_site_only
5655,fta_partner,unmatched,PH,Philippines,,,,,,,,,unmatched
5656,fta_partner,safe_active,PH,Philippines,https://ror.org/0204b4294,University of the Immaculate Conception,active,1715348,Davao City,Davao Region,7.07306,125.61278,safe_active_exact_name_only
5657,fta_partner,safe_active,PH,Philippines,https://ror.org/04ra49e34,University of the Philippines Baguio,active,1728930,Baguio City,Cordillera,16.41639,120.59306,safe_active_exact_name_site_agreement
5658,fta_partner,safe_active,PH,Philippines,https://ror.org/03tbh6y23,University of the Philippines Diliman,active,1692192,Quezon City,National Capital Region,14.6488,121.0509,safe_active_exact_name_site_agreement
5659,fta_partner,review,PH,Philippines,,,,,,,,,held_review_site_only
5660,fta_partner,safe_active,PH,Philippines,https://ror.org/01rrczv41,University of the Philippines Manila,active,1701668,Manila,National Capital Region,14.6042,120.9822,safe_active_exact_name_site_agreement
5661,fta_partner,safe_active,PH,Philippines,https://ror.org/00k3q8x90,University of the Philippines Mindanao,active,1715348,Davao City,Davao Region,7.07306,125.61278,safe_active_exact_name_only
5662,fta_partner,safe_active,PH,Philippines,https://ror.org/00k27aj44,University of the Philippines Open University,active,1705536,Los Baños,Calabarzon,14.17025,121.24181,safe_active_exact_name_only
5663,fta_partner,safe_active,PH,Philippines,https://ror.org/00800dw77,University of the Philippines Visayas,active,1699791,Miagao,Western Visayas,10.6442,122.2352,safe_active_exact_name_site_agreement
5664,fta_partner,unmatched,PH,Philippines,,,,,,,,,unmatched
5665,fta_partner,safe_active,PH,Philippines,https://ror.org/03ryjp350,University of the Visayas,active,1717512,Cebu City,Central Visayas,10.31672,123.89071,safe_active_exact_name_site_agreement
5666,fta_partner,safe_active,PH,Philippines,https://ror.org/01mq0zx57,Virgen Milagrosa University Foundation,active,1690214,San Carlos,Calabarzon,13.8422,121.2416,safe_active_exact_name_site_agreement
5667,fta_partner,safe_active,PH,Philippines,https://ror.org/021yq0b87,Wesleyan University Philippines,active,1721906,Cabanatuan City,Central Luzon,15.48586,120.96648,safe_active_exact_name_site_agreement
5668,fta_partner,safe_active,PH,Philippines,https://ror.org/02wqs2q29,Western Mindanao State University,active,1679432,Zamboanga City,Zamboanga Peninsula,6.91028,122.07389,safe_active_exact_name_site_agreement
5669,fta_partner,safe_active,PH,Philippines,https://ror.org/02wbzep73,West Visayas State University,active,1711005,Iloilo City,Western Visayas,10.69694,122.56444,safe_active_exact_name_site_agreement
5670,fta_partner,safe_active,PH,Philippines,https://ror.org/04byt9g09,Xavier University,active,1721080,Cagayan de Oro,Northern Mindanao,8.48222,124.64722,safe_active_exact_name_site_agreement
5809,eu_framework,unmatched,PL,Poland,,,,,,,,,unmatched
5810,eu_framework,unmatched,PL,Poland,,,,,,,,,unmatched
5811,eu_framework,unmatched,PL,Poland,,,,,,,,,unmatched
5812,eu_framework,unmatched,PL,Poland,,,,,,,,,unmatched
5813,eu_framework,unmatched,PL,Poland,,,,,,,,,unmatched
5814,eu_framework,unmatched,PL,Poland,,,,,,,,,unmatched
5815,eu_framework,review,PL,Poland,,,,,,,,,held_review_site_only
5816,eu_framework,safe_active,PL,Poland,https://ror.org/00bas1c41,AGH University of Krakow,active,3094802,Krakow,Lesser Poland,50.06143,19.93658,safe_active_exact_name_site_agreement
5817,eu_framework,unmatched,PL,Poland,,,,,,,,,unmatched
5818,eu_framework,unmatched,PL,Poland,,,,,,,,,unmatched
5819,eu_framework,unmatched,PL,Poland,,,,,,,,,unmatched
5820,eu_framework,unmatched,PL,Poland,,,,,,,,,unmatched
5821,eu_framework,unmatched,PL,Poland,,,,,,,,,unmatched
5822,eu_framework,unmatched,PL,Poland,,,,,,,,,unmatched
5823,eu_framework,unmatched,PL,Poland,,,,,,,,,unmatched
5824,eu_framework,unmatched,PL,Poland,,,,,,,,,unmatched
5825,eu_framework,review,PL,Poland,,,,,,,,,held_review_site_only
5826,eu_framework,unmatched,PL,Poland,,,,,,,,,unmatched
5827,eu_framework,unmatched,PL,Poland,,,,,,,,,unmatched
5828,eu_framework,safe_active,PL,Poland,https://ror.org/05sdyjv16,Cardinal Stefan Wyszynski University in Warsaw,active,756135,Warsaw,Mazovia,52.22977,21.01178,safe_active_exact_name_site_agreement
5829,eu_framework,unmatched,PL,Poland,,,,,,,,,unmatched
5830,eu_framework,unmatched,PL,Poland,,,,,,,,,unmatched
5831,eu_framework,review,PL,Poland,,,,,,,,,held_review_site_only
5832,eu_framework,review,PL,Poland,,,,,,,,,held-alias-without-clean-domain-agreement
5833,eu_framework,unmatched,PL,Poland,,,,,,,,,unmatched
5834,eu_framework,unmatched,PL,Poland,,,,,,,,,unmatched
5835,eu_framework,unmatched,PL,Poland,,,,,,,,,unmatched
5836,eu_framework,unmatched,PL,Poland,,,,,,,,,unmatched
5837,eu_framework,review,PL,Poland,,,,,,,,,held_review_site_only
5838,eu_framework,review,PL,Poland,,,,,,,,,held_review_site_only
5839,eu_framework,unmatched,PL,Poland,,,,,,,,,unmatched
5840,eu_framework,review,PL,Poland,,,,,,,,,held_review_site_only
5841,eu_framework,unmatched,PL,Poland,,,,,,,,,unmatched
5842,eu_framework,safe_active,PL,Poland,https://ror.org/00fwg7016,Wyższa Szkoła Zarządzania w Gdańsku,active,3099434,Gdansk,Pomerania,54.35227,18.64912,safe_active_exact_name_site_agreement
5843,eu_framework,unmatched,PL,Poland,,,,,,,,,unmatched
5844,eu_framework,unmatched,PL,Poland,,,,,,,,,unmatched
5845,eu_framework,review,PL,Poland,,,,,,,,,held_review_site_only
5846,eu_framework,review,PL,Poland,,,,,,,,,held_review_site_only
5847,eu_framework,unmatched,PL,Poland,,,,,,,,,unmatched
5848,eu_framework,unmatched,PL,Poland,,,,,,,,,unmatched
5849,eu_framework,review,PL,Poland,,,,,,,,,held-alias-without-clean-domain-agreement
5850,eu_framework,review,PL,Poland,,,,,,,,,held_review_site_only
5851,eu_framework,unmatched,PL,Poland,,,,,,,,,unmatched
5852,eu_framework,unmatched,PL,Poland,,,,,,,,,unmatched
5853,eu_framework,review,PL,Poland,,,,,,,,,held_review_site_only
5854,eu_framework,unmatched,PL,Poland,,,,,,,,,unmatched
5855,eu_framework,unmatched,PL,Poland,,,,,,,,,unmatched
5856,eu_framework,unmatched,PL,Poland,,,,,,,,,unmatched
5857,eu_framework,unmatched,PL,Poland,,,,,,,,,unmatched
5858,eu_framework,unmatched,PL,Poland,,,,,,,,,unmatched
5859,eu_framework,unmatched,PL,Poland,,,,,,,,,unmatched
5860,eu_framework,unmatched,PL,Poland,,,,,,,,,unmatched
5861,eu_framework,unmatched,PL,Poland,,,,,,,,,unmatched
5862,eu_framework,unmatched,PL,Poland,,,,,,,,,unmatched
5863,eu_framework,unmatched,PL,Poland,,,,,,,,,unmatched
5864,eu_framework,unmatched,PL,Poland,,,,,,,,,unmatched
5865,eu_framework,review,PL,Poland,,,,,,,,,held_review_site_only
5866,eu_framework,review,PL,Poland,,,,,,,,,held_review_site_only
5867,eu_framework,unmatched,PL,Poland,,,,,,,,,unmatched
5868,eu_framework,review,PL,Poland,,,,,,,,,held_review_site_only
5869,eu_framework,review,PL,Poland,,,,,,,,,held_review_site_only
5870,eu_framework,review,PL,Poland,,,,,,,,,held_review_site_only
5871,eu_framework,review,PL,Poland,,,,,,,,,held_review_site_only
5872,eu_framework,review,PL,Poland,,,,,,,,,held_review_site_only
5873,eu_framework,unmatched,PL,Poland,,,,,,,,,unmatched
5874,eu_framework,review,PL,Poland,,,,,,,,,held_review_site_only
5875,eu_framework,unmatched,PL,Poland,,,,,,,,,unmatched
5876,eu_framework,unmatched,PL,Poland,,,,,,,,,unmatched
5877,eu_framework,unmatched,PL,Poland,,,,,,,,,unmatched
5878,eu_framework,unmatched,PL,Poland,,,,,,,,,unmatched
5879,eu_framework,unmatched,PL,Poland,,,,,,,,,unmatched
5880,eu_framework,unmatched,PL,Poland,,,,,,,,,unmatched
5881,eu_framework,unmatched,PL,Poland,,,,,,,,,unmatched
5882,eu_framework,unmatched,PL,Poland,,,,,,,,,unmatched
5883,eu_framework,review,PL,Poland,,,,,,,,,held_review_site_only
5884,eu_framework,unmatched,PL,Poland,,,,,,,,,unmatched
5885,eu_framework,review,PL,Poland,,,,,,,,,held_review_site_only
5886,eu_framework,unmatched,PL,Poland,,,,,,,,,unmatched
5887,eu_framework,review,PL,Poland,,,,,,,,,held_review_site_only
5888,eu_framework,unmatched,PL,Poland,,,,,,,,,unmatched
5889,eu_framework,review,PL,Poland,,,,,,,,,held_review_site_only
5890,eu_framework,unmatched,PL,Poland,,,,,,,,,unmatched
5891,eu_framework,unmatched,PL,Poland,,,,,,,,,unmatched
5892,eu_framework,unmatched,PL,Poland,,,,,,,,,unmatched
5893,eu_framework,unmatched,PL,Poland,,,,,,,,,unmatched
5894,eu_framework,unmatched,PL,Poland,,,,,,,,,unmatched
5895,eu_framework,unmatched,PL,Poland,,,,,,,,,unmatched
5896,eu_framework,unmatched,PL,Poland,,,,,,,,,unmatched
5897,eu_framework,review,PL,Poland,,,,,,,,,held_review_site_only
5898,eu_framework,unmatched,PL,Poland,,,,,,,,,unmatched
5899,eu_framework,review,PL,Poland,,,,,,,,,held_review_site_only
5900,eu_framework,unmatched,PL,Poland,,,,,,,,,unmatched
5901,eu_framework,unmatched,PL,Poland,,,,,,,,,unmatched
5902,eu_framework,unmatched,PL,Poland,,,,,,,,,unmatched
5903,eu_framework,review,PL,Poland,,,,,,,,,held_review_site_only
5904,eu_framework,unmatched,PL,Poland,,,,,,,,,unmatched
5905,eu_framework,unmatched,PL,Poland,,,,,,,,,unmatched
5906,eu_framework,review,PL,Poland,,,,,,,,,held_review_site_only
5907,eu_framework,review,PL,Poland,,,,,,,,,held_review_site_only
5908,eu_framework,safe_active,PL,Poland,https://ror.org/00s8fpf52,Lodz University of Technology,active,3093133,Lodz,Łódź Voivodeship,51.77058,19.47395,safe_active_exact_name_site_agreement
5909,eu_framework,unmatched,PL,Poland,,,,,,,,,unmatched
5910,eu_framework,safe_active,PL,Poland,https://ror.org/05sj5k538,Opole University of Technology,active,3090048,Opole,Opole Voivodeship,50.67211,17.92533,safe_active_exact_name_site_agreement
5911,eu_framework,review,PL,Poland,,,,,,,,,held_review_site_only
5912,eu_framework,unmatched,PL,Poland,,,,,,,,,unmatched
5913,eu_framework,unmatched,PL,Poland,,,,,,,,,unmatched
5914,eu_framework,unmatched,PL,Poland,,,,,,,,,unmatched
5915,eu_framework,review,PL,Poland,,,,,,,,,held_review_site_only
5916,eu_framework,unmatched,PL,Poland,,,,,,,,,unmatched
5917,eu_framework,unmatched,PL,Poland,,,,,,,,,unmatched
5918,eu_framework,unmatched,PL,Poland,,,,,,,,,unmatched
5919,eu_framework,unmatched,PL,Poland,,,,,,,,,unmatched
5920,eu_framework,unmatched,PL,Poland,,,,,,,,,unmatched
5921,eu_framework,safe_active,PL,Poland,https://ror.org/01t81sv44,University of Information Technology and Management in Rzeszow,active,759734,Rzeszów,Subcarpathia,50.04132,21.99901,safe_active_exact_name_only
5922,eu_framework,unmatched,PL,Poland,,,,,,,,,unmatched
5923,eu_framework,review,PL,Poland,,,,,,,,,held_review_site_only
5924,eu_framework,unmatched,PL,Poland,,,,,,,,,unmatched
5925,eu_framework,unmatched,PL,Poland,,,,,,,,,unmatched
5926,eu_framework,safe_active,PL,Poland,https://ror.org/04gbpnx96,University of Opole,active,3090048,Opole,Opole Voivodeship,50.67211,17.92533,safe_active_exact_name_site_agreement
5927,eu_framework,safe_active,PL,Poland,https://ror.org/0104rcc94,University of Silesia in Katowice,active,3096472,Katowice,Silesia,50.25841,19.02754,safe_active_exact_name_site_agreement
5928,eu_framework,safe_active,PL,Poland,https://ror.org/05vmz5070,University of Szczecin,active,3083829,Szczecin,West Pomerania,53.42894,14.55302,safe_active_exact_name_only
5929,eu_framework,unmatched,PL,Poland,,,,,,,,,unmatched
5930,eu_framework,review,PL,Poland,,,,,,,,,held_review_site_only
5931,eu_framework,safe_active,PL,Poland,https://ror.org/039bjqg32,University of Warsaw,active,756135,Warsaw,Mazovia,52.22977,21.01178,safe_active_exact_name_only
5932,eu_framework,unmatched,PL,Poland,,,,,,,,,unmatched
5933,eu_framework,review,PL,Poland,,,,,,,,,held_review_site_only
5934,eu_framework,unmatched,PL,Poland,,,,,,,,,unmatched
5935,eu_framework,review,PL,Poland,,,,,,,,,held_review_site_only
5936,eu_framework,safe_active,PL,Poland,https://ror.org/02wbgfm85,Warsaw School of Information Technology,active,756135,Warsaw,Mazovia,52.22977,21.01178,safe_active_exact_name_only
5937,eu_framework,unmatched,PL,Poland,,,,,,,,,unmatched
5938,eu_framework,safe_active,PL,Poland,https://ror.org/00gz03w45,Zachodniopomorska Szkoła Biznesu w Szczecinie,active,3083829,Szczecin,West Pomerania,53.42894,14.55302,safe_active_exact_name_only
5939,eu_framework,review,PL,Poland,,,,,,,,,held_review_site_only
5982,eu_framework,unmatched,PT,Portugal,,,,,,,,,unmatched
5983,eu_framework,review,PT,Portugal,,,,,,,,,held_review_site_only
5984,eu_framework,safe_active,PT,Portugal,https://ror.org/04ptfwx96,Escola Superior de Artes e Design,active,2735943,Porto,Porto,41.14961,-8.61099,safe_active_exact_name_site_agreement
5985,eu_framework,safe_active,PT,Portugal,https://ror.org/02nr1jd69,Escola Superior de Hotelaria e Turismo do Estoril,active,2268436,Estoril,Lisbon,38.70571,-9.39773,safe_active_exact_name_site_agreement
5986,eu_framework,unmatched,PT,Portugal,,,,,,,,,unmatched
5987,eu_framework,review,PT,Portugal,,,,,,,,,held_review_site_only
5988,eu_framework,safe_active,PT,Portugal,https://ror.org/044k31203,Instituto Piaget,active,2732265,Viseu,Viseu,40.66165,-7.90905,safe_active_exact_name_site_agreement
5989,eu_framework,safe_active,PT,Portugal,https://ror.org/02463v873,Instituto Politécnico da Guarda,active,2738785,Guarda,Guarda,40.53733,-7.26575,safe_active_exact_name_site_agreement
5990,eu_framework,safe_active,PT,Portugal,https://ror.org/00t9n0h58,Instituto Politécnico de Beja,active,2270985,Beja,Beja,38.01506,-7.86323,safe_active_exact_name_site_agreement
5991,eu_framework,safe_active,PT,Portugal,https://ror.org/00prsav78,Polytechnic Institute of Bragança,active,2742027,Bragança,Bragança,41.80582,-6.75719,safe_active_exact_name_site_agreement
5992,eu_framework,safe_active,PT,Portugal,https://ror.org/004s18446,Polytechnic Institute of Castelo Branco,active,2269514,Castelo Branco,Castelo Branco,39.82219,-7.49087,safe_active_exact_name_site_agreement
5993,eu_framework,safe_active,PT,Portugal,https://ror.org/01n8x4993,Polytechnic Institute of Coimbra,active,2740637,Coimbra,Coimbra,40.20564,-8.41955,safe_active_exact_name_site_agreement
5994,eu_framework,safe_active,PT,Portugal,https://ror.org/010dvvh94,Instituto Politécnico de Leiria,active,2267095,Leiria,Leiria,39.74362,-8.80705,safe_active_exact_name_only
5995,eu_framework,safe_active,PT,Portugal,https://ror.org/04ea70f07,Instituto Politécnico de Lisboa,active,2267057,Lisbon,Lisbon,38.71667,-9.13333,safe_active_exact_name_site_agreement
5996,eu_framework,safe_active,PT,Portugal,https://ror.org/05vnksv67,Polytechnic Institute of Portalegre,active,2264508,Portalegre,Portalegre,39.29379,-7.43122,safe_active_exact_name_site_agreement
5997,eu_framework,safe_active,PT,Portugal,https://ror.org/02bbx2g30,Instituto Politécnico de Santarém,active,2263480,Santarém,Santarém,39.23333,-8.68333,safe_active_exact_name_site_agreement
5998,eu_framework,review,PT,Portugal,,,,,,,,,held_review_site_only
5999,eu_framework,safe_active,PT,Portugal,https://ror.org/03gsfpp62,Instituto Politécnico de Tomar,active,2262644,Tomar,Santarém,39.60199,-8.40924,safe_active_exact_name_site_agreement
6000,eu_framework,safe_active,PT,Portugal,https://ror.org/03w6kry90,Polytechnic Institute of Viana do Castelo,active,2732773,Viana do Castelo,Viana do Castelo,41.69323,-8.83287,safe_active_exact_name_site_agreement
6001,eu_framework,safe_active,PT,Portugal,https://ror.org/0448qsq10,Polytechnic Institute of Cávado and Ave,active,2742416,Barcelos,Braga,41.53174,-8.61843,safe_active_exact_name_site_agreement
6002,eu_framework,review,PT,Portugal,,,,,,,,,held_review_shared_site_only
6003,eu_framework,safe_active,PT,Portugal,https://ror.org/00s58vq35,Instituto Superior Bissaya Barreto,active,2740637,Coimbra,Coimbra,40.20564,-8.41955,safe_active_exact_name_site_agreement
6004,eu_framework,review,PT,Portugal,,,,,,,,,held_review_site_only
6005,eu_framework,unmatched,PT,Portugal,,,,,,,,,unmatched
6006,eu_framework,review,PT,Portugal,,,,,,,,,held-alias-without-clean-domain-agreement
6007,eu_framework,safe_active,PT,Portugal,https://ror.org/008wtrs16,Instituto Superior de Ciências Educativas,active,2264087,Ramada,Lisbon,38.80368,-9.1877,safe_active_exact_name_only
6008,eu_framework,review,PT,Portugal,,,,,,,,,held_review_site_only
6009,eu_framework,safe_active,PT,Portugal,https://ror.org/00w53b262,Instituto Superior de Entre Douro e Vouga,active,2739723,Feira,Aveiro,40.92535,-8.54277,safe_active_exact_name_only
6010,eu_framework,review,PT,Portugal,,,,,,,,,held_review_site_only
6011,eu_framework,unmatched,PT,Portugal,,,,,,,,,unmatched
6012,eu_framework,safe_active,PT,Portugal,https://ror.org/00ykktm91,Instituto Superior de Línguas e Administração,active,2267095,Leiria,Leiria,39.74362,-8.80705,safe_active_exact_name_only
6013,eu_framework,safe_active,PT,Portugal,https://ror.org/04evw4v13,Instituto Superior de Paços de Brandão,active,2736884,Paços de Brandão,Aveiro,40.97541,-8.5835,safe_active_exact_name_site_agreement
6014,eu_framework,review,PT,Portugal,,,,,,,,,held_review_site_only
6015,eu_framework,safe_active,PT,Portugal,https://ror.org/05pv4tx93,Instituto Superior de Saúde do Alto Ave,active,2735803,Póvoa de Lanhoso,Braga,41.57599,-8.27008,safe_active_exact_name_only
6016,eu_framework,review,PT,Portugal,,,,,,,,,held_review_site_only
6017,eu_framework,unmatched,PT,Portugal,,,,,,,,,unmatched
6018,eu_framework,review,PT,Portugal,,,,,,,,,held_review_site_only
6019,eu_framework,safe_active,PT,Portugal,https://ror.org/04k26n974,Instituto Superior Politécnico Gaya,active,2732544,Vila Nova de Gaia,Porto,41.12401,-8.61241,safe_active_exact_name_site_agreement
6020,eu_framework,unmatched,PT,Portugal,,,,,,,,,unmatched
6021,eu_framework,review,PT,Portugal,,,,,,,,,held-alias-without-clean-domain-agreement
6022,eu_framework,unmatched,PT,Portugal,,,,,,,,,unmatched
6023,eu_framework,review,PT,Portugal,,,,,,,,,held_review_site_only
6024,eu_framework,safe_active,PT,Portugal,https://ror.org/03nf36p02,University of Beira Interior,active,2740313,Covilha,Castelo Branco,40.28106,-7.50504,safe_active_exact_name_site_agreement
6025,eu_framework,safe_active,PT,Portugal,https://ror.org/0442zbe52,Universidade da Madeira,active,2267827,Funchal,Madeira,32.66568,-16.92547,safe_active_exact_name_site_agreement
6026,eu_framework,safe_active,PT,Portugal,https://ror.org/00nt41z93,University of Aveiro,active,2742611,Aveiro,Aveiro,40.64427,-8.64554,safe_active_exact_name_site_agreement
6027,eu_framework,safe_active,PT,Portugal,https://ror.org/04z8k9a98,University of Coimbra,active,2740637,Coimbra,Coimbra,40.20686,-8.41996,safe_active_exact_name_site_agreement
6028,eu_framework,review,PT,Portugal,,,,,,,,,held_review_site_only
6029,eu_framework,safe_active,PT,Portugal,https://ror.org/01c27hj86,University of Lisbon,active,2267057,Lisbon,Lisbon,38.72509,-9.1498,safe_active_exact_name_only
6030,eu_framework,review,PT,Portugal,,,,,,,,,held_review_site_only
6031,eu_framework,safe_active,PT,Portugal,https://ror.org/014g34x36,University of Algarve,active,2268339,Faro,Faro,37.01869,-7.92716,safe_active_exact_name_site_agreement
6032,eu_framework,safe_active,PT,Portugal,https://ror.org/037wpkx04,University of Minho,active,2742032,Braga,Braga,41.5514,-8.42311,safe_active_exact_name_site_agreement
6033,eu_framework,safe_active,PT,Portugal,https://ror.org/043pwc612,Universidade do Porto,active,2735943,Porto,Porto,41.1485,-8.61097,safe_active_exact_name_site_agreement
6034,eu_framework,review,PT,Portugal,,,,,,,,,held_review_site_only
6035,eu_framework,safe_active,PT,Portugal,https://ror.org/04h8e7606,Fernando Pessoa University,active,2735943,Porto,Porto,41.1485,-8.61097,safe_active_exact_name_site_agreement
6036,eu_framework,unmatched,PT,Portugal,,,,,,,,,unmatched
6037,eu_framework,unmatched,PT,Portugal,,,,,,,,,unmatched
6038,eu_framework,unmatched,PT,Portugal,,,,,,,,,unmatched
6039,eu_framework,review,PT,Portugal,,,,,,,,,held_review_site_only
6040,eu_framework,unmatched,PT,Portugal,,,,,,,,,unmatched
6041,eu_framework,safe_active,PT,Portugal,https://ror.org/02xankh89,Universidade Nova de Lisboa,active,2267057,Lisbon,Lisbon,38.72509,-9.1498,safe_active_exact_name_site_agreement
6042,eu_framework,review,PT,Portugal,,,,,,,,,held-alias-without-clean-domain-agreement
6043,eu_framework,unmatched,PT,Portugal,,,,,,,,,unmatched
6060,eu_framework,review,RO,Romania,,,,,,,,,held_review_site_only
6061,eu_framework,review,RO,Romania,,,,,,,,,held_review_site_only
6062,eu_framework,review,RO,Romania,,,,,,,,,held_review_site_only
6063,eu_framework,review,RO,Romania,,,,,,,,,held_review_site_only
6064,eu_framework,unmatched,RO,Romania,,,,,,,,,unmatched
6065,eu_framework,unmatched,RO,Romania,,,,,,,,,unmatched
6066,eu_framework,review,RO,Romania,,,,,,,,,held_review_site_only
6067,eu_framework,review,RO,Romania,,,,,,,,,held_review_site_only
6068,eu_framework,review,RO,Romania,,,,,,,,,held_review_site_only
6069,eu_framework,safe_active,RO,Romania,https://ror.org/02aayd667,Emanuel University,active,671768,Oradea,Bihor County,47.0458,21.91833,safe_active_exact_name_site_agreement
6070,eu_framework,unmatched,RO,Romania,,,,,,,,,unmatched
6071,eu_framework,unmatched,RO,Romania,,,,,,,,,unmatched
6072,eu_framework,unmatched,RO,Romania,,,,,,,,,unmatched
6073,eu_framework,review,RO,Romania,,,,,,,,,held_review_site_only
6074,eu_framework,unmatched,RO,Romania,,,,,,,,,unmatched
6075,eu_framework,review,RO,Romania,,,,,,,,,held_review_site_only
6076,eu_framework,review,RO,Romania,,,,,,,,,held_review_site_only
6077,eu_framework,unmatched,RO,Romania,,,,,,,,,unmatched
6078,eu_framework,unmatched,RO,Romania,,,,,,,,,unmatched
6079,eu_framework,inactive_history,RO,Romania,,,,,,,,,held_inactive_site_only
6080,eu_framework,safe_active,RO,Romania,https://ror.org/028jcy673,Romanian-American University,active,683506,Bucharest,București,44.43225,26.10626,safe_active_exact_name_site_agreement
6081,eu_framework,safe_active,RO,Romania,https://ror.org/01qkq8c66,Spiru Haret University,active,683506,Bucharest,București,44.43225,26.10626,safe_active_exact_name_only
6082,eu_framework,unmatched,RO,Romania,,,,,,,,,unmatched
6083,eu_framework,review,RO,Romania,,,,,,,,,held_review_site_only
6084,eu_framework,safe_active,RO,Romania,https://ror.org/03r8nwp71,Technical University of Cluj-Napoca,active,681290,Cluj-Napoca,Cluj County,46.76667,23.6,safe_active_exact_name_site_agreement
6085,eu_framework,review,RO,Romania,,,,,,,,,held_review_site_only
6086,eu_framework,unmatched,RO,Romania,,,,,,,,,unmatched
6087,eu_framework,review,RO,Romania,,,,,,,,,held_review_site_only
6088,eu_framework,review,RO,Romania,,,,,,,,,held_review_site_only
6089,eu_framework,review,RO,Romania,,,,,,,,,held_review_site_only
6090,eu_framework,unmatched,RO,Romania,,,,,,,,,unmatched
6091,eu_framework,review,RO,Romania,,,,,,,,,held_review_site_only
6092,eu_framework,unmatched,RO,Romania,,,,,,,,,unmatched
6093,eu_framework,review,RO,Romania,,,,,,,,,held_review_site_only
6094,eu_framework,unmatched,RO,Romania,,,,,,,,,unmatched
6095,eu_framework,review,RO,Romania,,,,,,,,,held_review_site_only
6096,eu_framework,safe_active,RO,Romania,https://ror.org/02x2v6p15,University of Bucharest,active,683506,Bucharest,București,44.43225,26.10626,safe_active_exact_name_site_agreement
6097,eu_framework,review,RO,Romania,,,,,,,,,held_review_site_only
6098,eu_framework,unmatched,RO,Romania,,,,,,,,,unmatched
6099,eu_framework,safe_active,RO,Romania,https://ror.org/03s251g81,University of Craiova,active,680332,Craiova,Dolj,44.31667,23.8,safe_active_exact_name_only
6100,eu_framework,review,RO,Romania,,,,,,,,,held_review_site_only
6101,eu_framework,review,RO,Romania,,,,,,,,,held_review_site_only
6102,eu_framework,unmatched,RO,Romania,,,,,,,,,unmatched
6103,eu_framework,unmatched,RO,Romania,,,,,,,,,unmatched
6104,eu_framework,review,RO,Romania,,,,,,,,,held_review_site_only
6105,eu_framework,review,RO,Romania,,,,,,,,,held_review_site_only
6106,eu_framework,unmatched,RO,Romania,,,,,,,,,unmatched
6107,eu_framework,review,RO,Romania,,,,,,,,,held_review_site_only
6108,eu_framework,safe_active,RO,Romania,https://ror.org/00wzhv093,University of Oradea,active,671768,Oradea,Bihor County,47.0458,21.91833,safe_active_exact_name_site_agreement
6109,eu_framework,review,RO,Romania,,,,,,,,,held_review_site_only
6110,eu_framework,safe_active,RO,Romania,https://ror.org/058b16x44,University of Pitesti,active,670609,Piteşti,Arges,44.85,24.86667,safe_active_exact_name_site_agreement
6111,eu_framework,review,RO,Romania,,,,,,,,,held_review_site_only
6112,eu_framework,unmatched,RO,Romania,,,,,,,,,unmatched
6113,eu_framework,safe_active,RO,Romania,https://ror.org/035pkj773,Ştefan cel Mare University of Suceava,active,665850,Suceava,Suceava,47.63333,26.25,safe_active_exact_name_site_agreement
6114,eu_framework,review,RO,Romania,,,,,,,,,held_review_site_only
6115,eu_framework,review,RO,Romania,,,,,,,,,held_review_site_only
6116,eu_framework,review,RO,Romania,,,,,,,,,held_review_site_only
6117,eu_framework,unmatched,RO,Romania,,,,,,,,,unmatched
6118,eu_framework,review,RO,Romania,,,,,,,,,held_review_site_only
6119,eu_framework,review,RO,Romania,,,,,,,,,held_review_site_only
6120,eu_framework,safe_active,RO,Romania,https://ror.org/00ywqar95,Valahia University of Targoviste,active,665024,Târgovişte,Dâmbovița County,44.92543,25.4567,safe_active_exact_name_site_agreement
6121,eu_framework,review,RO,Romania,,,,,,,,,held_review_site_only
6526,oceania,review,SB,Solomon Islands,,,,,,,,,manual-history-or-entity-level-candidate
6564,eu_framework,safe_active,SE,Sweden,https://ror.org/0093a8w51,Blekinge Institute of Technology,active,2701713,Karlskrona,Blekinge,56.16156,15.58661,safe_active_exact_name_site_agreement
6565,eu_framework,safe_active,SE,Sweden,https://ror.org/040wg7k59,Chalmers University of Technology,active,2711537,Gothenburg,Västra Götaland,57.70716,11.96679,safe_active_exact_name_site_agreement
6566,eu_framework,review,SE,Sweden,,,,,,,,,held_review_site_only
6567,eu_framework,unmatched,SE,Sweden,,,,,,,,,unmatched
6568,eu_framework,review,SE,Sweden,,,,,,,,,held_review_site_only
6569,eu_framework,unmatched,SE,Sweden,,,,,,,,,unmatched
6570,eu_framework,safe_active,SE,Sweden,https://ror.org/03h0qfp10,Halmstad University,active,2708365,Halmstad,Halland,56.67446,12.85676,safe_active_exact_name_site_agreement
6571,eu_framework,unmatched,SE,Sweden,,,,,,,,,unmatched
6572,eu_framework,unmatched,SE,Sweden,,,,,,,,,unmatched
6573,eu_framework,unmatched,SE,Sweden,,,,,,,,,unmatched
6574,eu_framework,safe_active,SE,Sweden,https://ror.org/05s754026,Karlstad University,active,2701680,Karlstad,Värmland,59.3793,13.50357,safe_active_exact_name_site_agreement
6575,eu_framework,review,SE,Sweden,,,,,,,,,held_review_site_only
6576,eu_framework,safe_active,SE,Sweden,https://ror.org/05ynxx418,Linköping University,active,2694762,Linköping,Östergötland,58.41086,15.62157,safe_active_exact_name_site_agreement
6577,eu_framework,unmatched,SE,Sweden,,,,,,,,,unmatched
6578,eu_framework,safe_active,SE,Sweden,https://ror.org/012a77v79,Lund University,active,2693678,Lund,Skåne,55.70584,13.19321,safe_active_exact_name_site_agreement
6579,eu_framework,safe_active,SE,Sweden,https://ror.org/033vfbz75,Mälardalen University,active,2664454,Västerås,Västmanland,59.61617,16.55276,safe_active_exact_name_site_agreement
6580,eu_framework,review,SE,Sweden,,,,,,,,,held-alias-without-clean-domain-agreement
6581,eu_framework,review,SE,Sweden,,,,,,,,,held-multiple-ror-locations
6582,eu_framework,safe_active,SE,Sweden,https://ror.org/03gfs5c49,Nordic School of Public Health,active,2711537,Gothenburg,Västra Götaland,57.70716,11.96679,safe_active_exact_name_only
6583,eu_framework,safe_active,SE,Sweden,https://ror.org/05kytsw45,Örebro University,active,2686657,Örebro,Örebro,59.27412,15.2066,safe_active_exact_name_site_agreement
6584,eu_framework,review,SE,Sweden,,,,,,,,,held_review_site_only
6585,eu_framework,unmatched,SE,Sweden,,,,,,,,,unmatched
6586,eu_framework,review,SE,Sweden,,,,,,,,,held_review_site_only
6587,eu_framework,unmatched,SE,Sweden,,,,,,,,,unmatched
6588,eu_framework,safe_active,SE,Sweden,https://ror.org/01s5jzh92,Stockholm School of Economics,active,2673730,Stockholm,Stockholm,59.32938,18.06871,safe_active_exact_name_site_agreement
6589,eu_framework,safe_active,SE,Sweden,https://ror.org/05f0yaq80,Stockholm University,active,2673730,Stockholm,Stockholm,59.32938,18.06871,safe_active_exact_name_site_agreement
6590,eu_framework,safe_active,SE,Sweden,https://ror.org/02yy8x990,Swedish University of Agricultural Sciences,active,2666199,Uppsala,Uppsala,59.85882,17.63889,safe_active_exact_name_site_agreement
6591,eu_framework,review,SE,Sweden,,,,,,,,,held_review_site_only
6592,eu_framework,safe_active,SE,Sweden,https://ror.org/00pbfkr44,University College of Arts Crafts and Design,active,2673730,Stockholm,Stockholm,59.32938,18.06871,safe_active_exact_name_site_agreement
6593,eu_framework,review,SE,Sweden,,,,,,,,,held_review_site_only
6594,eu_framework,review,SE,Sweden,,,,,,,,,held_review_site_only
6595,eu_framework,review,SE,Sweden,,,,,,,,,held_review_site_only
6596,eu_framework,review,SE,Sweden,,,,,,,,,held_review_site_only
6597,eu_framework,review,SE,Sweden,,,,,,,,,held-alias-without-clean-domain-agreement
6598,eu_framework,safe_active,SE,Sweden,https://ror.org/048a87296,Uppsala University,active,2666199,Uppsala,Uppsala,59.85882,17.63889,safe_active_exact_name_site_agreement
6599,eu_framework,unmatched,SE,Sweden,,,,,,,,,unmatched
6600,eu_framework,safe_active,SE,Sweden,https://ror.org/00v542r37,World Maritime University,active,2692969,Malmo,Skåne,55.60587,13.00073,safe_active_exact_name_site_agreement
6601,fta_partner,safe_active,SG,Singapore,https://ror.org/02kjxc710,Aventis School of Management,active,1880252,Singapore,SG.01,1.28967,103.85007,safe_active_exact_name_only
6602,fta_partner,safe_active,SG,Singapore,https://ror.org/02e7b5302,Nanyang Technological University,active,1880252,Singapore,,1.28967,103.85007,safe_active_exact_name_site_agreement
6603,fta_partner,safe_active,SG,Singapore,https://ror.org/01tgyzw49,National University of Singapore,active,1880252,Singapore,,1.28967,103.85007,safe_active_exact_name_site_agreement
6604,fta_partner,review,SG,Singapore,,,,,,,,,held_review_site_only
6605,fta_partner,safe_active,SG,Singapore,https://ror.org/050qmg959,Singapore Management University,active,1880252,Singapore,,1.28967,103.85007,safe_active_exact_name_site_agreement
6606,fta_partner,unmatched,SG,Singapore,,,,,,,,,unmatched
6607,eu_framework,safe_active,SI,Slovenia,https://ror.org/05njb9z20,University of Ljubljana,active,3196359,Ljubljana,Ljubljana,46.05108,14.50513,safe_active_exact_name_site_agreement
6608,eu_framework,safe_active,SI,Slovenia,https://ror.org/01d5jce07,University of Maribor,active,3195506,Maribor,Maribor City Municipality,46.55583,15.64593,safe_active_exact_name_only
6609,eu_framework,safe_active,SI,Slovenia,https://ror.org/00mw0tw28,University of Nova Gorica,active,3194452,Nova Gorica,Nova Gorica,45.95604,13.64837,safe_active_exact_name_site_agreement
6610,eu_framework,safe_active,SI,Slovenia,https://ror.org/05xefg082,University of Primorska,active,3197753,Koper,Urban Municipality of Koper,45.5482,13.72963,safe_active_exact_name_site_agreement
6611,eu_framework,review,SK,Slovakia,,,,,,,,,held_review_site_only
6612,eu_framework,safe_active,SK,Slovakia,https://ror.org/0443y6a81,Academy of Fine Arts and Design in Bratislava,active,3060972,Bratislava,Bratislava Region,48.14816,17.10674,safe_active_exact_name_site_agreement
6613,eu_framework,review,SK,Slovakia,,,,,,,,,held_review_site_only
6614,eu_framework,safe_active,SK,Slovakia,https://ror.org/030mqy313,Bratislava International School of Liberal Arts,active,3060972,Bratislava,Bratislava Region,48.14816,17.10674,safe_active_exact_name_site_agreement
6615,eu_framework,safe_active,SK,Slovakia,https://ror.org/05ra6d150,Catholic University in Ruzomberok,active,3057789,Ružomberok,Žilina Region,49.0748,19.30751,safe_active_exact_name_site_agreement
6616,eu_framework,review,SK,Slovakia,,,,,,,,,held_review_site_only
6617,eu_framework,unmatched,SK,Slovakia,,,,,,,,,unmatched
6618,eu_framework,review,SK,Slovakia,,,,,,,,,held_review_site_only
6619,eu_framework,review,SK,Slovakia,,,,,,,,,held_review_site_only
6620,eu_framework,unmatched,SK,Slovakia,,,,,,,,,unmatched
6621,eu_framework,unmatched,SK,Slovakia,,,,,,,,,unmatched
6622,eu_framework,review,SK,Slovakia,,,,,,,,,held_review_site_only
6623,eu_framework,review,SK,Slovakia,,,,,,,,,held_review_site_only
6624,eu_framework,review,SK,Slovakia,,,,,,,,,held_review_site_only
6625,eu_framework,review,SK,Slovakia,,,,,,,,,held_review_site_only
6626,eu_framework,safe_active,SK,Slovakia,https://ror.org/040mc4x48,Slovak Medical University,active,3060972,Bratislava,Bratislava Region,48.14816,17.10674,safe_active_exact_name_only
6627,eu_framework,safe_active,SK,Slovakia,https://ror.org/03rfvyw43,Slovak University of Agriculture in Nitra,active,3058531,Nitra,Nitra Region,48.30763,18.08453,safe_active_exact_name_site_agreement
6628,eu_framework,safe_active,SK,Slovakia,https://ror.org/0561ghm58,Slovak University of Technology in Bratislava,active,3060972,Bratislava,Bratislava Region,48.14816,17.10674,safe_active_exact_name_site_agreement
6629,eu_framework,review,SK,Slovakia,,,,,,,,,held_review_site_only
6630,eu_framework,review,SK,Slovakia,,,,,,,,,held_review_site_only
6631,eu_framework,review,SK,Slovakia,,,,,,,,,held_review_site_only
6632,eu_framework,review,SK,Slovakia,,,,,,,,,held_review_site_only
6633,eu_framework,review,SK,Slovakia,,,,,,,,,held_review_site_only
6634,eu_framework,review,SK,Slovakia,,,,,,,,,held_review_site_only
6635,eu_framework,safe_active,SK,Slovakia,https://ror.org/0514m3k39,University of Central Europe in Skalica,active,3057630,Skalica,Trnava Region,48.8449,17.22635,safe_active_exact_name_site_agreement
6636,eu_framework,safe_active,SK,Slovakia,https://ror.org/0310h1546,Bratislava University of Economics and Business,active,3060972,Bratislava,Bratislava Region,48.14816,17.10674,safe_active_exact_name_site_agreement
6637,eu_framework,review,SK,Slovakia,,,,,,,,,held_review_site_only
6638,eu_framework,review,SK,Slovakia,,,,,,,,,held_review_site_only
6639,eu_framework,review,SK,Slovakia,,,,,,,,,held_review_site_only
6640,eu_framework,review,SK,Slovakia,,,,,,,,,held_review_site_only
6641,eu_framework,safe_active,SK,Slovakia,https://ror.org/05nj8rv48,University of Trnava,active,3057124,Trnava,Trnava Region,48.37773,17.58603,safe_active_exact_name_site_agreement
6642,eu_framework,review,SK,Slovakia,,,,,,,,,held_review_site_only
6643,eu_framework,review,SK,Slovakia,,,,,,,,,held_review_site_only
6723,fta_partner,safe_active,TH,Thailand,https://ror.org/0403qcr87,Asian Institute of Technology,active,1607983,Pathum Thani,Pathum Thani,14.01346,100.53049,safe_active_exact_name_site_agreement
6724,fta_partner,review,TH,Thailand,,,,,,,,,held-alias-without-clean-domain-agreement
6725,fta_partner,review,TH,Thailand,,,,,,,,,held_review_site_only
6726,fta_partner,safe_active,TH,Thailand,https://ror.org/002qeva03,Bangkok University,active,1609350,Bangkok,Bangkok,13.75398,100.50144,safe_active_exact_name_site_agreement
6727,fta_partner,safe_active,TH,Thailand,https://ror.org/01ff74m36,Burapha University,active,1611110,Chon Buri,Chon Buri,13.3622,100.98345,safe_active_exact_name_site_agreement
6728,fta_partner,safe_active,TH,Thailand,https://ror.org/04gyfd783,Chaopraya University,active,1608527,Nakhon Sawan,Nakhon Sawan,15.70472,100.13717,safe_active_exact_name_site_agreement
6729,fta_partner,safe_active,TH,Thailand,https://ror.org/02r6k7132,Chiang Mai Rajabhat University,active,1153671,Chiang Mai,Chiang Mai,18.79038,98.98468,safe_active_exact_name_site_agreement
6730,fta_partner,safe_active,TH,Thailand,https://ror.org/05m2fqn25,Chiang Mai University,active,1153671,Chiang Mai,Chiang Mai,18.79038,98.98468,safe_active_exact_name_only
6731,fta_partner,unmatched,TH,Thailand,,,,,,,,,unmatched
6732,fta_partner,safe_active,TH,Thailand,https://ror.org/028wp3y58,Chulalongkorn University,active,1609350,Bangkok,Bangkok,13.75398,100.50144,safe_active_exact_name_site_agreement
6733,fta_partner,review,TH,Thailand,,,,,,,,,held_review_site_only
6734,fta_partner,safe_active,TH,Thailand,https://ror.org/01kq1we52,Eastern Asia University,active,1605549,Thanyaburi,Pathum Thani,14.02114,100.73433,safe_active_exact_name_site_agreement
6735,fta_partner,unmatched,TH,Thailand,,,,,,,,,unmatched
6736,fta_partner,safe_active,TH,Thailand,https://ror.org/02ev5wr74,Hatyai University,active,1606147,Songkhla,Songkhla,7.19882,100.5951,safe_active_exact_name_site_agreement
6737,fta_partner,safe_active,TH,Thailand,https://ror.org/02wq2gg07,Huachiew Chalermprakiet University,active,1606590,Mueang Samut Prakan,Samut Prakan,13.5976,100.5972,safe_active_exact_name_site_agreement
6738,fta_partner,unmatched,TH,Thailand,,,,,,,,,unmatched
6739,fta_partner,safe_active,TH,Thailand,https://ror.org/039rewm17,Kasem Bundit University,active,1609350,Bangkok,Bangkok,13.75398,100.50144,safe_active_exact_name_site_agreement
6740,fta_partner,safe_active,TH,Thailand,https://ror.org/05gzceg21,Kasetsart University,active,1609350,Bangkok,Bangkok,13.75398,100.50144,safe_active_exact_name_site_agreement
6741,fta_partner,safe_active,TH,Thailand,https://ror.org/03cq4gr50,Khon Kaen University,active,1609776,Khon Kaen,Khon Kaen,16.44671,102.833,safe_active_exact_name_site_agreement
6742,fta_partner,review,TH,Thailand,,,,,,,,,held_review_site_only
6743,fta_partner,safe_active,TH,Thailand,https://ror.org/04fy6jb97,King Mongkut's University of Technology North Bangkok,active,1609350,Bangkok,Bangkok,13.75398,100.50144,safe_active_exact_name_site_agreement
6744,fta_partner,safe_active,TH,Thailand,https://ror.org/0057ax056,King Mongkut's University of Technology Thonburi,active,1609350,Bangkok,Bangkok,13.75398,100.50144,safe_active_exact_name_site_agreement
6745,fta_partner,safe_active,TH,Thailand,https://ror.org/04d8yqq70,Krirk University,active,1609350,Bangkok,Bangkok,13.75398,100.50144,safe_active_exact_name_site_agreement
6746,fta_partner,unmatched,TH,Thailand,,,,,,,,,unmatched
6747,fta_partner,safe_active,TH,Thailand,https://ror.org/00s338690,Lampang Rajabhat University,active,1152473,Lampang,Lampang,18.29232,99.49277,safe_active_exact_name_site_agreement
6748,fta_partner,unmatched,TH,Thailand,,,,,,,,,unmatched
6749,fta_partner,unmatched,TH,Thailand,,,,,,,,,unmatched
6750,fta_partner,safe_active,TH,Thailand,https://ror.org/00mwhaw71,Mae Fah Luang University,active,1153669,Chiang Rai,Chiang Rai,19.90858,99.8325,safe_active_exact_name_only
6751,fta_partner,safe_active,TH,Thailand,https://ror.org/03c7s1f64,Maejo University,active,1153671,Chiang Mai,Chiang Mai,18.79038,98.98468,safe_active_exact_name_site_agreement
6752,fta_partner,review,TH,Thailand,,,,,,,,,held_review_site_only
6753,fta_partner,safe_active,TH,Thailand,https://ror.org/050m5b118,Mahamakut Buddhist University,active,6865927,Salaya,Nakhon Pathom,13.802,100.32111,safe_active_exact_name_site_agreement
6754,fta_partner,safe_active,TH,Thailand,https://ror.org/05qebwp08,Mahanakorn University of Technology,active,1609350,Bangkok,Bangkok,13.75398,100.50144,safe_active_exact_name_site_agreement
6755,fta_partner,safe_active,TH,Thailand,https://ror.org/0453j3c58,Mahasarakham University,active,1608900,Maha Sarakham,Maha Sarakham,16.18483,103.30067,safe_active_exact_name_only
6756,fta_partner,safe_active,TH,Thailand,https://ror.org/01znkr924,Mahidol University,active,1609350,Bangkok,Bangkok,13.75398,100.50144,safe_active_exact_name_site_agreement
6757,fta_partner,unmatched,TH,Thailand,,,,,,,,,unmatched
6758,fta_partner,safe_active,TH,Thailand,https://ror.org/03e2qe334,Naresuan University,active,1607708,Phitsanulok,Phitsanulok,16.82481,100.25858,safe_active_exact_name_site_agreement
6759,fta_partner,safe_active,TH,Thailand,https://ror.org/010g30191,National Institute of Development Administration,active,1609350,Bangkok,Bangkok,13.75398,100.50144,safe_active_exact_name_site_agreement
6760,fta_partner,unmatched,TH,Thailand,,,,,,,,,unmatched
6761,fta_partner,safe_active,TH,Thailand,https://ror.org/04vxqfe68,Pathumthani University,active,1607983,Pathum Thani,Pathum Thani,14.01346,100.53049,safe_active_exact_name_site_agreement
6762,fta_partner,review,TH,Thailand,,,,,,,,,held_review_site_only
6763,fta_partner,safe_active,TH,Thailand,https://ror.org/02g8brk88,Phranakhon Si Ayutthaya Rajabhat University,active,1609350,Bangkok,Bangkok,13.75398,100.50144,safe_active_exact_name_site_agreement
6764,fta_partner,safe_active,TH,Thailand,https://ror.org/0575ycz84,Prince of Songkla University,active,1606147,Songkhla,Songkhla,7.19882,100.5951,safe_active_exact_name_only
6765,fta_partner,unmatched,TH,Thailand,,,,,,,,,unmatched
6766,fta_partner,unmatched,TH,Thailand,,,,,,,,,unmatched
6767,fta_partner,safe_active,TH,Thailand,https://ror.org/02mg36m74,Rajamangala University of Technology Phra Nakhon,active,1609350,Bangkok,Bangkok,13.75398,100.50144,safe_active_exact_name_site_agreement
6768,fta_partner,safe_active,TH,Thailand,https://ror.org/00mrw8k38,Ramkhamhaeng University,active,1609350,Bangkok,Bangkok,13.75398,100.50144,safe_active_exact_name_site_agreement
6769,fta_partner,safe_active,TH,Thailand,https://ror.org/01cqcrc47,Rangsit University,active,1607983,Pathum Thani,Pathum Thani,14.01346,100.53049,safe_active_exact_name_site_agreement
6770,fta_partner,safe_active,TH,Thailand,https://ror.org/02sr8jt85,Shinawatra University,active,1609350,Bangkok,Bangkok,13.75398,100.50144,safe_active_exact_name_only
6771,fta_partner,unmatched,TH,Thailand,,,,,,,,,unmatched
6772,fta_partner,safe_active,TH,Thailand,https://ror.org/04j3saz95,Siam University,active,1609350,Bangkok,Bangkok,13.75398,100.50144,safe_active_exact_name_site_agreement
6773,fta_partner,safe_active,TH,Thailand,https://ror.org/02d0tyt78,Silpakorn University,active,1609350,Bangkok,Bangkok,13.75398,100.50144,safe_active_exact_name_site_agreement
6774,fta_partner,review,TH,Thailand,,,,,,,,,held_review_site_only
6775,fta_partner,safe_active,TH,Thailand,https://ror.org/04718hx42,Srinakharinwirot University,active,1609350,Bangkok,Bangkok,13.75398,100.50144,safe_active_exact_name_site_agreement
6776,fta_partner,safe_active,TH,Thailand,https://ror.org/05d0b7d20,Sripatum University,active,1609350,Bangkok,Bangkok,13.75398,100.50144,safe_active_exact_name_site_agreement
6777,fta_partner,safe_active,TH,Thailand,https://ror.org/02bvdvz71,Stamford International University,active,1149698,Phetchaburi,Phetchaburi,13.11189,99.94467,safe_active_exact_name_site_agreement
6778,fta_partner,unmatched,TH,Thailand,,,,,,,,,unmatched
6779,fta_partner,review,TH,Thailand,,,,,,,,,held_review_site_only
6780,fta_partner,safe_active,TH,Thailand,https://ror.org/00epajq42,Sukhothai Thammathirat Open University,active,1608133,Nonthaburi,Nonthaburi,13.86075,100.51477,safe_active_exact_name_site_agreement
6781,fta_partner,safe_active,TH,Thailand,https://ror.org/05sgb8g78,Suranaree University of Technology,active,1608529,Nakhon Ratchasima,Nakhon Ratchasima,14.97066,102.10196,safe_active_exact_name_site_agreement
6782,fta_partner,safe_active,TH,Thailand,https://ror.org/00t2prd39,Thaksin University,active,1606147,Songkhla,Songkhla,7.19882,100.5951,safe_active_exact_name_site_agreement
6783,fta_partner,safe_active,TH,Thailand,https://ror.org/002yp7f20,Thammasat University,active,1609350,Bangkok,Bangkok,13.75398,100.50144,safe_active_exact_name_site_agreement
6784,fta_partner,unmatched,TH,Thailand,,,,,,,,,unmatched
6785,fta_partner,safe_active,TH,Thailand,https://ror.org/03m7a5q02,University of the Thai Chamber of Commerce,active,1609350,Bangkok,Bangkok,13.75398,100.50144,safe_active_exact_name_site_agreement
6786,fta_partner,safe_active,TH,Thailand,https://ror.org/00peyn760,Vongchavalitkul University,active,1608529,Nakhon Ratchasima,Nakhon Ratchasima,14.97066,102.10196,safe_active_exact_name_only
6787,fta_partner,safe_active,TH,Thailand,https://ror.org/04b69g067,Walailak University,active,1151933,Nakhon Si Thammarat,Nakhon Si Thammarat,8.43333,99.96667,safe_active_exact_name_site_agreement
6788,fta_partner,safe_active,TH,Thailand,https://ror.org/015n4ka04,Webster University Thailand,active,1149698,Phetchaburi,Phetchaburi,13.11189,99.94467,safe_active_exact_name_site_agreement
6789,fta_partner,review,TH,Thailand,,,,,,,,,held-alias-without-clean-domain-agreement
6813,oceania,unmatched,TO,Tonga,,,,,,,,,no-same-country-ror-record
7111,fta_partner,safe_active,US,United States,https://ror.org/004srrf86,Abilene Christian University,active,4669635,Abilene,Texas,32.44874,-99.73314,safe_active_exact_name_site_agreement
7112,fta_partner,safe_active,US,United States,https://ror.org/04jr0a134,Academy of Art University,active,5391959,San Francisco,California,37.77493,-122.41942,safe_active_exact_name_site_agreement
7113,fta_partner,safe_active,US,United States,https://ror.org/05vccrs41,Adams State University,active,5411479,Alamosa,Colorado,37.46945,-105.87002,safe_active_exact_name_site_agreement
7114,fta_partner,safe_active,US,United States,https://ror.org/025n13r50,Adelphi University,active,5118226,Garden City,New York,40.72677,-73.6343,safe_active_exact_name_site_agreement
7115,fta_partner,safe_active,US,United States,https://ror.org/008dmsy67,Adler University,active,4887398,Chicago,Illinois,41.85003,-87.65005,safe_active_exact_name_site_agreement
7116,fta_partner,safe_active,US,United States,https://ror.org/02f131c52,Adrian College,active,4983811,Adrian,Michigan,41.89755,-84.03717,safe_active_exact_name_site_agreement
7117,fta_partner,safe_active,US,United States,https://ror.org/05pgk5e03,Agnes Scott College,active,4191124,Decatur,Georgia,33.77483,-84.29631,safe_active_exact_name_only
7118,fta_partner,review,US,United States,,,,,,,,,held-alias-without-clean-domain-agreement
7119,fta_partner,safe_active,US,United States,https://ror.org/05hz8m414,Alabama Agricultural and Mechanical University,active,4068590,Huntsville,Alabama,34.7304,-86.58594,safe_active_exact_name_site_agreement
7120,fta_partner,safe_active,US,United States,https://ror.org/01eedy375,Alabama State University,active,4076784,Montgomery,Alabama,32.36681,-86.29997,safe_active_exact_name_site_agreement
7121,fta_partner,safe_active,US,United States,https://ror.org/02thhxe24,Alaska Bible College,active,5871146,Palmer,Alaska,61.59941,-149.11456,safe_active_exact_name_site_agreement
7122,fta_partner,safe_active,US,United States,https://ror.org/05hz4ph43,Alaska Pacific University,active,5879400,Anchorage,Alaska,61.21806,-149.90028,safe_active_exact_name_site_agreement
7123,fta_partner,review,US,United States,,,,,,,,,held_site_name_conflict
7124,fta_partner,safe_active,US,United States,https://ror.org/048w9r832,Albany Law School,active,5106834,Albany,New York,42.65258,-73.75623,safe_active_exact_name_site_agreement
7125,fta_partner,unmatched,US,United States,,,,,,,,,unmatched
7126,fta_partner,safe_active,US,United States,https://ror.org/01vme4277,Albany State University,active,4179320,Albany,Georgia,31.57851,-84.15574,safe_active_exact_name_site_agreement
7127,fta_partner,safe_active,US,United States,https://ror.org/030pv4h84,Albertus Magnus College,active,4839366,New Haven,Connecticut,41.30815,-72.92816,safe_active_exact_name_site_agreement
7128,fta_partner,safe_active,US,United States,https://ror.org/05nnk3913,Albion College,active,4983905,Albion,Michigan,42.2431,-84.75303,safe_active_exact_name_site_agreement
7129,fta_partner,safe_active,US,United States,https://ror.org/029eaeb35,Albright College,active,5207728,Reading,Pennsylvania,40.33565,-75.92687,safe_active_exact_name_site_agreement
7130,fta_partner,safe_active,US,United States,https://ror.org/00dr54257,Alcorn State University,active,4426218,Fayette,Mississippi,31.71155,-91.06066,safe_active_exact_name_site_agreement
7131,fta_partner,safe_active,US,United States,https://ror.org/04wkwbq27,Alderson Broaddus University,active,4818074,Philippi,West Virginia,39.15232,-80.04036,safe_active_exact_name_site_agreement
7132,fta_partner,safe_active,US,United States,https://ror.org/04tb1ww30,Adler Graduate School,active,5043193,Richfield,Minnesota,44.8833,-93.283,safe_active_exact_name_site_agreement
7133,fta_partner,safe_active,US,United States,https://ror.org/01k81gt67,Alfred University,active,5106955,Alfred,New York,42.25424,-77.79055,safe_active_exact_name_site_agreement
7134,fta_partner,safe_active,US,United States,https://ror.org/00xngee30,Alice Lloyd College,active,4304458,Pippa Passes,Kentucky,37.33482,-82.87405,safe_active_exact_name_site_agreement
7135,fta_partner,safe_active,US,United States,https://ror.org/02jgzjj54,Allegheny College,active,5200644,Meadville,Pennsylvania,41.64144,-80.15145,safe_active_exact_name_only
7136,fta_partner,safe_active,US,United States,https://ror.org/02h7s7a86,Allen University,active,4575352,Columbia,South Carolina,34.00071,-81.03481,safe_active_exact_name_only
7137,fta_partner,safe_active,US,United States,https://ror.org/02pdzen98,Alma College,active,4984049,Alma,Michigan,43.37892,-84.65973,safe_active_exact_name_site_agreement
7138,fta_partner,safe_active,US,United States,https://ror.org/028gf7832,Alvernia University,active,5207728,Reading,Pennsylvania,40.33565,-75.92687,safe_active_exact_name_site_agreement
7139,fta_partner,safe_active,US,United States,https://ror.org/04h7gk919,Alverno College,active,5263045,Milwaukee,Wisconsin,43.0389,-87.90647,safe_active_exact_name_site_agreement
7140,fta_partner,unmatched,US,United States,,,,,,,,,unmatched
7141,fta_partner,unmatched,US,United States,,,,,,,,,unmatched
7142,fta_partner,unmatched,US,United States,,,,,,,,,unmatched
7143,fta_partner,unmatched,US,United States,,,,,,,,,unmatched
7144,fta_partner,unmatched,US,United States,,,,,,,,,unmatched
7145,fta_partner,unmatched,US,United States,,,,,,,,,unmatched
7146,fta_partner,unmatched,US,United States,,,,,,,,,unmatched
7147,fta_partner,unmatched,US,United States,,,,,,,,,unmatched
7148,fta_partner,safe_active,US,United States,https://ror.org/01rppxt60,American Indian College,active,5308655,Phoenix,Arizona,33.44838,-112.07404,safe_active_exact_name_site_agreement
7149,fta_partner,review,US,United States,,,,,,,,,held_review_site_only
7150,fta_partner,review,US,United States,,,,,,,,,held_review_site_only
7151,fta_partner,review,US,United States,,,,,,,,,held_review_site_only
7152,fta_partner,unmatched,US,United States,,,,,,,,,unmatched
7153,fta_partner,safe_active,US,United States,https://ror.org/02p014d02,American International College,active,4951788,Springfield,Massachusetts,42.10148,-72.58981,safe_active_exact_name_site_agreement
7154,fta_partner,safe_active,US,United States,https://ror.org/001nq7s39,American Jewish University,active,5368361,Los Angeles,California,34.05223,-118.24368,safe_active_exact_name_only
7155,fta_partner,safe_active,US,United States,https://ror.org/00mm8q321,American Military University,active,4801850,Charles Town,West Virginia,39.28899,-77.85972,safe_active_exact_name_only
7156,fta_partner,review,US,United States,,,,,,,,,held_review_site_only
7157,fta_partner,safe_active,US,United States,https://ror.org/052w4zt36,American University,active,4140963,Washington,District of Columbia,38.89511,-77.03637,safe_active_exact_name_site_agreement
7158,fta_partner,safe_active,US,United States,https://ror.org/00vgj0470,American World University,active,5328041,Beverly Hills,California,34.07362,-118.40036,safe_active_exact_name_only
7159,fta_partner,safe_active,US,United States,https://ror.org/028vqfs63,Amherst College,active,4929023,Amherst Center,Massachusetts,42.37537,-72.51925,safe_active_exact_name_site_agreement
7160,fta_partner,unmatched,US,United States,,,,,,,,,unmatched
7161,fta_partner,review,US,United States,,,,,,,,,held_review_site_only
7162,fta_partner,unmatched,US,United States,,,,,,,,,unmatched
7163,fta_partner,unmatched,US,United States,,,,,,,,,unmatched
7164,fta_partner,review,US,United States,,,,,,,,,held_site_name_conflict
7165,fta_partner,safe_active,US,United States,https://ror.org/04aaa2n62,Andrews University,active,4985761,Berrien Springs,Michigan,41.94643,-86.3389,safe_active_exact_name_site_agreement
7166,fta_partner,safe_active,US,United States,https://ror.org/04n34rm95,Angelo State University,active,5530022,San Angelo,Texas,31.46377,-100.43704,safe_active_exact_name_site_agreement
7167,fta_partner,safe_active,US,United States,https://ror.org/05tep8d22,Anna Maria College,active,4946853,Paxton,Massachusetts,42.3112,-71.92813,safe_active_exact_name_only
7168,fta_partner,safe_active,US,United States,https://ror.org/00nzje529,Antioch University New England,active,5088262,Keene,New Hampshire,42.93369,-72.27814,safe_active_exact_name_site_agreement
7169,fta_partner,safe_active,US,United States,https://ror.org/03ekzka28,Antioch University,active,4528866,Yellow Springs,Ohio,39.80645,-83.88687,safe_active_exact_name_site_agreement
7170,fta_partner,safe_active,US,United States,https://ror.org/03dnnq935,Antioch University Los Angeles,active,5341114,Culver City,California,34.02112,-118.39647,safe_active_exact_name_only
7171,fta_partner,safe_active,US,United States,https://ror.org/0358d0w14,Antioch University Santa Barbara,active,5392952,Santa Barbara,California,34.42083,-119.69819,safe_active_exact_name_only
7172,fta_partner,safe_active,US,United States,https://ror.org/058gcv483,Antioch University Seattle,active,5809844,Seattle,Washington,47.60621,-122.33207,safe_active_exact_name_only
7173,fta_partner,safe_active,US,United States,https://ror.org/02fad4q52,Appalachian Bible College,active,4815582,Mount Hope,West Virginia,37.89539,-81.16427,safe_active_exact_name_only
7174,fta_partner,safe_active,US,United States,https://ror.org/051m4vc48,Appalachian State University,active,4456703,Boone,North Carolina,36.21679,-81.67455,safe_active_exact_name_site_agreement
7175,fta_partner,review,US,United States,,,,,,,,,held_review_site_only
7176,fta_partner,safe_active,US,United States,https://ror.org/00ff4bt20,Arcadia University,active,5191327,Glenside,Pennsylvania,40.10233,-75.15212,safe_active_exact_name_site_agreement
7177,fta_partner,inactive_history,US,United States,,,,,,,,,held_ambiguous_inactive_exact_name
7178,fta_partner,unmatched,US,United States,,,,,,,,,unmatched
7179,fta_partner,safe_active,US,United States,https://ror.org/01j8znm98,Arizona Christian University,active,5308655,Phoenix,Arizona,33.44838,-112.07404,safe_active_exact_name_site_agreement
7180,fta_partner,safe_active,US,United States,https://ror.org/03efmqc40,Arizona State University,active,5317058,Tempe,Arizona,33.41477,-111.90931,safe_active_exact_name_site_agreement
7181,fta_partner,unmatched,US,United States,,,,,,,,,unmatched
7182,fta_partner,unmatched,US,United States,,,,,,,,,unmatched
7183,fta_partner,unmatched,US,United States,,,,,,,,,unmatched
7184,fta_partner,unmatched,US,United States,,,,,,,,,unmatched
7185,fta_partner,safe_active,US,United States,https://ror.org/006pyvd89,Arkansas State University,active,4116834,Jonesboro,Arkansas,35.8423,-90.70428,safe_active_exact_name_site_agreement
7186,fta_partner,unmatched,US,United States,,,,,,,,,unmatched
7187,fta_partner,safe_active,US,United States,https://ror.org/0215jzs21,Arkansas State University Mountain Home,active,4123037,Mountain Home,Arkansas,36.33534,-92.38516,safe_active_exact_name_site_agreement
7188,fta_partner,unmatched,US,United States,,,,,,,,,unmatched
7189,fta_partner,safe_active,US,United States,https://ror.org/03bahkk91,Arkansas Tech University,active,4129397,Russellville,Arkansas,35.27842,-93.13379,safe_active_exact_name_site_agreement
7190,fta_partner,safe_active,US,United States,https://ror.org/007735r88,Arlington Baptist College,active,4671240,Arlington,Texas,32.73569,-97.10807,safe_active_exact_name_only
7191,fta_partner,safe_active,US,United States,https://ror.org/03rr7q548,Armstrong Atlantic State University,active,4221552,Savannah,Georgia,32.08354,-81.09983,safe_active_exact_name_site_agreement
7192,fta_partner,unmatched,US,United States,,,,,,,,,unmatched
7193,fta_partner,safe_active,US,United States,https://ror.org/04fszdm13,Art Academy of Cincinnati,active,4508722,Cincinnati,Ohio,39.12711,-84.51439,safe_active_exact_name_site_agreement
7194,fta_partner,safe_active,US,United States,https://ror.org/04fjwpp27,ArtCenter College of Design,active,5381396,Pasadena,California,34.14778,-118.14452,safe_active_exact_name_site_agreement
7195,fta_partner,unmatched,US,United States,,,,,,,,,unmatched
7196,fta_partner,unmatched,US,United States,,,,,,,,,unmatched
7197,fta_partner,unmatched,US,United States,,,,,,,,,unmatched
7198,fta_partner,safe_active,US,United States,https://ror.org/03pszb036,Asbury University,active,4313628,Wilmore,Kentucky,37.86202,-84.66161,safe_active_exact_name_site_agreement
7199,fta_partner,safe_active,US,United States,https://ror.org/05c5js686,Ashland University,active,5146055,Ashland,Ohio,40.86867,-82.31822,safe_active_exact_name_site_agreement
7200,fta_partner,safe_active,US,United States,https://ror.org/039k72y49,Assumption College,active,4956184,Worcester,Massachusetts,42.26259,-71.80229,safe_active_exact_name_site_agreement
7201,fta_partner,unmatched,US,United States,,,,,,,,,unmatched
7202,fta_partner,review,US,United States,,,,,,,,,held_review_site_only
7203,fta_partner,review,US,United States,,,,,,,,,held-alias-without-clean-domain-agreement
7204,fta_partner,unmatched,US,United States,,,,,,,,,unmatched
7205,fta_partner,safe_active,US,United States,https://ror.org/04j0w0694,Atlantic International University,active,5856195,Honolulu,Hawaii,21.30694,-157.85833,safe_active_exact_name_site_agreement
7206,fta_partner,safe_active,US,United States,https://ror.org/03aat3341,Atlantic Union College,active,4951431,South Lancaster,Massachusetts,42.44454,-71.68701,safe_active_exact_name_only
7207,fta_partner,safe_active,US,United States,https://ror.org/04ykrg907,Atlantic University,active,4791259,Virginia Beach,Virginia,36.85293,-75.97799,safe_active_exact_name_site_agreement
7208,fta_partner,safe_active,US,United States,https://ror.org/02v80fc35,Auburn University,active,4830796,Auburn,Alabama,32.60986,-85.48078,safe_active_exact_name_site_agreement
7209,fta_partner,safe_active,US,United States,https://ror.org/05eynd241,Auburn University at Montgomery,active,4076784,Montgomery,Alabama,32.36681,-86.29997,safe_active_exact_name_site_agreement
7210,fta_partner,review,US,United States,,,,,,,,,held-alias-without-clean-domain-agreement
7211,fta_partner,safe_active,US,United States,https://ror.org/057ewhh68,Augsburg University,active,5037649,Minneapolis,Minnesota,44.97997,-93.26384,safe_active_exact_name_site_agreement
7212,fta_partner,review,US,United States,,,,,,,,,held_ambiguous_active_exact_name
7213,fta_partner,review,US,United States,,,,,,,,,held_ambiguous_active_exact_name
7214,fta_partner,unmatched,US,United States,,,,,,,,,unmatched
7215,fta_partner,safe_active,US,United States,https://ror.org/027487t94,Aurora University,active,4883817,Aurora,Illinois,41.76058,-88.32007,safe_active_exact_name_site_agreement
7216,fta_partner,safe_active,US,United States,https://ror.org/052k56z27,Austin College,active,4728328,Sherman,Texas,33.63566,-96.60888,safe_active_exact_name_only
7217,fta_partner,safe_active,US,United States,https://ror.org/044tz3m61,Austin Community College,active,4671654,Austin,Texas,30.26715,-97.74306,safe_active_exact_name_only
7218,fta_partner,safe_active,US,United States,https://ror.org/05tx3bv88,Austin Peay State University,active,4613868,Clarksville,Tennessee,36.52977,-87.35945,safe_active_exact_name_site_agreement
7219,fta_partner,safe_active,US,United States,https://ror.org/00xwqff48,Ave Maria University,active,4159553,Immokalee,Florida,26.41869,-81.4173,safe_active_exact_name_site_agreement
7220,fta_partner,review,US,United States,,,,,,,,,held_review_site_only
7221,fta_partner,inactive_history,US,United States,,,,,,,,,held_inactive_exact_name
7222,fta_partner,safe_active,US,United States,https://ror.org/02bmftj86,Azusa Pacific University,active,5325423,Azusa,California,34.13362,-117.90756,safe_active_exact_name_site_agreement
7223,fta_partner,safe_active,US,United States,https://ror.org/01f0syq13,Babson College,active,4954738,Wellesley,Massachusetts,42.29649,-71.29256,safe_active_exact_name_site_agreement
7224,fta_partner,review,US,United States,,,,,,,,,held_review_site_only
7225,fta_partner,review,US,United States,,,,,,,,,held_review_site_only
7226,fta_partner,review,US,United States,,,,,,,,,held_review_site_only
7227,fta_partner,review,US,United States,,,,,,,,,held_review_site_only
7228,fta_partner,review,US,United States,,,,,,,,,held_review_site_only
7229,fta_partner,review,US,United States,,,,,,,,,held_review_site_only
7230,fta_partner,review,US,United States,,,,,,,,,held_review_site_only
7231,fta_partner,safe_active,US,United States,https://ror.org/04r0kzx48,Baker University,active,4267866,Baldwin City,Kansas,38.77501,-95.18636,safe_active_exact_name_site_agreement
7232,fta_partner,review,US,United States,,,,,,,,,held-alias-without-clean-domain-agreement
7233,fta_partner,safe_active,US,United States,https://ror.org/00k6tx165,Ball State University,active,4924006,Muncie,Indiana,40.19338,-85.38636,safe_active_exact_name_site_agreement
7234,fta_partner,unmatched,US,United States,,,,,,,,,unmatched
7235,fta_partner,unmatched,US,United States,,,,,,,,,unmatched
7236,fta_partner,safe_active,US,United States,https://ror.org/04v44vh53,Bank Street College of Education,active,5128581,New York,New York,40.71427,-74.00597,safe_active_exact_name_only
7237,fta_partner,unmatched,US,United States,,,,,,,,,unmatched
7238,fta_partner,unmatched,US,United States,,,,,,,,,unmatched
7239,fta_partner,unmatched,US,United States,,,,,,,,,unmatched
7240,fta_partner,safe_active,US,United States,https://ror.org/05rmcwb88,Barber–Scotia College,active,4461574,Concord,North Carolina,35.40888,-80.58158,safe_active_exact_name_site_agreement
7241,fta_partner,safe_active,US,United States,https://ror.org/040wesb37,Barclay College,active,4273999,Kiowa,Kansas,37.01725,-98.48535,safe_active_exact_name_site_agreement
7242,fta_partner,safe_active,US,United States,https://ror.org/04yrgt058,Bard College,active,5107221,Annandale-on-Hudson,New York,42.01287,-73.90819,safe_active_exact_name_site_agreement
7243,fta_partner,review,US,United States,,,,,,,,,held_review_site_only
7244,fta_partner,review,US,United States,,,,,,,,,held_review_site_only
7245,fta_partner,safe_active,US,United States,https://ror.org/04r1hh402,Barry University,active,4164138,Miami,Florida,25.77427,-80.19366,safe_active_exact_name_site_agreement
7246,fta_partner,unmatched,US,United States,,,,,,,,,unmatched
7247,fta_partner,safe_active,US,United States,https://ror.org/00mesrk97,Barton College,active,4499389,Wilson,North Carolina,35.72127,-77.91554,safe_active_exact_name_site_agreement
7248,fta_partner,safe_active,US,United States,https://ror.org/0317prg89,Bastyr University,active,5799587,Kenmore,Washington,47.75732,-122.24401,safe_active_exact_name_site_agreement
7249,fta_partner,safe_active,US,United States,https://ror.org/003yn7c76,Bates College,active,4969398,Lewiston,Maine,44.10035,-70.21478,safe_active_exact_name_site_agreement
7250,fta_partner,unmatched,US,United States,,,,,,,,,unmatched
7251,fta_partner,unmatched,US,United States,,,,,,,,,unmatched
7252,fta_partner,safe_active,US,United States,https://ror.org/02pttbw34,Baylor College of Medicine,active,4699066,Houston,Texas,29.76328,-95.36327,safe_active_exact_name_only
7253,fta_partner,safe_active,US,United States,https://ror.org/005781934,Baylor University,active,4739526,Waco,Texas,31.54933,-97.14667,safe_active_exact_name_site_agreement
7254,fta_partner,safe_active,US,United States,https://ror.org/039bc5x74,Belhaven University,active,4431410,Jackson,Mississippi,32.29876,-90.18481,safe_active_exact_name_site_agreement
7255,fta_partner,safe_active,US,United States,https://ror.org/04p81nz21,Bellarmine University,active,4299276,Louisville,Kentucky,38.25424,-85.75941,safe_active_exact_name_site_agreement
7256,fta_partner,safe_active,US,United States,https://ror.org/00b7ckn36,Bellevue University,active,5063805,Bellevue,Nebraska,41.13667,-95.89084,safe_active_exact_name_site_agreement
7257,fta_partner,unmatched,US,United States,,,,,,,,,unmatched
7258,fta_partner,safe_active,US,United States,https://ror.org/00aj75s74,Belmont Abbey College,active,4454860,Belmont,North Carolina,35.24292,-81.0373,safe_active_exact_name_only
7259,fta_partner,safe_active,US,United States,https://ror.org/033vjpd42,Belmont University,active,4644585,Nashville,Tennessee,36.16589,-86.78444,safe_active_exact_name_site_agreement
7260,fta_partner,safe_active,US,United States,https://ror.org/009yr1d55,Beloit College,active,5245387,Beloit,Wisconsin,42.50835,-89.03178,safe_active_exact_name_site_agreement
7261,fta_partner,unmatched,US,United States,,,,,,,,,unmatched
7262,fta_partner,safe_active,US,United States,https://ror.org/045r9wn29,Benedict College,active,4575352,Columbia,South Carolina,34.00071,-81.03481,safe_active_exact_name_site_agreement
7263,fta_partner,safe_active,US,United States,https://ror.org/02fn4qf13,Benedictine College,active,4267733,Atchison,Kansas,39.56305,-95.12164,safe_active_exact_name_site_agreement
7264,fta_partner,safe_active,US,United States,https://ror.org/053fh2363,Benedictine University,active,4900080,Lisle,Illinois,41.80114,-88.07479,safe_active_exact_name_site_agreement
7265,fta_partner,unmatched,US,United States,,,,,,,,,unmatched
7266,fta_partner,safe_active,US,United States,https://ror.org/03cey6t89,Bennett College,active,4469146,Greensboro,North Carolina,36.07264,-79.79198,safe_active_exact_name_site_agreement
7267,fta_partner,safe_active,US,United States,https://ror.org/01pq38j30,Bennington College,active,5233742,Bennington,Vermont,42.87813,-73.19677,safe_active_exact_name_site_agreement
7268,fta_partner,safe_active,US,United States,https://ror.org/01px48m89,Bentley University,active,4954380,Waltham,Massachusetts,42.37649,-71.23561,safe_active_exact_name_site_agreement
7269,fta_partner,safe_active,US,United States,https://ror.org/05kmcre68,Berea College,active,4283974,Berea,Kentucky,37.56869,-84.29632,safe_active_exact_name_site_agreement
7270,fta_partner,unmatched,US,United States,,,,,,,,,unmatched
7271,fta_partner,safe_active,US,United States,https://ror.org/05k9wtr55,Berklee College of Music,active,4930956,Boston,Massachusetts,42.35843,-71.05977,safe_active_exact_name_site_agreement
7272,fta_partner,unmatched,US,United States,,,,,,,,,unmatched
7273,fta_partner,safe_active,US,United States,https://ror.org/04btayy36,Berry College,active,4219762,Rome,Georgia,34.25704,-85.16467,safe_active_exact_name_site_agreement
7274,fta_partner,review,US,United States,,,,,,,,,held_review_site_only
7275,fta_partner,safe_active,US,United States,https://ror.org/03nv5gj57,Bethany College - Kansas,active,4274532,Lindsborg,Kansas,38.57362,-97.67448,safe_active_exact_name_site_agreement
7276,fta_partner,safe_active,US,United States,https://ror.org/04a6tv155,Bethany College - West Virginia,active,5280084,Bethany,West Virginia,40.20563,-80.55674,safe_active_exact_name_only
7277,fta_partner,unmatched,US,United States,,,,,,,,,unmatched
7278,fta_partner,unmatched,US,United States,,,,,,,,,unmatched
7279,fta_partner,review,US,United States,,,,,,,,,held_review_site_only
7280,fta_partner,review,US,United States,,,,,,,,,held_review_site_only
7281,fta_partner,review,US,United States,,,,,,,,,held_review_site_only
7282,fta_partner,unmatched,US,United States,,,,,,,,,unmatched
7283,fta_partner,safe_active,US,United States,https://ror.org/02han2n82,Biola University,active,5364007,La Mirada,California,33.91724,-118.01201,safe_active_exact_name_site_agreement
7284,fta_partner,safe_active,US,United States,https://ror.org/006g42111,Birmingham–Southern College,active,4049979,Birmingham,Alabama,33.52066,-86.80249,safe_active_exact_name_site_agreement
7285,fta_partner,safe_active,US,United States,https://ror.org/02a1et264,Blackburn College,active,4235211,Carlinville,Illinois,39.27977,-89.88177,safe_active_exact_name_site_agreement
7286,fta_partner,safe_active,US,United States,https://ror.org/02zvm4r30,Black Hawk College,active,4902476,Moline,Illinois,41.5067,-90.51513,safe_active_exact_name_site_agreement
7287,fta_partner,safe_active,US,United States,https://ror.org/03fng6237,Black Hills State University,active,5769288,Spearfish,South Dakota,44.49082,-103.85937,safe_active_exact_name_site_agreement
7288,fta_partner,safe_active,US,United States,https://ror.org/02vt55417,Blessing-Rieman College of Nursing,active,4247703,Quincy,Illinois,39.9356,-91.40987,safe_active_exact_name_site_agreement
7289,fta_partner,safe_active,US,United States,https://ror.org/04gdk0x87,Bloomfield College,active,5095779,Bloomfield,New Jersey,40.80677,-74.18542,safe_active_exact_name_site_agreement
7290,fta_partner,review,US,United States,,,,,,,,,held_review_site_only
7291,fta_partner,safe_active,US,United States,https://ror.org/01zf2fw60,Bluefield College,active,4748125,Bluefield,Virginia,37.25262,-81.27121,safe_active_exact_name_site_agreement
7292,fta_partner,safe_active,US,United States,https://ror.org/03f1xkz75,Bluefield State College,active,4799622,Bluefield,West Virginia,37.26984,-81.22232,safe_active_exact_name_only
7293,fta_partner,safe_active,US,United States,https://ror.org/02zwjvm55,Blue Mountain College,active,4448903,Tupelo,Mississippi,34.25807,-88.70464,safe_active_exact_name_site_agreement
7294,fta_partner,review,US,United States,,,,,,,,,held_review_site_only
7295,fta_partner,safe_active,US,United States,https://ror.org/03rj1yh85,Bob Jones University,active,4580543,Greenville,South Carolina,34.85262,-82.39401,safe_active_exact_name_site_agreement
7296,fta_partner,safe_active,US,United States,https://ror.org/05e1bqk54,Boise Bible College,active,5586437,Boise,Idaho,43.6135,-116.20345,safe_active_exact_name_site_agreement
7297,fta_partner,safe_active,US,United States,https://ror.org/02e3zdp86,Boise State University,active,5586437,Boise,Idaho,43.6135,-116.20345,safe_active_exact_name_site_agreement
7298,fta_partner,safe_active,US,United States,https://ror.org/02xfdng11,Boricua College,active,5128581,New York,New York,40.71427,-74.00597,safe_active_exact_name_site_agreement
7299,fta_partner,review,US,United States,,,,,,,,,held_review_site_only
7300,fta_partner,safe_active,US,United States,https://ror.org/02n2fzt79,Boston College,active,4930956,Boston,Massachusetts,42.35843,-71.05977,safe_active_exact_name_site_agreement
7301,fta_partner,safe_active,US,United States,https://ror.org/05qwgg493,Boston University,active,4930956,Boston,Massachusetts,42.35843,-71.05977,safe_active_exact_name_site_agreement
7302,fta_partner,safe_active,US,United States,https://ror.org/03gh96r95,Bowdoin College,active,4959473,Brunswick,Maine,43.91452,-69.96533,safe_active_exact_name_site_agreement
7303,fta_partner,safe_active,US,United States,https://ror.org/0567w8j84,Bowie State University,active,4349159,Bowie,Maryland,38.94278,-76.73028,safe_active_exact_name_site_agreement
7304,fta_partner,safe_active,US,United States,https://ror.org/00ay7va13,Bowling Green State University,active,5147968,Bowling Green,Ohio,41.37477,-83.65132,safe_active_exact_name_site_agreement
7305,fta_partner,unmatched,US,United States,,,,,,,,,unmatched
7306,fta_partner,safe_active,US,United States,https://ror.org/04kmeaw70,Bradley University,active,4905687,Peoria,Illinois,40.69365,-89.58899,safe_active_exact_name_site_agreement
7307,fta_partner,safe_active,US,United States,https://ror.org/05abbep66,Brandeis University,active,4954380,Waltham,Massachusetts,42.37649,-71.23561,safe_active_exact_name_site_agreement
7308,fta_partner,safe_active,US,United States,https://ror.org/013922990,Brandman University,active,5359777,Irvine,California,33.66946,-117.82311,safe_active_exact_name_site_agreement
7309,fta_partner,safe_active,US,United States,https://ror.org/022qy2d08,Brenau University,active,4196586,Gainesville,Georgia,34.29788,-83.82407,safe_active_exact_name_site_agreement
7310,fta_partner,safe_active,US,United States,https://ror.org/015ahgd08,Brescia University,active,4303436,Owensboro,Kentucky,37.77422,-87.11333,safe_active_exact_name_site_agreement
7311,fta_partner,safe_active,US,United States,https://ror.org/04p457x22,Brevard College,active,4457040,Brevard,North Carolina,35.23345,-82.73429,safe_active_exact_name_site_agreement
7312,fta_partner,safe_active,US,United States,https://ror.org/01qqfah13,Brewton-Parker College,active,4211083,Mount Vernon,Georgia,32.17851,-82.59458,safe_active_exact_name_site_agreement
7313,fta_partner,unmatched,US,United States,,,,,,,,,unmatched
7314,fta_partner,unmatched,US,United States,,,,,,,,,unmatched
7315,fta_partner,safe_active,US,United States,https://ror.org/016119s16,Bridgewater College,active,4748925,Bridgewater,Virginia,38.38207,-78.9767,safe_active_exact_name_site_agreement
7316,fta_partner,review,US,United States,,,,,,,,,held_review_site_only
7317,fta_partner,review,US,United States,,,,,,,,,held_site_name_conflict
7318,fta_partner,safe_active,US,United States,https://ror.org/047rhhm47,Brigham Young University,active,5780026,Provo,Utah,40.23384,-111.65853,safe_active_exact_name_site_agreement
7319,fta_partner,safe_active,US,United States,https://ror.org/0259gsa43,Brigham Young University–Hawaii,active,5850027,Lā‘ie,Hawaii,21.64547,-157.9225,safe_active_exact_name_site_agreement
7320,fta_partner,safe_active,US,United States,https://ror.org/002w9k038,Brooklyn Law School,active,5110302,Brooklyn,New York,40.6501,-73.94958,safe_active_exact_name_site_agreement
7321,fta_partner,safe_active,US,United States,https://ror.org/01t04bt85,Brooks Institute,active,5405878,Ventura,California,34.27834,-119.29317,safe_active_exact_name_site_agreement
7322,fta_partner,safe_active,US,United States,https://ror.org/05gq02987,Brown University,active,5224151,Providence,Rhode Island,41.82399,-71.41283,safe_active_exact_name_site_agreement
7323,fta_partner,safe_active,US,United States,https://ror.org/02em8e723,Brunswick Community College,active,4456615,Bolivia,North Carolina,34.06767,-78.14833,safe_active_exact_name_site_agreement
7324,fta_partner,safe_active,US,United States,https://ror.org/01bgnmj50,Bryan College,active,4617536,Dayton,Tennessee,35.49396,-85.01245,safe_active_exact_name_site_agreement
7325,fta_partner,safe_active,US,United States,https://ror.org/051c2tp06,Bryant & Stratton College,active,5110629,Buffalo,New York,42.88645,-78.87837,safe_active_exact_name_site_agreement
7326,fta_partner,safe_active,US,United States,https://ror.org/01gk44f56,Bryant University,active,5224949,Smithfield,Rhode Island,41.92204,-71.54951,safe_active_exact_name_site_agreement
7327,fta_partner,unmatched,US,United States,,,,,,,,,unmatched
7328,fta_partner,safe_active,US,United States,https://ror.org/05sjwtp51,Bryn Mawr College,active,5182064,Bryn Mawr,Pennsylvania,40.01983,-75.30463,safe_active_exact_name_site_agreement
7329,fta_partner,safe_active,US,United States,https://ror.org/00fc1qt65,Bucknell University,active,5197842,Lewisburg,Pennsylvania,40.96453,-76.88441,safe_active_exact_name_site_agreement
7330,fta_partner,safe_active,US,United States,https://ror.org/018224j82,Buena Vista University,active,4877655,Storm Lake,Iowa,42.64109,-95.20972,safe_active_exact_name_site_agreement
7331,fta_partner,safe_active,US,United States,https://ror.org/016j6dw22,Burlington College,active,5234372,Burlington,Vermont,44.47588,-73.21207,safe_active_exact_name_only
7332,fta_partner,safe_active,US,United States,https://ror.org/05gq3a412,Butler University,active,4259418,Indianapolis,Indiana,39.76838,-86.15804,safe_active_exact_name_site_agreement
7333,fta_partner,safe_active,US,United States,https://ror.org/057a9pj22,Cabrini University,active,5207490,Radnor,Pennsylvania,40.04622,-75.35991,safe_active_exact_name_site_agreement
7334,fta_partner,safe_active,US,United States,https://ror.org/01xqkk481,Caldwell University,active,5096133,Caldwell,New Jersey,40.83982,-74.27654,safe_active_exact_name_site_agreement
7335,fta_partner,safe_active,US,United States,https://ror.org/04yj19304,California Baptist University,active,5387877,Riverside,California,33.95335,-117.39616,safe_active_exact_name_site_agreement
7336,fta_partner,safe_active,US,United States,https://ror.org/05t99sp05,California Coast University,active,5392900,Santa Ana,California,33.74557,-117.86783,safe_active_exact_name_site_agreement
7337,fta_partner,review,US,United States,,,,,,,,,held-alias-without-clean-domain-agreement
7338,fta_partner,unmatched,US,United States,,,,,,,,,unmatched
7339,fta_partner,unmatched,US,United States,,,,,,,,,unmatched
7340,fta_partner,safe_active,US,United States,https://ror.org/00vvhe852,California College San Diego,active,5391811,San Diego,California,32.71571,-117.16472,safe_active_exact_name_site_agreement
7341,fta_partner,safe_active,US,United States,https://ror.org/01qcqyr62,California Institute of Integral Studies,active,5391959,San Francisco,California,37.77493,-122.41942,safe_active_exact_name_site_agreement
7342,fta_partner,safe_active,US,United States,https://ror.org/05dxps055,California Institute of Technology,active,5381396,Pasadena,California,34.14778,-118.14452,safe_active_exact_name_site_agreement
7343,fta_partner,safe_active,US,United States,https://ror.org/024e4df17,California Institute of the Arts,active,5405288,Valencia,California,34.44361,-118.60953,safe_active_exact_name_site_agreement
7344,fta_partner,safe_active,US,United States,https://ror.org/05qpen692,California Lutheran University,active,5402405,Thousand Oaks,California,34.17056,-118.83759,safe_active_exact_name_site_agreement
7345,fta_partner,safe_active,US,United States,https://ror.org/051rrf637,California Maritime Academy,active,5405380,Vallejo,California,38.10409,-122.25664,safe_active_exact_name_site_agreement
7346,fta_partner,safe_active,US,United States,https://ror.org/001gpfp45,California Polytechnic State University,active,5392323,San Luis Obispo,California,35.28275,-120.65962,safe_active_exact_name_site_agreement
7347,fta_partner,unmatched,US,United States,,,,,,,,,unmatched
7348,fta_partner,unmatched,US,United States,,,,,,,,,unmatched
7349,fta_partner,unmatched,US,United States,,,,,,,,,unmatched
7350,fta_partner,unmatched,US,United States,,,,,,,,,unmatched
7351,fta_partner,unmatched,US,United States,,,,,,,,,unmatched
7352,fta_partner,safe_active,US,United States,https://ror.org/019ts0j55,"California State University, Bakersfield",active,5325738,Bakersfield,California,35.37329,-119.01871,safe_active_exact_name_only
7353,fta_partner,safe_active,US,United States,https://ror.org/04v097707,"California State University, Channel Islands",active,5333180,Camarillo,California,34.21639,-119.0376,safe_active_exact_name_site_agreement
7354,fta_partner,safe_active,US,United States,https://ror.org/027bzz146,"California State University, Chico",active,5336269,Chico,California,39.72849,-121.83748,safe_active_exact_name_site_agreement
7355,fta_partner,safe_active,US,United States,https://ror.org/04pyvbw03,"California State University, Dominguez Hills",active,5334519,Carson,California,33.83141,-118.28202,safe_active_exact_name_site_agreement
7356,fta_partner,safe_active,US,United States,https://ror.org/03enmdz06,"California State University, Fresno",active,5350937,Fresno,California,36.74773,-119.77237,safe_active_exact_name_only
7357,fta_partner,safe_active,US,United States,https://ror.org/02avqqw26,"California State University, Fullerton",active,5351247,Fullerton,California,33.87029,-117.92534,safe_active_exact_name_site_agreement
7358,fta_partner,unmatched,US,United States,,,,,,,,,unmatched
7359,fta_partner,safe_active,US,United States,https://ror.org/0080fxk18,"California State University, Long Beach",active,5367929,Long Beach,California,33.76696,-118.18923,safe_active_exact_name_site_agreement
7360,fta_partner,safe_active,US,United States,https://ror.org/0294hxs80,California State University Los Angeles,active,5368361,Los Angeles,California,34.05223,-118.24368,safe_active_exact_name_site_agreement
7361,fta_partner,safe_active,US,United States,https://ror.org/00mjdtw98,"California State University, Monterey Bay",active,5394136,Seaside,California,36.61107,-121.85162,safe_active_exact_name_only
7362,fta_partner,safe_active,US,United States,https://ror.org/005f5hv41,"California State University, Northridge",active,5377985,Northridge,California,34.22834,-118.53675,safe_active_exact_name_site_agreement
7363,fta_partner,safe_active,US,United States,https://ror.org/03e26wv14,"California State University, Sacramento",active,5389489,Sacramento,California,38.58157,-121.4944,safe_active_exact_name_site_agreement
7364,fta_partner,review,US,United States,,,,,,,,,held_review_site_only
7365,fta_partner,safe_active,US,United States,https://ror.org/01j8e0j24,"California State University, San Marcos",active,5392368,San Marcos,California,33.14337,-117.16614,safe_active_exact_name_site_agreement
7366,fta_partner,safe_active,US,United States,https://ror.org/00ejm2g54,"California State University, Stanislaus",active,5404024,Turlock,California,37.49466,-120.84659,safe_active_exact_name_site_agreement
7367,fta_partner,unmatched,US,United States,,,,,,,,,unmatched
7368,fta_partner,review,US,United States,,,,,,,,,held-alias-without-clean-domain-agreement
7369,fta_partner,safe_active,US,United States,https://ror.org/00vj57q03,California Western School of Law,active,5391811,San Diego,California,32.71571,-117.16472,safe_active_exact_name_site_agreement
7370,fta_partner,safe_active,US,United States,https://ror.org/054zgtc98,Calumet College of Saint Joseph,active,4928208,Whiting,Indiana,41.67976,-87.49449,safe_active_exact_name_site_agreement
7371,fta_partner,safe_active,US,United States,https://ror.org/04xqb6e91,Calvary Bible College,active,4393217,Kansas City,Missouri,39.09973,-94.57857,safe_active_exact_name_site_agreement
7372,fta_partner,safe_active,US,United States,https://ror.org/05r0q9p84,Calvin University,active,4994358,Grand Rapids,Michigan,42.96336,-85.66809,safe_active_exact_name_site_agreement
7373,fta_partner,safe_active,US,United States,https://ror.org/036qj5r13,Cambridge College,active,4931972,Cambridge,Massachusetts,42.3751,-71.10561,safe_active_exact_name_only
7374,fta_partner,safe_active,US,United States,https://ror.org/00rgv0036,Cameron University,active,4540737,Lawton,Oklahoma,34.60869,-98.39033,safe_active_exact_name_site_agreement
7375,fta_partner,unmatched,US,United States,,,,,,,,,unmatched
7376,fta_partner,safe_active,US,United States,https://ror.org/00dv9q566,Campbell University,active,4458033,Buies Creek,North Carolina,35.41322,-78.73557,safe_active_exact_name_site_agreement
7377,fta_partner,safe_active,US,United States,https://ror.org/01056ge55,Canisius College,active,5110629,Buffalo,New York,42.88645,-78.87837,safe_active_exact_name_site_agreement
7378,fta_partner,safe_active,US,United States,https://ror.org/0470b8t84,Capella University,active,5037649,Minneapolis,Minnesota,44.97997,-93.26384,safe_active_exact_name_site_agreement
7379,fta_partner,safe_active,US,United States,https://ror.org/00jy9e726,Capital University,active,4506487,Bexley,Ohio,39.96895,-82.93768,safe_active_exact_name_site_agreement
7380,fta_partner,unmatched,US,United States,,,,,,,,,unmatched
7381,fta_partner,review,US,United States,,,,,,,,,held-alias-without-clean-domain-agreement
7382,fta_partner,safe_active,US,United States,https://ror.org/05nz57427,Cardinal Stritch University,active,5263045,Milwaukee,Wisconsin,43.0389,-87.90647,safe_active_exact_name_site_agreement
7383,fta_partner,safe_active,US,United States,https://ror.org/03jep7677,Carleton College,active,5039675,Northfield,Minnesota,44.4583,-93.1616,safe_active_exact_name_site_agreement
7384,fta_partner,inactive_history,US,United States,,,,,,,,,held_inactive_exact_name
7385,fta_partner,review,US,United States,,,,,,,,,held_review_site_only
7386,fta_partner,safe_active,US,United States,https://ror.org/05x2bcf33,Carnegie Mellon University,active,5206379,Pittsburgh,Pennsylvania,40.44062,-79.99589,safe_active_exact_name_site_agreement
7387,fta_partner,review,US,United States,,,,,,,,,held_review_site_only
7388,fta_partner,unmatched,US,United States,,,,,,,,,unmatched
7389,fta_partner,inactive_history,US,United States,,,,,,,,,held_inactive_exact_name
7390,fta_partner,safe_active,US,United States,https://ror.org/00wkay776,Carthage College,active,5258393,Kenosha,Wisconsin,42.58474,-87.82119,safe_active_exact_name_site_agreement
7391,fta_partner,safe_active,US,United States,https://ror.org/051fd9666,Case Western Reserve University,active,5150529,Cleveland,Ohio,41.4995,-81.69541,safe_active_exact_name_only
7392,fta_partner,inactive_history,US,United States,,,,,,,,,held_inactive_exact_name
7393,fta_partner,safe_active,US,United States,https://ror.org/01hrt5088,Catawba College,active,4489985,Salisbury,North Carolina,35.67097,-80.47423,safe_active_exact_name_site_agreement
7394,fta_partner,safe_active,US,United States,https://ror.org/01s6z0f52,Catholic Theological Union,active,4887398,Chicago,Illinois,41.85003,-87.65005,safe_active_exact_name_site_agreement
7395,fta_partner,safe_active,US,United States,https://ror.org/03vxay285,Cedar Crest College,active,5178127,Allentown,Pennsylvania,40.60843,-75.49018,safe_active_exact_name_site_agreement
7396,fta_partner,review,US,United States,,,,,,,,,held_review_site_only
7397,fta_partner,review,US,United States,,,,,,,,,held_review_site_only
7398,fta_partner,safe_active,US,United States,https://ror.org/02m2as397,Centenary College of Louisiana,active,4341513,Shreveport,Louisiana,32.52515,-93.75018,safe_active_exact_name_site_agreement
7399,fta_partner,unmatched,US,United States,,,,,,,,,unmatched
7400,fta_partner,safe_active,US,United States,https://ror.org/02dyzf078,Central Baptist College,active,4106458,Conway,Arkansas,35.0887,-92.4421,safe_active_exact_name_site_agreement
7401,fta_partner,inactive_history,US,United States,,,,,,,,,held_inactive_exact_name
7402,fta_partner,safe_active,US,United States,https://ror.org/01gsckf69,Central Christian College of the Bible,active,4398730,Moberly,Missouri,39.41837,-92.43824,safe_active_exact_name_site_agreement
7403,fta_partner,review,US,United States,,,,,,,,,held_ambiguous_active_exact_name
7404,fta_partner,safe_active,US,United States,https://ror.org/054gzqw08,Central Connecticut State University,active,4839292,New Britain,Connecticut,41.66121,-72.77954,safe_active_exact_name_site_agreement
7405,fta_partner,review,US,United States,,,,,,,,,held_site_name_conflict
7406,fta_partner,safe_active,US,United States,https://ror.org/02xawj266,Central Michigan University,active,5002714,Mount Pleasant,Michigan,43.59781,-84.76751,safe_active_exact_name_site_agreement
7407,fta_partner,safe_active,US,United States,https://ror.org/03xhrps63,Central State University,active,4528348,Wilberforce,Ohio,39.71617,-83.87771,safe_active_exact_name_site_agreement
7408,fta_partner,safe_active,US,United States,https://ror.org/049c8eh51,Central Washington University,active,5793639,Ellensburg,Washington,46.99651,-120.54785,safe_active_exact_name_site_agreement
7409,fta_partner,safe_active,US,United States,https://ror.org/00yvyvt82,Centre College,active,4289445,Danville,Kentucky,37.64563,-84.77217,safe_active_exact_name_site_agreement
7410,fta_partner,safe_active,US,United States,https://ror.org/04mmv7r89,Chadron State College,active,5694163,Chadron,Nebraska,42.82942,-102.99991,safe_active_exact_name_site_agreement
7411,fta_partner,safe_active,US,United States,https://ror.org/02xsgn598,Chaminade University of Honolulu,active,5856195,Honolulu,Hawaii,21.30694,-157.85833,safe_active_exact_name_site_agreement
7412,fta_partner,safe_active,US,United States,https://ror.org/01hx6v225,Champlain College,active,5234372,Burlington,Vermont,44.47588,-73.21207,safe_active_exact_name_site_agreement
7413,fta_partner,safe_active,US,United States,https://ror.org/0452jzg20,Chapman University,active,5379513,Orange,California,33.78779,-117.85311,safe_active_exact_name_site_agreement
7414,fta_partner,safe_active,US,United States,https://ror.org/038x2fh14,Charles R. Drew University of Medicine and Science,active,5368361,Los Angeles,California,34.05223,-118.24368,safe_active_exact_name_site_agreement
7415,fta_partner,safe_active,US,United States,https://ror.org/03mwnnn55,Charleston Southern University,active,4589387,North Charleston,South Carolina,32.85462,-79.97481,safe_active_exact_name_site_agreement
7416,fta_partner,safe_active,US,United States,https://ror.org/0226byw17,Charter Oak State College,active,4839292,New Britain,Connecticut,41.66121,-72.77954,safe_active_exact_name_only
7417,fta_partner,review,US,United States,,,,,,,,,held_review_site_only
7418,fta_partner,safe_active,US,United States,https://ror.org/05bjd0w70,Chestnut Hill College,active,4560349,Philadelphia,Pennsylvania,39.95238,-75.16362,safe_active_exact_name_site_agreement
7419,fta_partner,safe_active,US,United States,https://ror.org/02nckwn80,Cheyney University of Pennsylvania,active,4562144,West Chester,Pennsylvania,39.96097,-75.60804,safe_active_exact_name_site_agreement
7420,fta_partner,safe_active,US,United States,https://ror.org/05ekwbr88,Chicago State University,active,4887398,Chicago,Illinois,41.85003,-87.65005,safe_active_exact_name_site_agreement
7421,fta_partner,review,US,United States,,,,,,,,,held_review_site_only
7422,fta_partner,safe_active,US,United States,https://ror.org/03d3pnq21,Christendom College,active,4760232,Front Royal,Virginia,38.91817,-78.19444,safe_active_exact_name_site_agreement
7423,fta_partner,safe_active,US,United States,https://ror.org/03andr831,Christian Brothers University,active,4641239,Memphis,Tennessee,35.14953,-90.04898,safe_active_exact_name_site_agreement
7424,fta_partner,review,US,United States,,,,,,,,,held-alias-without-clean-domain-agreement
7425,fta_partner,safe_active,US,United States,https://ror.org/00m4rwq02,Christopher Newport University,active,4776024,Newport News,Virginia,36.98038,-76.42975,safe_active_exact_name_site_agreement
7426,fta_partner,review,US,United States,,,,,,,,,held-alias-without-clean-domain-agreement
7427,fta_partner,review,US,United States,,,,,,,,,held_review_site_only
7428,fta_partner,review,US,United States,,,,,,,,,held_review_site_only
7429,fta_partner,review,US,United States,,,,,,,,,held_review_site_only
7430,fta_partner,review,US,United States,,,,,,,,,held_review_site_only
7431,fta_partner,review,US,United States,,,,,,,,,held_review_site_only
7432,fta_partner,review,US,United States,,,,,,,,,held_review_site_only
7433,fta_partner,review,US,United States,,,,,,,,,held_review_site_only
7434,fta_partner,review,US,United States,,,,,,,,,held_review_site_only
7435,fta_partner,review,US,United States,,,,,,,,,held_review_site_only
7436,fta_partner,unmatched,US,United States,,,,,,,,,unmatched
7437,fta_partner,review,US,United States,,,,,,,,,held_review_site_only
7438,fta_partner,unmatched,US,United States,,,,,,,,,unmatched
7439,fta_partner,unmatched,US,United States,,,,,,,,,unmatched
7440,fta_partner,unmatched,US,United States,,,,,,,,,unmatched
7441,fta_partner,review,US,United States,,,,,,,,,held_review_site_only
7442,fta_partner,review,US,United States,,,,,,,,,held_review_site_only
7443,fta_partner,unmatched,US,United States,,,,,,,,,unmatched
7444,fta_partner,safe_active,US,United States,https://ror.org/0157pnt69,Claremont Graduate University,active,5337696,Claremont,California,34.09668,-117.71978,safe_active_exact_name_site_agreement
7445,fta_partner,safe_active,US,United States,https://ror.org/03se13x79,Claremont Lincoln University,active,5337696,Claremont,California,34.09668,-117.71978,safe_active_exact_name_only
7446,fta_partner,safe_active,US,United States,https://ror.org/04n1me355,Claremont McKenna College,active,5337696,Claremont,California,34.09668,-117.71978,safe_active_exact_name_only
7447,fta_partner,inactive_history,US,United States,,,,,,,,,held_inactive_exact_name
7448,fta_partner,safe_active,US,United States,https://ror.org/0397tsa92,Clark Atlanta University,active,4180439,Atlanta,Georgia,33.749,-84.38798,safe_active_exact_name_site_agreement
7449,fta_partner,review,US,United States,,,,,,,,,held_review_site_only
7450,fta_partner,safe_active,US,United States,https://ror.org/03vkpnc84,Clarkson College,active,5074472,Omaha,Nebraska,41.25626,-95.94043,safe_active_exact_name_site_agreement
7451,fta_partner,safe_active,US,United States,https://ror.org/03rwgpn18,Clarkson University,active,5132103,Potsdam,New York,44.66978,-74.98131,safe_active_exact_name_site_agreement
7452,fta_partner,safe_active,US,United States,https://ror.org/04123ky43,Clark University,active,4956184,Worcester,Massachusetts,42.26259,-71.80229,safe_active_exact_name_site_agreement
7453,fta_partner,review,US,United States,,,,,,,,,held_review_site_only
7454,fta_partner,safe_active,US,United States,https://ror.org/00cmjga69,Clearwater Christian College,active,4151316,Clearwater,Florida,27.96585,-82.8001,safe_active_exact_name_site_agreement
7455,fta_partner,safe_active,US,United States,https://ror.org/03fhhje23,Cleary University,active,4996655,Howell,Michigan,42.60726,-83.9294,safe_active_exact_name_site_agreement
7456,fta_partner,safe_active,US,United States,https://ror.org/037s24f05,Clemson University,active,4574989,Clemson,South Carolina,34.68344,-82.83737,safe_active_exact_name_site_agreement
7457,fta_partner,unmatched,US,United States,,,,,,,,,unmatched
7458,fta_partner,unmatched,US,United States,,,,,,,,,unmatched
7459,fta_partner,safe_active,US,United States,https://ror.org/05grkcd68,Cleveland Institute of Art,active,5150529,Cleveland,Ohio,41.4995,-81.69541,safe_active_exact_name_site_agreement
7460,fta_partner,safe_active,US,United States,https://ror.org/053cbsa02,Cleveland Institute of Music,active,5150529,Cleveland,Ohio,41.4995,-81.69541,safe_active_exact_name_site_agreement
7461,fta_partner,safe_active,US,United States,https://ror.org/002tx1f22,Cleveland State University,active,5150529,Cleveland,Ohio,41.4995,-81.69541,safe_active_exact_name_site_agreement
7462,fta_partner,safe_active,US,United States,https://ror.org/01621q256,Coastal Carolina University,active,4575461,Conway,South Carolina,33.836,-79.04781,safe_active_exact_name_site_agreement
7463,fta_partner,safe_active,US,United States,https://ror.org/03chkg278,Coe College,active,4850751,Cedar Rapids,Iowa,42.00833,-91.64407,safe_active_exact_name_site_agreement
7464,fta_partner,safe_active,US,United States,https://ror.org/036yv4y78,Cogswell Polytechnical College,active,5400075,Sunnyvale,California,37.36883,-122.03635,safe_active_exact_name_site_agreement
7465,fta_partner,safe_active,US,United States,https://ror.org/03ahd9g67,Coker College,active,4581261,Hartsville,South Carolina,34.37404,-80.0734,safe_active_exact_name_site_agreement
7466,fta_partner,safe_active,US,United States,https://ror.org/00fvyjk73,Colby College,active,4982236,Waterville,Maine,44.55201,-69.63171,safe_active_exact_name_site_agreement
7467,fta_partner,safe_active,US,United States,https://ror.org/01dmz5y14,Colby–Sawyer College,active,5090189,New London,New Hampshire,43.41396,-71.98508,safe_active_exact_name_site_agreement
7468,fta_partner,review,US,United States,,,,,,,,,held_review_site_only
7469,fta_partner,safe_active,US,United States,https://ror.org/05d23ve83,Colgate University,active,5119842,Hamilton,New York,42.82701,-75.54462,safe_active_exact_name_site_agreement
7470,fta_partner,review,US,United States,,,,,,,,,held_review_site_only
7471,fta_partner,review,US,United States,,,,,,,,,held_review_site_only
7472,fta_partner,safe_active,US,United States,https://ror.org/04n4x0209,College for Creative Studies,active,4990729,Detroit,Michigan,42.33143,-83.04575,safe_active_exact_name_only
7473,fta_partner,unmatched,US,United States,,,,,,,,,unmatched
7474,fta_partner,unmatched,US,United States,,,,,,,,,unmatched
7475,fta_partner,review,US,United States,,,,,,,,,held-alias-without-clean-domain-agreement
7476,fta_partner,review,US,United States,,,,,,,,,held-alias-without-clean-domain-agreement
7477,fta_partner,safe_active,US,United States,https://ror.org/00390t168,College of Charleston,active,4574324,Charleston,South Carolina,32.77657,-79.93092,safe_active_exact_name_only
7478,fta_partner,safe_active,US,United States,https://ror.org/0102yp030,College of DuPage,active,4893811,Glen Ellyn,Illinois,41.87753,-88.06701,safe_active_exact_name_site_agreement
7479,fta_partner,safe_active,US,United States,https://ror.org/02z5bnb65,College of Idaho,active,5587698,Caldwell,Idaho,43.66294,-116.68736,safe_active_exact_name_site_agreement
7480,fta_partner,safe_active,US,United States,https://ror.org/00e8nsh51,Mount St. Joseph University,active,4508722,Cincinnati,Ohio,39.12711,-84.51439,safe_active_exact_name_site_agreement
7481,fta_partner,unmatched,US,United States,,,,,,,,,unmatched
7482,fta_partner,inactive_history,US,United States,,,,,,,,,held_inactive_exact_name
7483,fta_partner,review,US,United States,,,,,,,,,held-alias-without-clean-domain-agreement
7484,fta_partner,safe_active,US,United States,https://ror.org/00dncgb07,Notre Dame of Maryland University,active,4347778,Baltimore,Maryland,39.29038,-76.61219,safe_active_exact_name_site_agreement
7485,fta_partner,review,US,United States,,,,,,,,,held_review_site_only
7486,fta_partner,review,US,United States,,,,,,,,,held_review_site_only
7487,fta_partner,safe_active,US,United States,https://ror.org/03x1f1d90,St. Catherine University,active,5045360,Saint Paul,Minnesota,44.94441,-93.09327,safe_active_exact_name_site_agreement
7488,fta_partner,unmatched,US,United States,,,,,,,,,unmatched
7489,fta_partner,safe_active,US,United States,https://ror.org/03jcx4790,College of St. Joseph,active,5240509,Rutland,Vermont,43.61062,-72.97261,safe_active_exact_name_site_agreement
7490,fta_partner,review,US,United States,,,,,,,,,held_review_site_only
7491,fta_partner,inactive_history,US,United States,,,,,,,,,held_inactive_exact_name
7492,fta_partner,safe_active,US,United States,https://ror.org/00yy85n18,College of St. Scholastica,active,5024719,Duluth,Minnesota,46.78327,-92.10658,safe_active_exact_name_site_agreement
7493,fta_partner,safe_active,US,United States,https://ror.org/00n5re093,College of the Atlantic,active,4957320,Bar Harbor,Maine,44.38758,-68.2039,safe_active_exact_name_site_agreement
7494,fta_partner,safe_active,US,United States,https://ror.org/05dwp6855,College of the Holy Cross,active,4956184,Worcester,Massachusetts,42.26259,-71.80229,safe_active_exact_name_site_agreement
7495,fta_partner,review,US,United States,,,,,,,,,held_ambiguous_active_exact_name
7496,fta_partner,unmatched,US,United States,,,,,,,,,unmatched
7497,fta_partner,safe_active,US,United States,https://ror.org/03hsf0573,William & Mary,active,4793846,Williamsburg,Virginia,37.2707,-76.70746,safe_active_exact_name_site_agreement
7498,fta_partner,safe_active,US,United States,https://ror.org/05mcesg65,Colorado Christian University,active,5427946,Lakewood,Colorado,39.70471,-105.08137,safe_active_exact_name_site_agreement
7499,fta_partner,safe_active,US,United States,https://ror.org/03tg3h819,Colorado College,active,5417598,Colorado Springs,Colorado,38.83388,-104.82136,safe_active_exact_name_only
7500,fta_partner,safe_active,US,United States,https://ror.org/04raf6v53,Colorado School of Mines,active,5423294,Golden,Colorado,39.75554,-105.2211,safe_active_exact_name_site_agreement
7501,fta_partner,safe_active,US,United States,https://ror.org/03k1gpj17,Colorado State University,active,5577147,Fort Collins,Colorado,40.58526,-105.08442,safe_active_exact_name_site_agreement
7502,fta_partner,safe_active,US,United States,https://ror.org/02gn3zg65,Colorado State University Pueblo,active,5435464,Pueblo,Colorado,38.25445,-104.60914,safe_active_exact_name_only
7503,fta_partner,safe_active,US,United States,https://ror.org/01s3kre18,Colorado Technical University,active,5417618,Colorado,Colorado,39.00027,-105.50083,safe_active_exact_name_only
7504,fta_partner,safe_active,US,United States,https://ror.org/03a3kvy61,Columbia College Chicago,active,4887398,Chicago,Illinois,41.85003,-87.65005,safe_active_exact_name_site_agreement
7505,fta_partner,safe_active,US,United States,https://ror.org/01spfrk28,Columbia College Hollywood,active,5368361,Los Angeles,California,34.05223,-118.24368,safe_active_exact_name_site_agreement
7506,fta_partner,safe_active,US,United States,https://ror.org/012yg2g20,Columbia College - Missouri,active,4381982,Columbia,Missouri,38.95171,-92.33407,safe_active_exact_name_site_agreement
7507,fta_partner,safe_active,US,United States,https://ror.org/00es7k954,Columbia College - South Carolina,active,4575352,Columbia,South Carolina,34.00071,-81.03481,safe_active_exact_name_only
7508,fta_partner,unmatched,US,United States,,,,,,,,,unmatched
7509,fta_partner,safe_active,US,United States,https://ror.org/01p2bvc62,Columbia International University,active,4575352,Columbia,South Carolina,34.00071,-81.03481,safe_active_exact_name_site_agreement
7510,fta_partner,safe_active,US,United States,https://ror.org/02r3wcw82,Columbia Southern University,active,4081696,Orange Beach,Alabama,30.29437,-87.57359,safe_active_exact_name_site_agreement
7511,fta_partner,unmatched,US,United States,,,,,,,,,unmatched
7512,fta_partner,safe_active,US,United States,https://ror.org/00hj8s172,Columbia University,active,5128581,New York,New York,40.71427,-74.00597,safe_active_exact_name_site_agreement
7513,fta_partner,safe_active,US,United States,https://ror.org/03n6gc586,Columbus College of Art and Design,active,4509177,Columbus,Ohio,39.96118,-82.99879,safe_active_exact_name_site_agreement
7514,fta_partner,safe_active,US,United States,https://ror.org/002nf6z37,Columbus State University,active,4188985,Columbus,Georgia,32.46098,-84.98771,safe_active_exact_name_only
7515,fta_partner,unmatched,US,United States,,,,,,,,,unmatched
7516,fta_partner,safe_active,US,United States,https://ror.org/05n9fqb27,Community College of Denver,active,5419384,Denver,Colorado,39.73915,-104.9847,safe_active_exact_name_only
7517,fta_partner,review,US,United States,,,,,,,,,held_review_site_only
7518,fta_partner,unmatched,US,United States,,,,,,,,,unmatched
7519,fta_partner,inactive_history,US,United States,,,,,,,,,held_inactive_site_only
7520,fta_partner,unmatched,US,United States,,,,,,,,,unmatched
7521,fta_partner,unmatched,US,United States,,,,,,,,,unmatched
7522,fta_partner,review,US,United States,,,,,,,,,held_review_site_only
7523,fta_partner,review,US,United States,,,,,,,,,held_review_site_only
7524,fta_partner,review,US,United States,,,,,,,,,held_review_site_only
7525,fta_partner,safe_active,US,United States,https://ror.org/0028kf729,Concordia University Irvine,active,5359777,Irvine,California,33.66946,-117.82311,safe_active_exact_name_site_agreement
7526,fta_partner,review,US,United States,,,,,,,,,held_review_site_only
7527,fta_partner,inactive_history,US,United States,,,,,,,,,held_inactive_site_only
7528,fta_partner,unmatched,US,United States,,,,,,,,,unmatched
7529,fta_partner,safe_active,US,United States,https://ror.org/01hpqfm28,Connecticut College,active,4839416,New London,Connecticut,41.35565,-72.09952,safe_active_exact_name_site_agreement
7530,fta_partner,safe_active,US,United States,https://ror.org/01g0q1j14,Converse College,active,4597200,Spartanburg,South Carolina,34.94957,-81.93205,safe_active_exact_name_site_agreement
7531,fta_partner,safe_active,US,United States,https://ror.org/04q7y8a54,Conway School of Landscape Design,active,4933841,Conway,Massachusetts,42.50981,-72.69953,safe_active_exact_name_site_agreement
7532,fta_partner,review,US,United States,,,,,,,,,held_review_site_only
7533,fta_partner,safe_active,US,United States,https://ror.org/01wvxpc32,Cornell College,active,4868251,Mount Vernon,Iowa,41.92195,-91.41684,safe_active_exact_name_only
7534,fta_partner,safe_active,US,United States,https://ror.org/05bnh6r87,Cornell University,active,5122432,Ithaca,New York,42.44063,-76.49661,safe_active_exact_name_site_agreement
7535,fta_partner,safe_active,US,United States,https://ror.org/020t0kf33,Cornish College of the Arts,active,5809844,Seattle,Washington,47.60621,-122.33207,safe_active_exact_name_site_agreement
7536,fta_partner,unmatched,US,United States,,,,,,,,,unmatched
7537,fta_partner,safe_active,US,United States,https://ror.org/03xg8pv73,Covenant College,active,4206783,Lookout Mountain,Georgia,34.97758,-85.35774,safe_active_exact_name_site_agreement
7538,fta_partner,unmatched,US,United States,,,,,,,,,unmatched
7539,fta_partner,safe_active,US,United States,https://ror.org/05wf30g94,Creighton University,active,5074472,Omaha,Nebraska,41.25626,-95.94043,safe_active_exact_name_site_agreement
7540,fta_partner,unmatched,US,United States,,,,,,,,,unmatched
7541,fta_partner,safe_active,US,United States,https://ror.org/059617j81,Crown College,active,5044347,Saint Bonifacius,Minnesota,44.90552,-93.74746,safe_active_exact_name_site_agreement
7542,fta_partner,safe_active,US,United States,https://ror.org/00n855a93,Culver Stockton College,active,5054390,Canton,Missouri,40.1295,-91.51852,safe_active_exact_name_site_agreement
7543,fta_partner,review,US,United States,,,,,,,,,held-alias-without-clean-domain-agreement
7544,fta_partner,safe_active,US,United States,https://ror.org/02wtemq51,Cumberland University,active,4636045,Lebanon,Tennessee,36.20811,-86.2911,safe_active_exact_name_site_agreement
7545,fta_partner,safe_active,US,United States,https://ror.org/03cyjvc50,Curry College,active,4944193,Milton,Massachusetts,42.24954,-71.06616,safe_active_exact_name_site_agreement
7546,fta_partner,safe_active,US,United States,https://ror.org/00haq1z06,Daemen College,active,5107129,Amherst,New York,42.97839,-78.79976,safe_active_exact_name_site_agreement
7547,fta_partner,safe_active,US,United States,https://ror.org/016yv6y68,Dakota State University,active,5229526,Madison,South Dakota,44.00608,-97.11395,safe_active_exact_name_site_agreement
7548,fta_partner,safe_active,US,United States,https://ror.org/031pw0y55,Dakota Wesleyan University,active,5229794,Mitchell,South Dakota,43.70943,-98.0298,safe_active_exact_name_site_agreement
7549,fta_partner,safe_active,US,United States,https://ror.org/04e118j07,Dallas Baptist University,active,4684888,Dallas,Texas,32.78306,-96.80667,safe_active_exact_name_site_agreement
7550,fta_partner,safe_active,US,United States,https://ror.org/043jtq828,Dallas Christian College,active,4684888,Dallas,Texas,32.78306,-96.80667,safe_active_exact_name_site_agreement
7551,fta_partner,unmatched,US,United States,,,,,,,,,unmatched
7552,fta_partner,inactive_history,US,United States,,,,,,,,,held_inactive_exact_name
7553,fta_partner,safe_active,US,United States,https://ror.org/01y823z67,Danville Area Community College,active,4889426,Danville,Illinois,40.12448,-87.63002,safe_active_exact_name_only
7554,fta_partner,safe_active,US,United States,https://ror.org/049s0rh22,Dartmouth College,active,5087168,Hanover,New Hampshire,43.70229,-72.28954,safe_active_exact_name_site_agreement
7555,fta_partner,review,US,United States,,,,,,,,,held_review_site_only
7556,fta_partner,unmatched,US,United States,,,,,,,,,unmatched
7557,fta_partner,unmatched,US,United States,,,,,,,,,unmatched
7558,fta_partner,unmatched,US,United States,,,,,,,,,unmatched
7559,fta_partner,safe_active,US,United States,https://ror.org/02f7k4z58,Davidson College,active,4463053,Davidson,North Carolina,35.50233,-80.83912,safe_active_exact_name_site_agreement
7560,fta_partner,safe_active,US,United States,https://ror.org/01yscvc28,Davis & Elkins College,active,4805033,Elkins,West Virginia,38.92594,-79.84673,safe_active_exact_name_only
7561,fta_partner,unmatched,US,United States,,,,,,,,,unmatched
7562,fta_partner,safe_active,US,United States,https://ror.org/03g35dg18,Delaware State University,active,4142290,Dover,Delaware,39.15817,-75.52437,safe_active_exact_name_only
7563,fta_partner,safe_active,US,United States,https://ror.org/00tyja381,Delaware Valley College,active,5187247,Doylestown,Pennsylvania,40.31011,-75.12989,safe_active_exact_name_only
7564,fta_partner,safe_active,US,United States,https://ror.org/02x3m5z11,Delta International University,active,4315588,Baton Rouge,Louisiana,30.44332,-91.18747,safe_active_exact_name_site_agreement
7565,fta_partner,safe_active,US,United States,https://ror.org/0326egx05,Delta State University,active,4422106,Cleveland,Mississippi,33.744,-90.72482,safe_active_exact_name_only
7566,fta_partner,safe_active,US,United States,https://ror.org/05pqx1c24,Denison University,active,5156270,Granville,Ohio,40.06812,-82.5196,safe_active_exact_name_site_agreement
7567,fta_partner,unmatched,US,United States,,,,,,,,,unmatched
7568,fta_partner,unmatched,US,United States,,,,,,,,,unmatched
7569,fta_partner,safe_active,US,United States,https://ror.org/04xtx5t16,DePaul University,active,4887398,Chicago,Illinois,41.85003,-87.65005,safe_active_exact_name_site_agreement
7570,fta_partner,safe_active,US,United States,https://ror.org/02mks6v46,DePauw University,active,4258273,Greencastle,Indiana,39.64449,-86.86473,safe_active_exact_name_site_agreement
7571,fta_partner,safe_active,US,United States,https://ror.org/02gag4781,DeSales University,active,5185380,Coopersburg,Pennsylvania,40.51149,-75.39046,safe_active_exact_name_site_agreement
7572,fta_partner,safe_active,US,United States,https://ror.org/00pnyyg32,Design Institute of San Diego,active,5391811,San Diego,California,32.71571,-117.16472,safe_active_exact_name_site_agreement
7573,fta_partner,unmatched,US,United States,,,,,,,,,unmatched
7574,fta_partner,unmatched,US,United States,,,,,,,,,unmatched
7575,fta_partner,unmatched,US,United States,,,,,,,,,unmatched
7576,fta_partner,unmatched,US,United States,,,,,,,,,unmatched
7577,fta_partner,unmatched,US,United States,,,,,,,,,unmatched
7578,fta_partner,unmatched,US,United States,,,,,,,,,unmatched
7579,fta_partner,unmatched,US,United States,,,,,,,,,unmatched
7580,fta_partner,unmatched,US,United States,,,,,,,,,unmatched
7581,fta_partner,unmatched,US,United States,,,,,,,,,unmatched
7582,fta_partner,unmatched,US,United States,,,,,,,,,unmatched
7583,fta_partner,unmatched,US,United States,,,,,,,,,unmatched
7584,fta_partner,unmatched,US,United States,,,,,,,,,unmatched
7585,fta_partner,safe_active,US,United States,https://ror.org/02ydh7m84,Dickinson College,active,5183234,Carlisle,Pennsylvania,40.20148,-77.18887,safe_active_exact_name_site_agreement
7586,fta_partner,safe_active,US,United States,https://ror.org/01p0ttv97,Dickinson State University,active,5688789,Dick,North Dakota,46.87918,-102.78962,safe_active_exact_name_only
7587,fta_partner,safe_active,US,United States,https://ror.org/00bz6qm80,Dillard University,active,4335045,New Orleans,Louisiana,29.95465,-90.07507,safe_active_exact_name_site_agreement
7588,fta_partner,safe_active,US,United States,https://ror.org/0448r9386,Divine Word College,active,4855679,Epworth,Iowa,42.445,-90.93208,safe_active_exact_name_only
7589,fta_partner,unmatched,US,United States,,,,,,,,,unmatched
7590,fta_partner,safe_active,US,United States,https://ror.org/025ngyw60,Doane University,active,5066435,Crete,Nebraska,40.62778,-96.96142,safe_active_exact_name_site_agreement
7591,fta_partner,review,US,United States,,,,,,,,,held_site_name_conflict
7592,fta_partner,review,US,United States,,,,,,,,,held_review_site_only
7593,fta_partner,safe_active,US,United States,https://ror.org/015yfqq31,Dominican School of Philosophy and Theology,active,5327684,Berkeley,California,37.87159,-122.27275,safe_active_exact_name_site_agreement
7594,fta_partner,safe_active,US,United States,https://ror.org/01qww1p93,Dominican University,active,4907637,River Forest,Illinois,41.89781,-87.81395,safe_active_exact_name_site_agreement
7595,fta_partner,unmatched,US,United States,,,,,,,,,unmatched
7596,fta_partner,safe_active,US,United States,https://ror.org/02tdf3n85,Dordt University,active,4876510,Sioux Center,Iowa,43.07971,-96.17558,safe_active_exact_name_site_agreement
7597,fta_partner,safe_active,US,United States,https://ror.org/011ezgm44,Dowling College,active,5129541,Oakdale,New York,40.74399,-73.13872,safe_active_exact_name_site_agreement
7598,fta_partner,safe_active,US,United States,https://ror.org/001skmk61,Drake University,active,4853828,Des Moines,Iowa,41.60054,-93.60911,safe_active_exact_name_site_agreement
7599,fta_partner,safe_active,US,United States,https://ror.org/04gds4h28,Drew University,active,5100748,Madison,New Jersey,40.75982,-74.4171,safe_active_exact_name_site_agreement
7600,fta_partner,safe_active,US,United States,https://ror.org/04bdffz58,Drexel University,active,4560349,Philadelphia,Pennsylvania,39.95238,-75.16362,safe_active_exact_name_site_agreement
7601,fta_partner,safe_active,US,United States,https://ror.org/03ntw4c66,Drury University,active,4409896,Springfield,Missouri,37.21533,-93.29824,safe_active_exact_name_site_agreement
7602,fta_partner,safe_active,US,United States,https://ror.org/00py81415,Duke University,active,4464368,Durham,North Carolina,35.99403,-78.89862,safe_active_exact_name_site_agreement
7603,fta_partner,safe_active,US,United States,https://ror.org/03k3yk915,Duluth Business University,active,5024719,Duluth,Minnesota,46.78327,-92.10658,safe_active_exact_name_site_agreement
7604,fta_partner,safe_active,US,United States,https://ror.org/02336z538,Duquesne University,active,5206379,Pittsburgh,Pennsylvania,40.44062,-79.99589,safe_active_exact_name_site_agreement
7605,fta_partner,safe_active,US,United States,https://ror.org/05adsq794,D'Youville College,active,5110629,Buffalo,New York,42.88645,-78.87837,safe_active_exact_name_site_agreement
7606,fta_partner,safe_active,US,United States,https://ror.org/0566sj483,Earlham College,active,4263681,Richmond,Indiana,39.82894,-84.89024,safe_active_exact_name_site_agreement
7607,fta_partner,unmatched,US,United States,,,,,,,,,unmatched
7608,fta_partner,safe_active,US,United States,https://ror.org/01vx35703,East Carolina University,active,4469160,Greenville,North Carolina,35.61266,-77.36635,safe_active_exact_name_site_agreement
7609,fta_partner,safe_active,US,United States,https://ror.org/0367njg58,East Central University,active,4529096,Ada,Oklahoma,34.77453,-96.67834,safe_active_exact_name_site_agreement
7610,fta_partner,review,US,United States,,,,,,,,,held_review_site_only
7611,fta_partner,safe_active,US,United States,https://ror.org/01mhgwt57,Eastern Connecticut State University,active,4845823,Willimantic,Connecticut,41.71065,-72.20813,safe_active_exact_name_only
7612,fta_partner,unmatched,US,United States,,,,,,,,,unmatched
7613,fta_partner,safe_active,US,United States,https://ror.org/035z2ew45,Eastern Illinois University,active,4235668,Charleston,Illinois,39.49615,-88.17615,safe_active_exact_name_site_agreement
7614,fta_partner,safe_active,US,United States,https://ror.org/012xks909,Eastern Kentucky University,active,4305974,Richmond,Kentucky,37.74786,-84.29465,safe_active_exact_name_site_agreement
7615,fta_partner,safe_active,US,United States,https://ror.org/059xmmg10,Eastern Mennonite University,active,4763231,Harrisonburg,Virginia,38.44957,-78.86892,safe_active_exact_name_site_agreement
7616,fta_partner,safe_active,US,United States,https://ror.org/02ehshm78,Eastern Michigan University,active,5015688,Ypsilanti,Michigan,42.24115,-83.61299,safe_active_exact_name_site_agreement
7617,fta_partner,safe_active,US,United States,https://ror.org/047g72407,Eastern Nazarene College,active,4948247,Quincy,Massachusetts,42.25288,-71.00227,safe_active_exact_name_site_agreement
7618,fta_partner,safe_active,US,United States,https://ror.org/02xag2b27,Eastern New Mexico University,active,5484874,Portales,New Mexico,34.18619,-103.3344,safe_active_exact_name_site_agreement
7619,fta_partner,safe_active,US,United States,https://ror.org/01s8xxq04,Eastern Oregon University,active,5735537,La Grande,Oregon,45.32458,-118.08772,safe_active_exact_name_site_agreement
7620,fta_partner,safe_active,US,United States,https://ror.org/056hr4255,Eastern Virginia Medical School,active,4776222,Norfolk,Virginia,36.84681,-76.28522,safe_active_exact_name_site_agreement
7621,fta_partner,safe_active,US,United States,https://ror.org/002g57a93,Eastern Washington University,active,5789856,Cheney,Washington,47.48739,-117.57576,safe_active_exact_name_site_agreement
7622,fta_partner,review,US,United States,,,,,,,,,held_review_site_only
7623,fta_partner,safe_active,US,United States,https://ror.org/05rfqv493,East Tennessee State University,active,4633419,Johnson City,Tennessee,36.31344,-82.35347,safe_active_exact_name_site_agreement
7624,fta_partner,safe_active,US,United States,https://ror.org/02cwbgy35,East Texas Baptist University,active,4709272,Marshall,Texas,32.54487,-94.36742,safe_active_exact_name_site_agreement
7625,fta_partner,safe_active,US,United States,https://ror.org/03xe7w214,East–West University,active,4887398,Chicago,Illinois,41.85003,-87.65005,safe_active_exact_name_site_agreement
7626,fta_partner,safe_active,US,United States,https://ror.org/04d4qrf43,Eckerd College,active,4171563,St. Petersburg,Florida,27.77086,-82.67927,safe_active_exact_name_site_agreement
7627,fta_partner,safe_active,US,United States,https://ror.org/043c4kc51,Edgewood University,active,5261457,Madison,Wisconsin,43.07305,-89.40123,safe_active_exact_name_site_agreement
7628,fta_partner,review,US,United States,,,,,,,,,held-alias-without-clean-domain-agreement
7629,fta_partner,safe_active,US,United States,https://ror.org/0182rkr07,Edison Community College,active,5166819,Piqua,Ohio,40.14477,-84.24244,safe_active_exact_name_only
7630,fta_partner,review,US,United States,,,,,,,,,held-alias-without-clean-domain-agreement
7631,fta_partner,safe_active,US,United States,https://ror.org/02n5cs023,Elizabeth City State University,active,4465088,Elizabeth City,North Carolina,36.2946,-76.25105,safe_active_exact_name_site_agreement
7632,fta_partner,safe_active,US,United States,https://ror.org/01y0mgq54,Elizabethtown College,active,5188474,Elizabethtown,Pennsylvania,40.15287,-76.60275,safe_active_exact_name_site_agreement
7633,fta_partner,safe_active,US,United States,https://ror.org/05e5waw95,Elmhurst College,active,4891010,Elmhurst,Illinois,41.89947,-87.94034,safe_active_exact_name_site_agreement
7634,fta_partner,safe_active,US,United States,https://ror.org/02fj83z08,Elmira College,active,5116497,Elmira,New York,42.0898,-76.80773,safe_active_exact_name_site_agreement
7635,fta_partner,safe_active,US,United States,https://ror.org/04xgb0s62,Elms College,active,4933002,Chicopee,Massachusetts,42.1487,-72.60787,safe_active_exact_name_site_agreement
7636,fta_partner,safe_active,US,United States,https://ror.org/01szgyb91,Elon University,active,4465285,Elon,North Carolina,36.10291,-79.50669,safe_active_exact_name_site_agreement
7637,fta_partner,safe_active,US,United States,https://ror.org/010jskt71,Embry–Riddle Aeronautical University,active,4152872,Daytona,Florida,29.21081,-81.02283,safe_active_exact_name_only
7638,fta_partner,review,US,United States,,,,,,,,,held_review_site_only
7639,fta_partner,safe_active,US,United States,https://ror.org/011xz5b94,Emerson College,active,4930956,Boston,Massachusetts,42.35843,-71.05977,safe_active_exact_name_site_agreement
7640,fta_partner,review,US,United States,,,,,,,,,held_review_site_only
7641,fta_partner,safe_active,US,United States,https://ror.org/02qqa1p29,Emmanuel College - Georgia,active,4196122,Franklin Springs,Georgia,34.28483,-83.14432,safe_active_exact_name_only
7642,fta_partner,safe_active,US,United States,https://ror.org/04fexsb73,Emmaus Bible College,active,4854529,Dubuque,Iowa,42.50056,-90.66457,safe_active_exact_name_site_agreement
7643,fta_partner,safe_active,US,United States,https://ror.org/018rbev86,Emory and Henry College,active,4757667,Emory,Virginia,36.77289,-81.83623,safe_active_exact_name_site_agreement
7644,fta_partner,safe_active,US,United States,https://ror.org/03czfpz43,Emory University,active,4180439,Atlanta,Georgia,33.749,-84.38798,safe_active_exact_name_site_agreement
7645,fta_partner,safe_active,US,United States,https://ror.org/04e6r1478,Emporia State University,active,4271086,Emporia,Kansas,38.4039,-96.18166,safe_active_exact_name_site_agreement
7646,fta_partner,safe_active,US,United States,https://ror.org/01bh4p295,Erskine College,active,4577039,Due West,South Carolina,34.33345,-82.3879,safe_active_exact_name_site_agreement
7647,fta_partner,review,US,United States,,,,,,,,,held-alias-without-clean-domain-agreement
7648,fta_partner,safe_active,US,United States,https://ror.org/04ybtcs72,Eureka College,active,4891310,Eureka,Illinois,40.72143,-89.27286,safe_active_exact_name_site_agreement
7649,fta_partner,safe_active,US,United States,https://ror.org/05shfp710,Evangel University,active,4409896,Springfield,Missouri,37.21533,-93.29824,safe_active_exact_name_site_agreement
7650,fta_partner,review,US,United States,,,,,,,,,held_review_site_only
7651,fta_partner,unmatched,US,United States,,,,,,,,,unmatched
7652,fta_partner,safe_active,US,United States,https://ror.org/05mw8jn36,Excelsior College,active,5106834,Albany,New York,42.65258,-73.75623,safe_active_exact_name_only
7653,fta_partner,safe_active,US,United States,https://ror.org/04z49n283,Fairfield University,active,4834157,Fairfield,Connecticut,41.14121,-73.26373,safe_active_exact_name_site_agreement
7654,fta_partner,review,US,United States,,,,,,,,,held_review_site_only
7655,fta_partner,review,US,United States,,,,,,,,,held_review_site_only
7656,fta_partner,unmatched,US,United States,,,,,,,,,unmatched
7657,fta_partner,unmatched,US,United States,,,,,,,,,unmatched
7658,fta_partner,safe_active,US,United States,https://ror.org/048kc5t54,Faulkner University,active,4076784,Montgomery,Alabama,32.36681,-86.29997,safe_active_exact_name_site_agreement
7659,fta_partner,safe_active,US,United States,https://ror.org/03rj92e31,Fayetteville State University,active,4466033,Fayetteville,North Carolina,35.05266,-78.87836,safe_active_exact_name_site_agreement
7660,fta_partner,safe_active,US,United States,https://ror.org/030101v90,Felician University,active,5100604,Lodi,New Jersey,40.88232,-74.0832,safe_active_exact_name_site_agreement
7661,fta_partner,safe_active,US,United States,https://ror.org/00cg1ev32,Ferris State University,active,4986020,Big Rapids,Michigan,43.69808,-85.48366,safe_active_exact_name_site_agreement
7662,fta_partner,safe_active,US,United States,https://ror.org/0128ckf82,Ferrum College,active,4758671,Ferrum,Virginia,36.92292,-80.01337,safe_active_exact_name_site_agreement
7663,fta_partner,review,US,United States,,,,,,,,,held_review_site_only
7664,fta_partner,unmatched,US,United States,,,,,,,,,unmatched
7665,fta_partner,safe_active,US,United States,https://ror.org/05htw0667,Finlandia University,active,4995201,Hancock,Michigan,47.12687,-88.58096,safe_active_exact_name_site_agreement
7666,fta_partner,safe_active,US,United States,https://ror.org/02a3j1p21,Fisher College,active,4930956,Boston,Massachusetts,42.35843,-71.05977,safe_active_exact_name_site_agreement
7667,fta_partner,safe_active,US,United States,https://ror.org/01bbs6821,Fisk University,active,4644585,Nashville,Tennessee,36.16589,-86.78444,safe_active_exact_name_site_agreement
7668,fta_partner,unmatched,US,United States,,,,,,,,,unmatched
7669,fta_partner,safe_active,US,United States,https://ror.org/00cvkwk76,Flagler College,active,4170894,St. Augustine,Florida,29.89469,-81.31452,safe_active_exact_name_site_agreement
7670,fta_partner,safe_active,US,United States,https://ror.org/00c4wc133,Florida Agricultural and Mechanical University,active,4174715,Tallahassee,Florida,30.43826,-84.28073,safe_active_exact_name_site_agreement
7671,fta_partner,safe_active,US,United States,https://ror.org/05p8w6387,Florida Atlantic University,active,4148411,Boca Raton,Florida,26.35869,-80.0831,safe_active_exact_name_site_agreement
7672,fta_partner,review,US,United States,,,,,,,,,held-alias-without-clean-domain-agreement
7673,fta_partner,review,US,United States,,,,,,,,,held-alias-without-clean-domain-agreement
7674,fta_partner,safe_active,US,United States,https://ror.org/05tc5bm31,Florida Gulf Coast University,active,4155995,Fort Myers,Florida,26.62168,-81.84059,safe_active_exact_name_site_agreement
7675,fta_partner,safe_active,US,United States,https://ror.org/04atsbb87,Florida Institute of Technology,active,4163971,Melbourne,Florida,28.08363,-80.60811,safe_active_exact_name_site_agreement
7676,fta_partner,safe_active,US,United States,https://ror.org/02gz6gg07,Florida International University,active,4164138,Miami,Florida,25.77427,-80.19366,safe_active_exact_name_site_agreement
7677,fta_partner,unmatched,US,United States,,,,,,,,,unmatched
7678,fta_partner,unmatched,US,United States,,,,,,,,,unmatched
7679,fta_partner,unmatched,US,United States,,,,,,,,,unmatched
7680,fta_partner,unmatched,US,United States,,,,,,,,,unmatched
7681,fta_partner,unmatched,US,United States,,,,,,,,,unmatched
7682,fta_partner,safe_active,US,United States,https://ror.org/026hjc247,Florida Southern College,active,4161438,Lakeland,Florida,28.03947,-81.9498,safe_active_exact_name_site_agreement
7683,fta_partner,safe_active,US,United States,https://ror.org/05g3dte14,Florida State University,active,4174715,Tallahassee,Florida,30.43826,-84.28073,safe_active_exact_name_site_agreement
7684,fta_partner,unmatched,US,United States,,,,,,,,,unmatched
7685,fta_partner,review,US,United States,,,,,,,,,held_review_site_only
7686,fta_partner,safe_active,US,United States,https://ror.org/02dde7839,Foothill-De Anza Community College District,active,5368346,Los Altos Hills,California,37.37966,-122.13746,safe_active_exact_name_site_agreement
7687,fta_partner,safe_active,US,United States,https://ror.org/03qnxaf80,Fordham University,active,5128581,New York,New York,40.71427,-74.00597,safe_active_exact_name_site_agreement
7688,fta_partner,unmatched,US,United States,,,,,,,,,unmatched
7689,fta_partner,safe_active,US,United States,https://ror.org/00rwzgx62,Fort Hays State University,active,4272782,Hays,Kansas,38.87918,-99.32677,safe_active_exact_name_site_agreement
7690,fta_partner,safe_active,US,United States,https://ror.org/00aad7q36,Fort Lewis College,active,5420241,Durango,Colorado,37.27528,-107.88007,safe_active_exact_name_site_agreement
7691,fta_partner,review,US,United States,,,,,,,,,held-alias-without-clean-domain-agreement
7692,fta_partner,review,US,United States,,,,,,,,,held_review_site_only
7693,fta_partner,safe_active,US,United States,https://ror.org/01rt7wc31,Franciscan School of Theology,active,5391811,San Diego,California,32.71571,-117.16472,safe_active_exact_name_site_agreement
7694,fta_partner,safe_active,US,United States,https://ror.org/00sfnf466,Franciscan University of Steubenville,active,5173048,Steubenville,Ohio,40.36979,-80.63396,safe_active_exact_name_only
7695,fta_partner,safe_active,US,United States,https://ror.org/00pg98t08,Francis Marion University,active,4578737,Florence,South Carolina,34.19543,-79.76256,safe_active_exact_name_site_agreement
7696,fta_partner,safe_active,US,United States,https://ror.org/04fp4ps48,Franklin & Marshall College,active,5197079,Lancaster,Pennsylvania,40.03788,-76.30551,safe_active_exact_name_site_agreement
7697,fta_partner,review,US,United States,,,,,,,,,held_ambiguous_active_exact_name
7698,fta_partner,unmatched,US,United States,,,,,,,,,unmatched
7699,fta_partner,unmatched,US,United States,,,,,,,,,unmatched
7700,fta_partner,safe_active,US,United States,https://ror.org/00a3sq030,Franklin University,active,4509177,Columbus,Ohio,39.96118,-82.99879,safe_active_exact_name_site_agreement
7701,fta_partner,safe_active,US,United States,https://ror.org/000zamq06,Franklin W. Olin College of Engineering,active,4945055,Needham,Massachusetts,42.28343,-71.23283,safe_active_exact_name_site_agreement
7702,fta_partner,safe_active,US,United States,https://ror.org/03ja16q10,Frank Lloyd Wright School of Architecture,active,5313457,Scottsdale,Arizona,33.50921,-111.89903,safe_active_exact_name_only
7703,fta_partner,unmatched,US,United States,,,,,,,,,unmatched
7704,fta_partner,safe_active,US,United States,https://ror.org/01w9xxr98,Freed–Hardeman University,active,4628735,Hendersonville,Tennessee,36.30477,-86.62,safe_active_exact_name_site_agreement
7705,fta_partner,unmatched,US,United States,,,,,,,,,unmatched
7706,fta_partner,review,US,United States,,,,,,,,,held-alias-without-clean-domain-agreement
7707,fta_partner,safe_active,US,United States,https://ror.org/036ay9k05,Fresno City College,active,5350937,Fresno,California,36.74773,-119.77237,safe_active_exact_name_site_agreement
7708,fta_partner,safe_active,US,United States,https://ror.org/01f00fn77,Fresno Pacific University,active,5350937,Fresno,California,36.74773,-119.77237,safe_active_exact_name_site_agreement
7709,fta_partner,safe_active,US,United States,https://ror.org/005ywsr52,Friends University,active,4281730,Wichita,Kansas,37.69224,-97.33754,safe_active_exact_name_site_agreement
7710,fta_partner,safe_active,US,United States,https://ror.org/048drzm61,Frostburg State University,active,4355756,Frostburg,Maryland,39.65814,-78.92836,safe_active_exact_name_only
7711,fta_partner,safe_active,US,United States,https://ror.org/0430b4z40,Full Sail University,active,4178560,Winter Park,Florida,28.6,-81.33924,safe_active_exact_name_only
7712,fta_partner,safe_active,US,United States,https://ror.org/04ytb9n23,Furman University,active,4580543,Greenville,South Carolina,34.85262,-82.39401,safe_active_exact_name_site_agreement
7713,fta_partner,safe_active,US,United States,https://ror.org/02b9aym09,Gallaudet University,active,4140963,Washington,District of Columbia,38.89511,-77.03637,safe_active_exact_name_site_agreement
7714,fta_partner,safe_active,US,United States,https://ror.org/02y041669,Gannon University,active,5188843,Erie,Pennsylvania,42.12922,-80.08506,safe_active_exact_name_site_agreement
7715,fta_partner,safe_active,US,United States,https://ror.org/02gj0v433,Gardner–Webb University,active,4456595,Boiling Springs,North Carolina,35.25429,-81.66704,safe_active_exact_name_site_agreement
7716,fta_partner,unmatched,US,United States,,,,,,,,,unmatched
7717,fta_partner,safe_active,US,United States,https://ror.org/02vb7sj25,Geneva College,active,5179478,Beaver Falls,Pennsylvania,40.75201,-80.31923,safe_active_exact_name_site_agreement
7718,fta_partner,safe_active,US,United States,https://ror.org/00w641b14,George Fox University,active,5742726,Newberg,Oregon,45.30012,-122.97316,safe_active_exact_name_site_agreement
7719,fta_partner,safe_active,US,United States,https://ror.org/02jqj7156,George Mason University,active,4758023,Fairfax,Virginia,38.84622,-77.30637,safe_active_exact_name_site_agreement
7720,fta_partner,safe_active,US,United States,https://ror.org/059yd5j13,Georgetown College,active,4292686,Georgetown,Kentucky,38.2098,-84.55883,safe_active_exact_name_site_agreement
7721,fta_partner,safe_active,US,United States,https://ror.org/05vzafd60,Georgetown University,active,4140963,Washington,District of Columbia,38.89511,-77.03637,safe_active_exact_name_site_agreement
7722,fta_partner,safe_active,US,United States,https://ror.org/00y4zzh67,George Washington University,active,4140963,Washington,District of Columbia,38.89511,-77.03637,safe_active_exact_name_site_agreement
7723,fta_partner,review,US,United States,,,,,,,,,held-alias-without-clean-domain-agreement
7724,fta_partner,unmatched,US,United States,,,,,,,,,unmatched
7725,fta_partner,safe_active,US,United States,https://ror.org/05kr7zx86,Georgia College & State University,active,4209448,Milledgeville,Georgia,33.08014,-83.2321,safe_active_exact_name_site_agreement
7726,fta_partner,unmatched,US,United States,,,,,,,,,unmatched
7727,fta_partner,safe_active,US,United States,https://ror.org/01zkghx44,Georgia Institute of Technology,active,4180439,Atlanta,Georgia,33.749,-84.38798,safe_active_exact_name_site_agreement
7728,fta_partner,review,US,United States,,,,,,,,,held_review_site_only
7729,fta_partner,unmatched,US,United States,,,,,,,,,unmatched
7730,fta_partner,safe_active,US,United States,https://ror.org/04agmb972,Georgia Southern University,active,4224413,Statesboro,Georgia,32.44879,-81.78317,safe_active_exact_name_site_agreement
7731,fta_partner,review,US,United States,,,,,,,,,held_review_site_only
7732,fta_partner,safe_active,US,United States,https://ror.org/03qt6ba18,Georgia State University,active,4180439,Atlanta,Georgia,33.749,-84.38798,safe_active_exact_name_site_agreement
7733,fta_partner,safe_active,US,United States,https://ror.org/045e26x92,Gettysburg College,active,4558183,Gettysburg,Pennsylvania,39.83093,-77.2311,safe_active_exact_name_site_agreement
7734,fta_partner,unmatched,US,United States,,,,,,,,,unmatched
7735,fta_partner,safe_active,US,United States,https://ror.org/04q2w0g82,Glenville State College,active,4807116,Glenville,West Virginia,38.93426,-80.8376,safe_active_exact_name_only
7736,fta_partner,safe_active,US,United States,https://ror.org/05p0z2z51,Goddard College,active,5238685,Montpelier,Vermont,44.26006,-72.57539,safe_active_exact_name_site_agreement
7737,fta_partner,safe_active,US,United States,https://ror.org/04t25zj93,God's Bible School and College,active,4508722,Cincinnati,Ohio,39.12711,-84.51439,safe_active_exact_name_site_agreement
7738,fta_partner,safe_active,US,United States,https://ror.org/01wj7vt66,Golden Gate University,active,5391959,San Francisco,California,37.77493,-122.41942,safe_active_exact_name_site_agreement
7739,fta_partner,safe_active,US,United States,https://ror.org/04hhyx074,Goldey–Beacom College,active,4145381,Wilmington,Delaware,39.74595,-75.54659,safe_active_exact_name_only
7740,fta_partner,safe_active,US,United States,https://ror.org/03ze70h02,Gonzaga University,active,5811696,Spokane,Washington,47.65966,-117.42908,safe_active_exact_name_site_agreement
7741,fta_partner,review,US,United States,,,,,,,,,held_ambiguous_active_exact_name
7742,fta_partner,safe_active,US,United States,https://ror.org/032hvdr57,Gordon-Conwell Theological Seminary,active,4938697,Hamilton,Massachusetts,42.2562,-71.76757,safe_active_exact_name_only
7743,fta_partner,safe_active,US,United States,https://ror.org/03tj80n37,Goshen College,active,4920808,Goshen,Indiana,41.58227,-85.83444,safe_active_exact_name_site_agreement
7744,fta_partner,safe_active,US,United States,https://ror.org/055ag3e81,Goucher College,active,4371582,Towson,Maryland,39.4015,-76.60191,safe_active_exact_name_site_agreement
7745,fta_partner,safe_active,US,United States,https://ror.org/00wtq7t14,Governors State University,active,7535510,University Park,Illinois,41.44298,-87.6836,safe_active_exact_name_site_agreement
7746,fta_partner,safe_active,US,United States,https://ror.org/04cas5j33,Grace Bible College,active,4994358,Grand Rapids,Michigan,42.96336,-85.66809,safe_active_exact_name_site_agreement
7747,fta_partner,review,US,United States,,,,,,,,,held_review_site_only
7748,fta_partner,review,US,United States,,,,,,,,,held_review_site_only
7749,fta_partner,safe_active,US,United States,https://ror.org/05xpg8a23,Grace University,active,5074472,Omaha,Nebraska,41.25626,-95.94043,safe_active_exact_name_only
7750,fta_partner,unmatched,US,United States,,,,,,,,,unmatched
7751,fta_partner,safe_active,US,United States,https://ror.org/05mnb6484,Grambling State University,active,4326074,Grambling,Louisiana,32.52765,-92.71404,safe_active_exact_name_site_agreement
7752,fta_partner,safe_active,US,United States,https://ror.org/014kv8184,Grand Canyon University,active,5308655,Phoenix,Arizona,33.44838,-112.07404,safe_active_exact_name_site_agreement
7753,fta_partner,safe_active,US,United States,https://ror.org/001m1hv61,Grand Valley State University,active,4984029,Allendale,Michigan,42.97225,-85.95365,safe_active_exact_name_site_agreement
7754,fta_partner,unmatched,US,United States,,,,,,,,,unmatched
7755,fta_partner,safe_active,US,United States,https://ror.org/03yy7hq10,Grantham University,active,4274356,Lenexa,Kansas,38.95362,-94.73357,safe_active_exact_name_site_agreement
7756,fta_partner,safe_active,US,United States,https://ror.org/037wp0751,Gratz College,active,4560349,Philadelphia,Pennsylvania,39.95238,-75.16362,safe_active_exact_name_only
7757,fta_partner,safe_active,US,United States,https://ror.org/02ntagd75,Great Lakes Christian College,active,4998830,Lansing,Michigan,42.73253,-84.55553,safe_active_exact_name_site_agreement
7758,fta_partner,safe_active,US,United States,https://ror.org/04gfner94,Green Mountain College,active,5239982,Poultney,Vermont,43.51701,-73.23622,safe_active_exact_name_site_agreement
7759,fta_partner,safe_active,US,United States,https://ror.org/02eb31840,Greensboro College,active,4469146,Greensboro,North Carolina,36.07264,-79.79198,safe_active_exact_name_only
7760,fta_partner,safe_active,US,United States,https://ror.org/04nv6z940,Greenville College,active,4239867,Greenville,Illinois,38.89227,-89.41314,safe_active_exact_name_site_agreement
7761,fta_partner,safe_active,US,United States,https://ror.org/04tmmky42,Grinnell College,active,4859343,Grinnell,Iowa,41.74305,-92.72241,safe_active_exact_name_site_agreement
7762,fta_partner,safe_active,US,United States,https://ror.org/01755xe07,Grove City College,active,5192184,Grove City,Pennsylvania,41.15784,-80.08867,safe_active_exact_name_site_agreement
7763,fta_partner,safe_active,US,United States,https://ror.org/04fq7xz90,Guilford College,active,4469146,Greensboro,North Carolina,36.07264,-79.79198,safe_active_exact_name_site_agreement
7764,fta_partner,safe_active,US,United States,https://ror.org/007q4yk54,Gustavus Adolphus College,active,5045517,Saint Peter,Minnesota,44.32358,-93.95801,safe_active_exact_name_only
7765,fta_partner,review,US,United States,,,,,,,,,held_review_site_only
7766,fta_partner,safe_active,US,United States,https://ror.org/0584why53,Hagerstown Community College,active,4357141,Hagerstown,Maryland,39.64176,-77.71999,safe_active_exact_name_only
7767,fta_partner,safe_active,US,United States,https://ror.org/05709zb94,Hamilton College,active,5112972,Clinton,New York,43.0484,-75.3785,safe_active_exact_name_site_agreement
7768,fta_partner,safe_active,US,United States,https://ror.org/05jysw312,Hamilton Technical College,active,4853423,Davenport,Iowa,41.52364,-90.57764,safe_active_exact_name_only
7769,fta_partner,safe_active,US,United States,https://ror.org/01bcdmq48,Hamline University,active,5045360,Saint Paul,Minnesota,44.94441,-93.09327,safe_active_exact_name_site_agreement
7770,fta_partner,safe_active,US,United States,https://ror.org/02mb9s657,Hampden–Sydney College,active,4762888,Hampden Sydney,Virginia,37.24237,-78.45972,safe_active_exact_name_site_agreement
7771,fta_partner,safe_active,US,United States,https://ror.org/03pe1mm80,Hampshire College,active,4929023,Amherst Center,Massachusetts,42.37537,-72.51925,safe_active_exact_name_site_agreement
7772,fta_partner,unmatched,US,United States,,,,,,,,,unmatched
7773,fta_partner,safe_active,US,United States,https://ror.org/05fde5z47,Hampton University,active,4762894,Hampton,Virginia,37.02987,-76.34522,safe_active_exact_name_site_agreement
7774,fta_partner,safe_active,US,United States,https://ror.org/03rxv1p12,Hannibal–LaGrange University,active,4389418,Hannibal,Missouri,39.70838,-91.35848,safe_active_exact_name_site_agreement
7775,fta_partner,safe_active,US,United States,https://ror.org/00vc14296,Hanover College,active,4258510,Hanover,Indiana,38.71423,-85.47357,safe_active_exact_name_site_agreement
7776,fta_partner,review,US,United States,,,,,,,,,held_review_site_only
7777,fta_partner,unmatched,US,United States,,,,,,,,,unmatched
7778,fta_partner,safe_active,US,United States,https://ror.org/03ff06b47,Hardin–Simmons University,active,4669635,Abilene,Texas,32.44874,-99.73314,safe_active_exact_name_site_agreement
7779,fta_partner,unmatched,US,United States,,,,,,,,,unmatched
7780,fta_partner,safe_active,US,United States,https://ror.org/00fqyhf62,Harris–Stowe State University,active,4407066,St Louis,Missouri,38.62727,-90.19789,safe_active_exact_name_site_agreement
7781,fta_partner,review,US,United States,,,,,,,,,held_review_site_only
7782,fta_partner,unmatched,US,United States,,,,,,,,,unmatched
7783,fta_partner,safe_active,US,United States,https://ror.org/0288qta63,Hartwick College,active,5129852,Oneonta,New York,42.45286,-75.06377,safe_active_exact_name_site_agreement
7784,fta_partner,safe_active,US,United States,https://ror.org/03vek6s52,Harvard University,active,4931972,Cambridge,Massachusetts,42.3751,-71.10561,safe_active_exact_name_site_agreement
7785,fta_partner,safe_active,US,United States,https://ror.org/025ecfn45,Harvey Mudd College,active,5337696,Claremont,California,34.09668,-117.71978,safe_active_exact_name_site_agreement
7786,fta_partner,safe_active,US,United States,https://ror.org/01myrq118,Hastings College,active,5069802,Hastings,Nebraska,40.58612,-98.38839,safe_active_exact_name_site_agreement
7787,fta_partner,safe_active,US,United States,https://ror.org/04fnrxr62,Haverford College,active,5192907,Haverford,Pennsylvania,40.01317,-75.29435,safe_active_exact_name_site_agreement
7788,fta_partner,safe_active,US,United States,https://ror.org/01963ay88,Hawaii Pacific University,active,5856195,Honolulu,Hawaii,21.30694,-157.85833,safe_active_exact_name_site_agreement
7789,fta_partner,safe_active,US,United States,https://ror.org/05cxb7m31,Heartland Baptist Bible College,active,4544349,Oklahoma City,Oklahoma,35.46756,-97.51643,safe_active_exact_name_only
7790,fta_partner,safe_active,US,United States,https://ror.org/05y3p3k12,Hebrew College,active,4931482,Brookline,Massachusetts,42.33176,-71.12116,safe_active_exact_name_site_agreement
7791,fta_partner,safe_active,US,United States,https://ror.org/04rcqnp59,Heidelberg University,active,5173930,Tiffin,Ohio,41.1145,-83.17797,safe_active_exact_name_site_agreement
7792,fta_partner,review,US,United States,,,,,,,,,held_review_site_only
7793,fta_partner,safe_active,US,United States,https://ror.org/00yghrj63,Hendrix College,active,4106458,Conway,Arkansas,35.0887,-92.4421,safe_active_exact_name_site_agreement
7794,fta_partner,review,US,United States,,,,,,,,,held_review_site_only
7795,fta_partner,review,US,United States,,,,,,,,,held-alias-without-clean-domain-agreement
7796,fta_partner,safe_active,US,United States,https://ror.org/029qx3s09,High Point University,active,4471025,High Point,North Carolina,35.95569,-80.00532,safe_active_exact_name_site_agreement
7797,fta_partner,safe_active,US,United States,https://ror.org/054t0wk73,Hilbert College,active,5119833,Hamburg,New York,42.71589,-78.82948,safe_active_exact_name_site_agreement
7798,fta_partner,safe_active,US,United States,https://ror.org/05vs4fq96,Hillsdale College,active,4996107,Hillsdale,Michigan,41.92005,-84.63051,safe_active_exact_name_site_agreement
7799,fta_partner,safe_active,US,United States,https://ror.org/02bz74262,Hiram College,active,5157675,Hiram,Ohio,41.31256,-81.14371,safe_active_exact_name_site_agreement
7800,fta_partner,safe_active,US,United States,https://ror.org/004majf41,Hobart and William Smith Colleges,active,5118398,Geneva,New York,42.86896,-76.97774,safe_active_exact_name_only
7801,fta_partner,safe_active,US,United States,https://ror.org/044abmm29,Hobe Sound Bible College,active,4158758,Hobe Sound,Florida,27.0595,-80.13643,safe_active_exact_name_site_agreement
7802,fta_partner,safe_active,US,United States,https://ror.org/00s8h5d08,Hodges University,active,4165565,Naples,Florida,26.14234,-81.79596,safe_active_exact_name_site_agreement
7803,fta_partner,safe_active,US,United States,https://ror.org/03pm18j10,Hofstra University,active,5120478,Hempstead,New York,40.70621,-73.61874,safe_active_exact_name_site_agreement
7804,fta_partner,safe_active,US,United States,https://ror.org/05dt3h538,Hollins University,active,4782167,Roanoke,Virginia,37.27097,-79.94143,safe_active_exact_name_site_agreement
7805,fta_partner,unmatched,US,United States,,,,,,,,,unmatched
7806,fta_partner,safe_active,US,United States,https://ror.org/0574bwf68,Holy Cross College,active,8469294,Notre Dame,Indiana,41.70019,-86.23793,safe_active_exact_name_site_agreement
7807,fta_partner,unmatched,US,United States,,,,,,,,,unmatched
7808,fta_partner,review,US,United States,,,,,,,,,held-alias-without-clean-domain-agreement
7809,fta_partner,safe_active,US,United States,https://ror.org/04e6ngf61,Hood College,active,4355585,Frederick,Maryland,39.41427,-77.41054,safe_active_exact_name_site_agreement
7810,fta_partner,safe_active,US,United States,https://ror.org/03chnr738,Hope College,active,4996248,Holland,Michigan,42.78752,-86.10893,safe_active_exact_name_site_agreement
7811,fta_partner,safe_active,US,United States,https://ror.org/03vfpjp29,Hope International University,active,5351247,Fullerton,California,33.87029,-117.92534,safe_active_exact_name_site_agreement
7812,fta_partner,safe_active,US,United States,https://ror.org/04vjs1b18,Houghton University,active,5121382,Houghton,New York,42.4234,-78.15723,safe_active_exact_name_site_agreement
7813,fta_partner,review,US,United States,,,,,,,,,held-alias-without-clean-domain-agreement
7814,fta_partner,safe_active,US,United States,https://ror.org/00vhhbt37,Howard Payne University,active,4676798,Brownwood,Texas,31.70932,-98.99116,safe_active_exact_name_site_agreement
7815,fta_partner,safe_active,US,United States,https://ror.org/05gt1vc06,Howard University,active,4140963,Washington,District of Columbia,38.89511,-77.03637,safe_active_exact_name_only
7816,fta_partner,safe_active,US,United States,https://ror.org/02qt0xs84,Cal Poly Humboldt,active,5558953,Arcata,California,40.86652,-124.08284,safe_active_exact_name_site_agreement
7817,fta_partner,safe_active,US,United States,https://ror.org/01qw1bz85,Humphreys College,active,5399020,Stockton,California,37.9577,-121.29078,safe_active_exact_name_site_agreement
7818,fta_partner,unmatched,US,United States,,,,,,,,,unmatched
7819,fta_partner,unmatched,US,United States,,,,,,,,,unmatched
7820,fta_partner,safe_active,US,United States,https://ror.org/05rp6gx35,Husson University,active,4957280,Bangor,Maine,44.79884,-68.77265,safe_active_exact_name_site_agreement
7821,fta_partner,review,US,United States,,,,,,,,,held_review_site_only
7822,fta_partner,unmatched,US,United States,,,,,,,,,unmatched
7823,fta_partner,unmatched,US,United States,,,,,,,,,unmatched
7824,fta_partner,safe_active,US,United States,https://ror.org/0162z8b04,Idaho State University,active,5604045,Pocatello,Idaho,42.8713,-112.44553,safe_active_exact_name_site_agreement
7825,fta_partner,safe_active,US,United States,https://ror.org/01jc8rs51,IGlobal University,active,4744468,Annandale,Virginia,38.83039,-77.19637,safe_active_exact_name_only
7826,fta_partner,review,US,United States,,,,,,,,,held_review_site_only
7827,fta_partner,safe_active,US,United States,https://ror.org/02ys5x139,Illinois College,active,4241704,Jacksonville,Illinois,39.73394,-90.22901,safe_active_exact_name_site_agreement
7828,fta_partner,safe_active,US,United States,https://ror.org/04pmaae27,Illinois College of Optometry,active,4887398,Chicago,Illinois,41.85003,-87.65005,safe_active_exact_name_site_agreement
7829,fta_partner,safe_active,US,United States,https://ror.org/037t3ry66,Illinois Institute of Technology,active,4887398,Chicago,Illinois,41.85003,-87.65005,safe_active_exact_name_site_agreement
7830,fta_partner,unmatched,US,United States,,,,,,,,,unmatched
7831,fta_partner,unmatched,US,United States,,,,,,,,,unmatched
7832,fta_partner,safe_active,US,United States,https://ror.org/050kcr883,Illinois State University,active,4903780,Normal,Illinois,40.5142,-88.99063,safe_active_exact_name_only
7833,fta_partner,safe_active,US,United States,https://ror.org/04v1k1t27,Illinois Valley Community College,active,4904605,Oglesby,Illinois,41.29531,-89.05953,safe_active_exact_name_site_agreement
7834,fta_partner,safe_active,US,United States,https://ror.org/021aqk126,Illinois Wesleyan University,active,4885164,Bloomington,Illinois,40.4842,-88.99369,safe_active_exact_name_site_agreement
7835,fta_partner,safe_active,US,United States,https://ror.org/02mtbrk18,Immaculata University,active,5199600,Malvern,Pennsylvania,40.03622,-75.51381,safe_active_exact_name_site_agreement
7836,fta_partner,unmatched,US,United States,,,,,,,,,unmatched
7837,fta_partner,unmatched,US,United States,,,,,,,,,unmatched
7838,fta_partner,safe_active,US,United States,https://ror.org/00f8man71,Indiana State University,active,4265737,Terre Haute,Indiana,39.4667,-87.41391,safe_active_exact_name_only
7839,fta_partner,unmatched,US,United States,,,,,,,,,unmatched
7840,fta_partner,review,US,United States,,,,,,,,,held_review_site_only
7841,fta_partner,review,US,United States,,,,,,,,,held_review_site_only
7842,fta_partner,safe_active,US,United States,https://ror.org/046z54t28,Indiana University East,active,4263681,Richmond,Indiana,39.82894,-84.89024,safe_active_exact_name_only
7843,fta_partner,safe_active,US,United States,https://ror.org/00n9fkm63,Indiana University Northwest,active,4920607,Gary,Indiana,41.59337,-87.34643,safe_active_exact_name_only
7844,fta_partner,safe_active,US,United States,https://ror.org/0511cmw96,Indiana University of Pennsylvania,active,5194868,Indiana,Pennsylvania,40.62146,-79.15253,safe_active_exact_name_site_agreement
7845,fta_partner,unmatched,US,United States,,,,,,,,,unmatched
7846,fta_partner,inactive_history,US,United States,,,,,,,,,held_inactive_site_only
7847,fta_partner,inactive_history,US,United States,,,,,,,,,held_inactive_site_only
7848,fta_partner,safe_active,US,United States,https://ror.org/02eak8n78,Indiana University Southeast,active,4262045,New Albany,Indiana,38.28562,-85.82413,safe_active_exact_name_only
7849,fta_partner,unmatched,US,United States,,,,,,,,,unmatched
7850,fta_partner,safe_active,US,United States,https://ror.org/04hrnch96,Indiana Wesleyan University,active,4923210,Marion,Indiana,40.55837,-85.65914,safe_active_exact_name_site_agreement
7851,fta_partner,unmatched,US,United States,,,,,,,,,unmatched
7852,fta_partner,unmatched,US,United States,,,,,,,,,unmatched
7853,fta_partner,unmatched,US,United States,,,,,,,,,unmatched
7854,fta_partner,review,US,United States,,,,,,,,,held-alias-without-clean-domain-agreement
7855,fta_partner,unmatched,US,United States,,,,,,,,,unmatched
7856,fta_partner,unmatched,US,United States,,,,,,,,,unmatched
7857,fta_partner,unmatched,US,United States,,,,,,,,,unmatched
7858,fta_partner,unmatched,US,United States,,,,,,,,,unmatched
7859,fta_partner,review,US,United States,,,,,,,,,held-alias-without-clean-domain-agreement
7860,fta_partner,safe_active,US,United States,https://ror.org/00m79dm66,Iona College,active,5128549,New Rochelle,New York,40.91149,-73.78235,safe_active_exact_name_site_agreement
7861,fta_partner,safe_active,US,United States,https://ror.org/04rswrd78,Iowa State University,active,4846834,Ames,Iowa,42.03471,-93.61994,safe_active_exact_name_site_agreement
7862,fta_partner,safe_active,US,United States,https://ror.org/042th8w18,Iowa Wesleyan College,active,4868205,Mount Pleasant,Iowa,40.96364,-91.55794,safe_active_exact_name_only
7863,fta_partner,safe_active,US,United States,https://ror.org/01kw1gj07,Ithaca College,active,5122432,Ithaca,New York,42.44063,-76.49661,safe_active_exact_name_site_agreement
7864,fta_partner,unmatched,US,United States,,,,,,,,,unmatched
7865,fta_partner,unmatched,US,United States,,,,,,,,,unmatched
7866,fta_partner,unmatched,US,United States,,,,,,,,,unmatched
7867,fta_partner,unmatched,US,United States,,,,,,,,,unmatched
7868,fta_partner,unmatched,US,United States,,,,,,,,,unmatched
7869,fta_partner,safe_active,US,United States,https://ror.org/01ecnnp60,Jackson State University,active,4431410,Jackson,Mississippi,32.29876,-90.18481,safe_active_exact_name_site_agreement
7870,fta_partner,safe_active,US,United States,https://ror.org/014wfj781,Jacksonville State University,active,4069553,Jacksonville,Alabama,33.81382,-85.7613,safe_active_exact_name_site_agreement
7871,fta_partner,safe_active,US,United States,https://ror.org/050rkhq40,Jacksonville University,active,4160021,Jacksonville,Florida,30.33218,-81.65565,safe_active_exact_name_site_agreement
7872,fta_partner,safe_active,US,United States,https://ror.org/028pmsz77,James Madison University,active,4763231,Harrisonburg,Virginia,38.44957,-78.86892,safe_active_exact_name_site_agreement
7873,fta_partner,unmatched,US,United States,,,,,,,,,unmatched
7874,fta_partner,safe_active,US,United States,https://ror.org/01jnyam78,Jarvis Christian College,active,4696686,Hawkins,Texas,32.58847,-95.20411,safe_active_exact_name_site_agreement
7875,fta_partner,safe_active,US,United States,https://ror.org/02ct41q97,John Brown University,active,4131116,Siloam Springs,Arkansas,36.18814,-94.5405,safe_active_exact_name_site_agreement
7876,fta_partner,safe_active,US,United States,https://ror.org/001gmya32,John Carroll University,active,5174830,University Heights,Ohio,41.49783,-81.53735,safe_active_exact_name_only
7877,fta_partner,safe_active,US,United States,https://ror.org/050p9wj26,John F. Kennedy University,active,5383720,Pleasant Hill,California,37.94798,-122.0608,safe_active_exact_name_site_agreement
7878,fta_partner,inactive_history,US,United States,,,,,,,,,held_inactive_exact_name
7879,fta_partner,safe_active,US,United States,https://ror.org/00jkprj19,John Paul the Great Catholic University,active,5346827,Escondido,California,33.11921,-117.08642,safe_active_exact_name_only
7880,fta_partner,safe_active,US,United States,https://ror.org/00za53h95,Johns Hopkins University,active,4347778,Baltimore,Maryland,39.29038,-76.61219,safe_active_exact_name_site_agreement
7881,fta_partner,review,US,United States,,,,,,,,,held-alias-without-clean-domain-agreement
7882,fta_partner,safe_active,US,United States,https://ror.org/059r8r572,Johnson County Community College,active,4276873,Overland Park,Kansas,38.98223,-94.67079,safe_active_exact_name_site_agreement
7883,fta_partner,safe_active,US,United States,https://ror.org/00s3z8519,Johnson C. Smith University,active,4460243,Charlotte,North Carolina,35.22709,-80.84313,safe_active_exact_name_site_agreement
7884,fta_partner,unmatched,US,United States,,,,,,,,,unmatched
7885,fta_partner,safe_active,US,United States,https://ror.org/03w2cyv53,Johnson & Wales University,active,5224151,Providence,Rhode Island,41.82399,-71.41283,safe_active_exact_name_site_agreement
7886,fta_partner,review,US,United States,,,,,,,,,held_review_site_only
7887,fta_partner,safe_active,US,United States,https://ror.org/00a08ze66,Laurel University,active,4471025,High Point,North Carolina,35.95569,-80.00532,safe_active_exact_name_site_agreement
7888,fta_partner,safe_active,US,United States,https://ror.org/05txzf778,Jones College,active,4160021,Jacksonville,Florida,30.33218,-81.65565,safe_active_exact_name_site_agreement
7889,fta_partner,safe_active,US,United States,https://ror.org/054s7hj41,Jones International University,active,5416541,Centennial,Colorado,39.57916,-104.87692,safe_active_exact_name_only
7890,fta_partner,unmatched,US,United States,,,,,,,,,unmatched
7891,fta_partner,unmatched,US,United States,,,,,,,,,unmatched
7892,fta_partner,safe_active,US,United States,https://ror.org/01ayg2409,Juniata College,active,5194590,Huntingdon,Pennsylvania,40.4848,-78.01028,safe_active_exact_name_site_agreement
7893,fta_partner,safe_active,US,United States,https://ror.org/001qst305,Kalamazoo College,active,4997787,Kalamazoo,Michigan,42.29171,-85.58723,safe_active_exact_name_site_agreement
7894,fta_partner,safe_active,US,United States,https://ror.org/023hfjp48,Kankakee Community College,active,4898182,Kankakee,Illinois,41.12003,-87.86115,safe_active_exact_name_only
7895,fta_partner,safe_active,US,United States,https://ror.org/05tbkx115,Kansas City Art Institute,active,4393217,Kansas City,Missouri,39.09973,-94.57857,safe_active_exact_name_site_agreement
7896,fta_partner,safe_active,US,United States,https://ror.org/05p1j8758,Kansas State University,active,4274994,Manhattan,Kansas,39.18361,-96.57167,safe_active_exact_name_only
7897,fta_partner,safe_active,US,United States,https://ror.org/01p37he69,Kansas Wesleyan University,active,4278890,Salina,Kansas,38.84028,-97.61142,safe_active_exact_name_site_agreement
7898,fta_partner,unmatched,US,United States,,,,,,,,,unmatched
7899,fta_partner,unmatched,US,United States,,,,,,,,,unmatched
7900,fta_partner,review,US,United States,,,,,,,,,held_review_site_only
7901,fta_partner,safe_active,US,United States,https://ror.org/00f4jdp82,Keck Graduate Institute,active,5337696,Claremont,California,34.09668,-117.71978,safe_active_exact_name_site_agreement
7902,fta_partner,safe_active,US,United States,https://ror.org/04c1gbz02,Keene State College,active,5088262,Keene,New Hampshire,42.93369,-72.27814,safe_active_exact_name_site_agreement
7903,fta_partner,unmatched,US,United States,,,,,,,,,unmatched
7904,fta_partner,safe_active,US,United States,https://ror.org/004h3nh40,Kendall College,active,4887398,Chicago,Illinois,41.85003,-87.65005,safe_active_exact_name_site_agreement
7905,fta_partner,unmatched,US,United States,,,,,,,,,unmatched
7906,fta_partner,safe_active,US,United States,https://ror.org/00jeqjx33,Kennesaw State University,active,4203696,Kennesaw,Georgia,34.02343,-84.61549,safe_active_exact_name_site_agreement
7907,fta_partner,safe_active,US,United States,https://ror.org/049pfb863,Kent State University,active,5159537,Kent,Ohio,41.15367,-81.35789,safe_active_exact_name_site_agreement
7908,fta_partner,review,US,United States,,,,,,,,,held-alias-without-clean-domain-agreement
7909,fta_partner,safe_active,US,United States,https://ror.org/03a5bb278,"Kent State University, East Liverpool",active,5152709,East Liverpool,Ohio,40.61868,-80.57729,safe_active_exact_name_only
7910,fta_partner,review,US,United States,,,,,,,,,held-alias-without-clean-domain-agreement
7911,fta_partner,review,US,United States,,,,,,,,,held-alias-without-clean-domain-agreement
7912,fta_partner,unmatched,US,United States,,,,,,,,,unmatched
7913,fta_partner,unmatched,US,United States,,,,,,,,,unmatched
7914,fta_partner,review,US,United States,,,,,,,,,held_review_site_only
7915,fta_partner,safe_active,US,United States,https://ror.org/05xh8jn56,Kentucky State University,active,4292188,Frankfort,Kentucky,38.20091,-84.87328,safe_active_exact_name_site_agreement
7916,fta_partner,safe_active,US,United States,https://ror.org/02fncne76,Kentucky Wesleyan College,active,4303436,Owensboro,Kentucky,37.77422,-87.11333,safe_active_exact_name_site_agreement
7917,fta_partner,safe_active,US,United States,https://ror.org/04ckqgs57,Kenyon College,active,5155438,Gambier,Ohio,40.37562,-82.3971,safe_active_exact_name_site_agreement
7918,fta_partner,review,US,United States,,,,,,,,,held_review_site_only
7919,fta_partner,safe_active,US,United States,https://ror.org/03hx4fx74,Keuka College,active,5123347,Keuka Park,New York,42.61535,-77.09219,safe_active_exact_name_site_agreement
7920,fta_partner,safe_active,US,United States,https://ror.org/01evb6z23,King University,active,4608657,Bristol,Tennessee,36.59511,-82.18874,safe_active_exact_name_site_agreement
7921,fta_partner,review,US,United States,,,,,,,,,held_site_name_conflict
7922,fta_partner,unmatched,US,United States,,,,,,,,,unmatched
7923,fta_partner,safe_active,US,United States,https://ror.org/028tzq930,Kirkwood Community College,active,4850751,Cedar Rapids,Iowa,42.00833,-91.64407,safe_active_exact_name_site_agreement
7924,fta_partner,safe_active,US,United States,https://ror.org/04hfkdb50,Knox College,active,4893392,Galesburg,Illinois,40.94782,-90.37124,safe_active_exact_name_site_agreement
7925,fta_partner,safe_active,US,United States,https://ror.org/02bxrp522,Knoxville College,active,4634946,Knoxville,Tennessee,35.96064,-83.92074,safe_active_exact_name_site_agreement
7926,fta_partner,safe_active,US,United States,https://ror.org/056veft20,Kutztown University,active,5196621,Kutztown,Pennsylvania,40.51732,-75.77742,safe_active_exact_name_site_agreement
7927,fta_partner,safe_active,US,United States,https://ror.org/04nvfwd22,LIM College,active,5125771,Manhattan,New York,40.78343,-73.96625,safe_active_exact_name_site_agreement
7928,fta_partner,safe_active,US,United States,https://ror.org/036n0x007,Lafayette College,active,5188140,Easton,Pennsylvania,40.68843,-75.22073,safe_active_exact_name_site_agreement
7929,fta_partner,review,US,United States,,,,,,,,,held_ambiguous_active_exact_name
7930,fta_partner,safe_active,US,United States,https://ror.org/00dvjtq12,Lake Erie College,active,5166009,Painesville,Ohio,41.72449,-81.24566,safe_active_exact_name_only
7931,fta_partner,safe_active,US,United States,https://ror.org/04rmtzr09,Lake Forest College,active,4899012,Lake Forest,Illinois,42.25863,-87.84063,safe_active_exact_name_only
7932,fta_partner,safe_active,US,United States,https://ror.org/043mcwe63,Lake Forest Graduate School of Management,active,4899012,Lake Forest,Illinois,42.25863,-87.84063,safe_active_exact_name_only
7933,fta_partner,review,US,United States,,,,,,,,,held_ambiguous_active_exact_name
7934,fta_partner,safe_active,US,United States,https://ror.org/00yeysh84,Lake Superior State University,active,5009004,Sault Ste. Marie,Michigan,46.4953,-84.34532,safe_active_exact_name_site_agreement
7935,fta_partner,safe_active,US,United States,https://ror.org/043bemg15,Lakeview College of Nursing,active,4889426,Danville,Illinois,40.12448,-87.63002,safe_active_exact_name_site_agreement
7936,fta_partner,safe_active,US,United States,https://ror.org/008ms5s18,Lamar University,active,4672989,Beaumont,Texas,30.08605,-94.10185,safe_active_exact_name_site_agreement
7937,fta_partner,review,US,United States,,,,,,,,,held-alias-without-clean-domain-agreement
7938,fta_partner,unmatched,US,United States,,,,,,,,,unmatched
7939,fta_partner,safe_active,US,United States,https://ror.org/04cey8951,Lancaster Bible College,active,5197079,Lancaster,Pennsylvania,40.03788,-76.30551,safe_active_exact_name_site_agreement
7940,fta_partner,safe_active,US,United States,https://ror.org/05eq86m59,Lander University,active,4580569,Greenwood,South Carolina,34.1954,-82.16179,safe_active_exact_name_site_agreement
7941,fta_partner,safe_active,US,United States,https://ror.org/00e7vgg86,Lane College,active,4632595,Jackson,Tennessee,35.61452,-88.81395,safe_active_exact_name_site_agreement
7942,fta_partner,safe_active,US,United States,https://ror.org/04z893x06,Langston University,active,4540677,Langston,Oklahoma,35.94505,-97.25531,safe_active_exact_name_only
7943,fta_partner,safe_active,US,United States,https://ror.org/04bthcb08,La Roche College,active,5206379,Pittsburgh,Pennsylvania,40.44062,-79.99589,safe_active_exact_name_site_agreement
7944,fta_partner,safe_active,US,United States,https://ror.org/02beve479,La Salle University,active,4560349,Philadelphia,Pennsylvania,39.95238,-75.16362,safe_active_exact_name_site_agreement
7945,fta_partner,safe_active,US,United States,https://ror.org/026z1v086,Lasell College,active,4945283,Newton,Massachusetts,42.33704,-71.20922,safe_active_exact_name_site_agreement
7946,fta_partner,safe_active,US,United States,https://ror.org/05g1rjn35,La Sierra University,active,5387877,Riverside,California,33.95335,-117.39616,safe_active_exact_name_site_agreement
7947,fta_partner,unmatched,US,United States,,,,,,,,,unmatched
7948,fta_partner,safe_active,US,United States,https://ror.org/04d52ej85,Lawrence Technological University,active,5010636,Southfield,Michigan,42.47337,-83.22187,safe_active_exact_name_site_agreement
7949,fta_partner,safe_active,US,United States,https://ror.org/005w9jb47,Lawrence University,active,5244080,Appleton,Wisconsin,44.26193,-88.41538,safe_active_exact_name_site_agreement
7950,fta_partner,safe_active,US,United States,https://ror.org/05py5qd41,Lebanon Valley College,active,5178351,Annville,Pennsylvania,40.32954,-76.51524,safe_active_exact_name_site_agreement
7951,fta_partner,safe_active,US,United States,https://ror.org/05g1rz111,Lees McRae College,active,4453688,Banner Elk,North Carolina,36.16318,-81.8715,safe_active_exact_name_site_agreement
7952,fta_partner,safe_active,US,United States,https://ror.org/00fwhaq79,Lee University,active,4614088,Cleveland,Tennessee,35.15952,-84.87661,safe_active_exact_name_site_agreement
7953,fta_partner,review,US,United States,,,,,,,,,held_review_site_only
7954,fta_partner,safe_active,US,United States,https://ror.org/00q369629,Le Moyne College,active,5140405,Syracuse,New York,43.04812,-76.14742,safe_active_exact_name_site_agreement
7955,fta_partner,unmatched,US,United States,,,,,,,,,unmatched
7956,fta_partner,unmatched,US,United States,,,,,,,,,unmatched
7957,fta_partner,safe_active,US,United States,https://ror.org/013ennz48,Lesley University,active,4931972,Cambridge,Massachusetts,42.3751,-71.10561,safe_active_exact_name_site_agreement
7958,fta_partner,safe_active,US,United States,https://ror.org/006t60p65,LeTourneau University,active,4707814,Longview,Texas,32.5007,-94.74049,safe_active_exact_name_site_agreement
7959,fta_partner,safe_active,US,United States,https://ror.org/013pz1582,Lewis & Clark College,active,5746545,Portland,Oregon,45.52345,-122.67621,safe_active_exact_name_site_agreement
7960,fta_partner,safe_active,US,United States,https://ror.org/04eb7gy32,Lewis and Clark Community College,active,4239509,Godfrey,Illinois,38.9556,-90.18678,safe_active_exact_name_only
7961,fta_partner,safe_active,US,United States,https://ror.org/038x7ta12,Lewis Clark State College,active,5598538,Lewiston,Idaho,46.41655,-117.01766,safe_active_exact_name_site_agreement
7962,fta_partner,safe_active,US,United States,https://ror.org/0376vhj74,Lewis University,active,4908068,Romeoville,Illinois,41.64753,-88.08951,safe_active_exact_name_site_agreement
7963,fta_partner,safe_active,US,United States,https://ror.org/00w4qrc49,Liberty University,active,4771075,Lynchburg,Virginia,37.41375,-79.14225,safe_active_exact_name_site_agreement
7964,fta_partner,unmatched,US,United States,,,,,,,,,unmatched
7965,fta_partner,safe_active,US,United States,https://ror.org/01c0k9408,Life University,active,4207783,Marietta,Georgia,33.9526,-84.54993,safe_active_exact_name_site_agreement
7966,fta_partner,safe_active,US,United States,https://ror.org/05npsjk50,Limestone College,active,4579418,Gaffney,South Carolina,35.07179,-81.64982,safe_active_exact_name_site_agreement
7967,fta_partner,safe_active,US,United States,https://ror.org/02qma2225,Lincoln Memorial University,active,4628044,Harrogate,Tennessee,36.5823,-83.65686,safe_active_exact_name_site_agreement
7968,fta_partner,safe_active,US,United States,https://ror.org/05hn3aw08,Lincoln University - Missouri,active,4392388,Jefferson City,Missouri,38.5767,-92.17352,safe_active_exact_name_site_agreement
7969,fta_partner,safe_active,US,United States,https://ror.org/0521rfb23,Lincoln University - Pennsylvania,active,4560185,Oxford,Pennsylvania,39.78539,-75.97883,safe_active_exact_name_site_agreement
7970,fta_partner,review,US,United States,,,,,,,,,held_review_site_only
7971,fta_partner,safe_active,US,United States,https://ror.org/01qf95793,Lindenwood University,active,4406831,Saint Charles,Missouri,38.78394,-90.48123,safe_active_exact_name_site_agreement
7972,fta_partner,safe_active,US,United States,https://ror.org/03e7v3527,Lindsey Wilson College,active,4288366,Columbia,Kentucky,37.10284,-85.30635,safe_active_exact_name_site_agreement
7973,fta_partner,safe_active,US,United States,https://ror.org/0228k1a18,Linfield College,active,5739936,McMinnville,Oregon,45.21012,-123.19872,safe_active_exact_name_site_agreement
7974,fta_partner,safe_active,US,United States,https://ror.org/02gdc3814,Lipscomb University,active,4644585,Nashville,Tennessee,36.16589,-86.78444,safe_active_exact_name_only
7975,fta_partner,safe_active,US,United States,https://ror.org/03t56ts61,Livingstone College,active,4489985,Salisbury,North Carolina,35.67097,-80.47423,safe_active_exact_name_site_agreement
7976,fta_partner,review,US,United States,,,,,,,,,held_review_site_only
7977,fta_partner,review,US,United States,,,,,,,,,held_review_site_only
7978,fta_partner,safe_active,US,United States,https://ror.org/04bj28v14,Loma Linda University,active,5367696,Loma Linda,California,34.04835,-117.26115,safe_active_exact_name_site_agreement
7979,fta_partner,safe_active,US,United States,https://ror.org/0324fzh77,Long Island University,active,5110358,Brookville,New York,40.81316,-73.56735,safe_active_exact_name_only
7980,fta_partner,unmatched,US,United States,,,,,,,,,unmatched
7981,fta_partner,unmatched,US,United States,,,,,,,,,unmatched
7982,fta_partner,unmatched,US,United States,,,,,,,,,unmatched
7983,fta_partner,safe_active,US,United States,https://ror.org/03eecf728,Loras College,active,4854529,Dubuque,Iowa,42.50056,-90.66457,safe_active_exact_name_site_agreement
7984,fta_partner,unmatched,US,United States,,,,,,,,,unmatched
7985,fta_partner,safe_active,US,United States,https://ror.org/01egvzq87,Louisiana Baptist University,active,4341513,Shreveport,Louisiana,32.52515,-93.75018,safe_active_exact_name_site_agreement
7986,fta_partner,review,US,United States,,,,,,,,,held-alias-without-clean-domain-agreement
7987,fta_partner,safe_active,US,United States,https://ror.org/05ect4e57,Louisiana State University,active,4315588,Baton Rouge,Louisiana,30.44332,-91.18747,safe_active_exact_name_site_agreement
7988,fta_partner,safe_active,US,United States,https://ror.org/043z25g17,Louisiana State University of Alexandria,active,4314550,Alexandria,Louisiana,31.31129,-92.44514,safe_active_exact_name_site_agreement
7989,fta_partner,safe_active,US,United States,https://ror.org/04pf12f40,Louisiana State University at Eunice,active,4323900,Eunice,Louisiana,30.49437,-92.41763,safe_active_exact_name_site_agreement
7990,fta_partner,safe_active,US,United States,https://ror.org/01qv8fp92,Louisiana State University Health Sciences Center New Orleans,active,4335045,New Orleans,Louisiana,29.95465,-90.07507,safe_active_exact_name_site_agreement
7991,fta_partner,safe_active,US,United States,https://ror.org/02c4cbt39,Louisiana State University in Shreveport,active,4341513,Shreveport,Louisiana,32.52515,-93.75018,safe_active_exact_name_site_agreement
7992,fta_partner,safe_active,US,United States,https://ror.org/04q9esz89,Louisiana Tech University,active,4339348,Ruston,Louisiana,32.52321,-92.63793,safe_active_exact_name_site_agreement
7993,fta_partner,review,US,United States,,,,,,,,,held_review_site_only
7994,fta_partner,review,US,United States,,,,,,,,,held_review_site_only
7995,fta_partner,safe_active,US,United States,https://ror.org/00xhj8c72,Loyola Marymount University,active,5368361,Los Angeles,California,34.05223,-118.24368,safe_active_exact_name_site_agreement
7996,fta_partner,safe_active,US,United States,https://ror.org/051f75a52,Loyola University New Orleans,active,4335045,New Orleans,Louisiana,29.95465,-90.07507,safe_active_exact_name_site_agreement
7997,fta_partner,review,US,United States,,,,,,,,,held_review_site_only
7998,fta_partner,safe_active,US,United States,https://ror.org/02wb36b75,Lubbock Christian University,active,5525577,Lubbock,Texas,33.57786,-101.85517,safe_active_exact_name_site_agreement
7999,fta_partner,unmatched,US,United States,,,,,,,,,unmatched
8000,fta_partner,safe_active,US,United States,https://ror.org/03dqcb840,Luther College,active,4853608,Decorah,Iowa,43.30331,-91.78571,safe_active_exact_name_site_agreement
8001,fta_partner,safe_active,US,United States,https://ror.org/01rsgws32,Lycoming College,active,5219585,Williamsport,Pennsylvania,41.24119,-77.00108,safe_active_exact_name_site_agreement
8002,fta_partner,review,US,United States,,,,,,,,,held_review_site_only
8003,fta_partner,safe_active,US,United States,https://ror.org/03bhj4j04,Lyndon State College,active,5238203,Lyndonville,Vermont,44.53367,-72.00315,safe_active_exact_name_only
8004,fta_partner,safe_active,US,United States,https://ror.org/04nqv0v23,Lynn University,active,4148411,Boca Raton,Florida,26.35869,-80.0831,safe_active_exact_name_site_agreement
8005,fta_partner,safe_active,US,United States,https://ror.org/03c4kec23,Lyon College,active,4100525,Batesville,Arkansas,35.7698,-91.64097,safe_active_exact_name_site_agreement
8006,fta_partner,safe_active,US,United States,https://ror.org/04fceqm38,Macalester College,active,5045360,Saint Paul,Minnesota,44.94441,-93.09327,safe_active_exact_name_only
8007,fta_partner,inactive_history,US,United States,,,,,,,,,held_inactive_exact_name
8008,fta_partner,unmatched,US,United States,,,,,,,,,unmatched
8009,fta_partner,unmatched,US,United States,,,,,,,,,unmatched
8010,fta_partner,safe_active,US,United States,https://ror.org/02rg9ze43,Madonna University,active,4999837,Livonia,Michigan,42.36837,-83.35271,safe_active_exact_name_only
8011,fta_partner,unmatched,US,United States,,,,,,,,,unmatched
8012,fta_partner,safe_active,US,United States,https://ror.org/00dds9q45,Maine College of Art,active,4975802,Portland,Maine,43.65737,-70.2589,safe_active_exact_name_site_agreement
8013,fta_partner,safe_active,US,United States,https://ror.org/007paj431,Maine Maritime Academy,active,4960381,Castine,Maine,44.38785,-68.79975,safe_active_exact_name_site_agreement
8014,fta_partner,review,US,United States,,,,,,,,,held_review_site_only
8015,fta_partner,safe_active,US,United States,https://ror.org/02aswte26,Manchester University,active,4920423,Fort Wayne,Indiana,41.1306,-85.12886,safe_active_exact_name_site_agreement
8016,fta_partner,safe_active,US,United States,https://ror.org/03at7j224,Manhattan Christian College,active,4274994,Manhattan,Kansas,39.18361,-96.57167,safe_active_exact_name_site_agreement
8017,fta_partner,review,US,United States,,,,,,,,,held-alias-without-clean-domain-agreement
8018,fta_partner,safe_active,US,United States,https://ror.org/033e57h61,Manhattan School of Music,active,5128581,New York,New York,40.71427,-74.00597,safe_active_exact_name_site_agreement
8019,fta_partner,safe_active,US,United States,https://ror.org/05qhdx204,Manhattanville College,active,5133135,Purchase,New York,41.04093,-73.71457,safe_active_exact_name_site_agreement
8020,fta_partner,review,US,United States,,,,,,,,,held-alias-without-clean-domain-agreement
8021,fta_partner,unmatched,US,United States,,,,,,,,,unmatched
8022,fta_partner,unmatched,US,United States,,,,,,,,,unmatched
8023,fta_partner,review,US,United States,,,,,,,,,held_review_site_only
8024,fta_partner,unmatched,US,United States,,,,,,,,,unmatched
8025,fta_partner,safe_active,US,United States,https://ror.org/03apb0g70,Marietta College,active,4517586,Marietta,Ohio,39.41535,-81.45484,safe_active_exact_name_site_agreement
8026,fta_partner,safe_active,US,United States,https://ror.org/04wx3x242,Marist University,active,5132147,Town of Poughkeepsie,New York,41.66981,-73.90703,safe_active_exact_name_site_agreement
8027,fta_partner,safe_active,US,United States,https://ror.org/028bz2q30,Marlboro College,active,5238331,Marlboro,Vermont,42.85953,-72.72593,safe_active_exact_name_site_agreement
8028,fta_partner,safe_active,US,United States,https://ror.org/04gr4te78,Marquette University,active,5263045,Milwaukee,Wisconsin,43.0389,-87.90647,safe_active_exact_name_only
8029,fta_partner,safe_active,US,United States,https://ror.org/02erqft81,Marshall University,active,4809537,Huntington,West Virginia,38.41925,-82.44515,safe_active_exact_name_site_agreement
8030,fta_partner,unmatched,US,United States,,,,,,,,,unmatched
8031,fta_partner,safe_active,US,United States,https://ror.org/05pc4m625,Martin Luther College,active,5039173,New Ulm,Minnesota,44.31246,-94.46053,safe_active_exact_name_site_agreement
8032,fta_partner,review,US,United States,,,,,,,,,held-alias-without-clean-domain-agreement
8033,fta_partner,safe_active,US,United States,https://ror.org/04aaq2k96,Martin University,active,4259418,Indianapolis,Indiana,39.76838,-86.15804,safe_active_exact_name_site_agreement
8034,fta_partner,review,US,United States,,,,,,,,,held-alias-without-clean-domain-agreement
8035,fta_partner,unmatched,US,United States,,,,,,,,,unmatched
8036,fta_partner,safe_active,US,United States,https://ror.org/00vj8w868,Marygrove College,active,4990729,Detroit,Michigan,42.33143,-83.04575,safe_active_exact_name_site_agreement
8037,fta_partner,safe_active,US,United States,https://ror.org/05vyrqa83,Marylhurst University,active,5746545,Portland,Oregon,45.52345,-122.67621,safe_active_exact_name_site_agreement
8038,fta_partner,unmatched,US,United States,,,,,,,,,unmatched
8039,fta_partner,safe_active,US,United States,https://ror.org/000psz759,Marymount Manhattan College,active,5128581,New York,New York,40.71427,-74.00597,safe_active_exact_name_only
8040,fta_partner,safe_active,US,United States,https://ror.org/0008kv292,Marymount University,active,4744709,Arlington,Virginia,38.88101,-77.10428,safe_active_exact_name_site_agreement
8041,fta_partner,safe_active,US,United States,https://ror.org/04e602778,Maryville College,active,4639848,Maryville,Tennessee,35.75647,-83.97046,safe_active_exact_name_site_agreement
8042,fta_partner,unmatched,US,United States,,,,,,,,,unmatched
8043,fta_partner,unmatched,US,United States,,,,,,,,,unmatched
8044,fta_partner,safe_active,US,United States,https://ror.org/00vdhsr35,Marywood University,active,5211303,Scranton,Pennsylvania,41.40916,-75.6649,safe_active_exact_name_site_agreement
8045,fta_partner,review,US,United States,,,,,,,,,held_review_site_only
8046,fta_partner,safe_active,US,United States,https://ror.org/01ka28180,Massachusetts College of Liberal Arts,active,4945486,North Adams,Massachusetts,42.70092,-73.10871,safe_active_exact_name_only
8047,fta_partner,unmatched,US,United States,,,,,,,,,unmatched
8048,fta_partner,safe_active,US,United States,https://ror.org/042nb2s44,Massachusetts Institute of Technology,active,4931972,Cambridge,Massachusetts,42.3751,-71.10561,safe_active_exact_name_site_agreement
8049,fta_partner,safe_active,US,United States,https://ror.org/02jv9nh47,Massachusetts Maritime Academy,active,4931875,Buzzards Bay,Massachusetts,41.74538,-70.61809,safe_active_exact_name_only
8050,fta_partner,review,US,United States,,,,,,,,,held-alias-without-clean-domain-agreement
8051,fta_partner,unmatched,US,United States,,,,,,,,,unmatched
8052,fta_partner,unmatched,US,United States,,,,,,,,,unmatched
8053,fta_partner,safe_active,US,United States,https://ror.org/032knn732,Mayville State University,active,5060332,Mayville,North Dakota,47.49804,-97.32454,safe_active_exact_name_only
8054,fta_partner,safe_active,US,United States,https://ror.org/042z7qa37,McKendree University,active,4242790,Lebanon,Illinois,38.60394,-89.80732,safe_active_exact_name_site_agreement
8055,fta_partner,safe_active,US,United States,https://ror.org/045x76g34,McMurry University,active,4669635,Abilene,Texas,32.44874,-99.73314,safe_active_exact_name_only
8056,fta_partner,safe_active,US,United States,https://ror.org/00h04da97,McNeese State University,active,4330236,Lake Charles,Louisiana,30.21309,-93.2044,safe_active_exact_name_site_agreement
8057,fta_partner,safe_active,US,United States,https://ror.org/00d27f502,McPherson College,active,4275261,McPherson,Kansas,38.37084,-97.66421,safe_active_exact_name_site_agreement
8058,fta_partner,inactive_history,US,United States,,,,,,,,,held_inactive_exact_name
8059,fta_partner,unmatched,US,United States,,,,,,,,,unmatched
8060,fta_partner,unmatched,US,United States,,,,,,,,,unmatched
8061,fta_partner,unmatched,US,United States,,,,,,,,,unmatched
8062,fta_partner,unmatched,US,United States,,,,,,,,,unmatched
8063,fta_partner,safe_active,US,United States,https://ror.org/00qqv6244,Medical College of Wisconsin,active,5263045,Milwaukee,Wisconsin,43.0389,-87.90647,safe_active_exact_name_site_agreement
8064,fta_partner,safe_active,US,United States,https://ror.org/012jban78,Medical University of South Carolina,active,4574324,Charleston,South Carolina,32.77632,-79.93275,safe_active_exact_name_site_agreement
8065,fta_partner,safe_active,US,United States,https://ror.org/00k63dq23,Meharry Medical College,active,4644585,Nashville,Tennessee,36.16589,-86.78444,safe_active_exact_name_site_agreement
8066,fta_partner,safe_active,US,United States,https://ror.org/05fmdkk55,Memphis College of Art,active,4641239,Memphis,Tennessee,35.14953,-90.04898,safe_active_exact_name_site_agreement
8067,fta_partner,safe_active,US,United States,https://ror.org/0182em051,Menlo College,active,5325147,Atherton,California,37.46133,-122.19774,safe_active_exact_name_site_agreement
8068,fta_partner,unmatched,US,United States,,,,,,,,,unmatched
8069,fta_partner,review,US,United States,,,,,,,,,held_ambiguous_active_exact_name
8070,fta_partner,review,US,United States,,,,,,,,,held_review_site_only
8071,fta_partner,review,US,United States,,,,,,,,,held-alias-without-clean-domain-agreement
8072,fta_partner,safe_active,US,United States,https://ror.org/054kd6r74,Mercyhurst University,active,5188843,Erie,Pennsylvania,42.12922,-80.08506,safe_active_exact_name_site_agreement
8073,fta_partner,safe_active,US,United States,https://ror.org/02g0yj703,Meredith College,active,4487042,Raleigh,North Carolina,35.7721,-78.63861,safe_active_exact_name_site_agreement
8074,fta_partner,safe_active,US,United States,https://ror.org/00bqy3h17,Merrimack College,active,4832272,North Andover,Massachusetts,42.6987,-71.13506,safe_active_exact_name_site_agreement
8075,fta_partner,review,US,United States,,,,,,,,,held-alias-without-clean-domain-agreement
8076,fta_partner,safe_active,US,United States,https://ror.org/03wanmk11,Messiah University,active,5200657,Mechanicsburg,Pennsylvania,40.21426,-77.00859,safe_active_exact_name_site_agreement
8077,fta_partner,review,US,United States,,,,,,,,,held_ambiguous_active_exact_name
8078,fta_partner,unmatched,US,United States,,,,,,,,,unmatched
8079,fta_partner,safe_active,US,United States,https://ror.org/056rp9e47,Metropolitan State University,active,5045360,Saint Paul,Minnesota,44.94441,-93.09327,safe_active_exact_name_only
8080,fta_partner,unmatched,US,United States,,,,,,,,,unmatched
8081,fta_partner,safe_active,US,United States,https://ror.org/00rgbr518,Miami Dade College,active,4164138,Miami,Florida,25.77427,-80.19366,safe_active_exact_name_site_agreement
8082,fta_partner,unmatched,US,United States,,,,,,,,,unmatched
8083,fta_partner,unmatched,US,United States,,,,,,,,,unmatched
8084,fta_partner,unmatched,US,United States,,,,,,,,,unmatched
8085,fta_partner,safe_active,US,United States,https://ror.org/03c174j31,Michigan School of Professional Psychology,active,4992523,Farmington Hills,Michigan,42.48531,-83.37716,safe_active_exact_name_site_agreement
8086,fta_partner,safe_active,US,United States,https://ror.org/05hs6h993,Michigan State University,active,4991640,East Lansing,Michigan,42.73698,-84.48387,safe_active_exact_name_site_agreement
8087,fta_partner,safe_active,US,United States,https://ror.org/0036rpn28,Michigan Technological University,active,4996572,Houghton,Michigan,47.12187,-88.56901,safe_active_exact_name_site_agreement
8088,fta_partner,review,US,United States,,,,,,,,,held_review_site_only
8089,fta_partner,unmatched,US,United States,,,,,,,,,unmatched
8090,fta_partner,unmatched,US,United States,,,,,,,,,unmatched
8091,fta_partner,safe_active,US,United States,https://ror.org/0217hb928,Middlebury College,active,5238499,Middlebury (village),Vermont,44.01553,-73.16937,safe_active_exact_name_site_agreement
8092,fta_partner,safe_active,US,United States,https://ror.org/02n1hzn07,Middle Tennessee State University,active,4644312,Murfreesboro,Tennessee,35.84562,-86.39027,safe_active_exact_name_site_agreement
8093,fta_partner,review,US,United States,,,,,,,,,held-alias-without-clean-domain-agreement
8094,fta_partner,safe_active,US,United States,https://ror.org/05r94ab93,Midway University,active,4300739,Midway,Kentucky,38.15091,-84.68383,safe_active_exact_name_site_agreement
8095,fta_partner,safe_active,US,United States,https://ror.org/00t30ch44,Midwestern State University,active,4741752,Wichita Falls,Texas,33.91371,-98.49339,safe_active_exact_name_site_agreement
8096,fta_partner,review,US,United States,,,,,,,,,held_ambiguous_active_exact_name
8097,fta_partner,safe_active,US,United States,https://ror.org/04mdnw291,Miles College,active,4061206,Fairfield,Alabama,33.48594,-86.91194,safe_active_exact_name_site_agreement
8098,fta_partner,safe_active,US,United States,https://ror.org/04j68nv27,Millennia Atlantic University,active,4153471,Doral,Florida,25.81954,-80.35533,safe_active_exact_name_site_agreement
8099,fta_partner,unmatched,US,United States,,,,,,,,,unmatched
8100,fta_partner,safe_active,US,United States,https://ror.org/001ksx577,Milligan College,active,4662170,Tennessee Ridge,Tennessee,36.312,-87.77336,safe_active_exact_name_site_agreement
8101,fta_partner,safe_active,US,United States,https://ror.org/013bgdt24,Millikin University,active,4236895,Decatur,Illinois,39.84031,-88.9548,safe_active_exact_name_site_agreement
8102,fta_partner,safe_active,US,United States,https://ror.org/0494reh34,Millsaps College,active,4431410,Jackson,Mississippi,32.29876,-90.18481,safe_active_exact_name_site_agreement
8103,fta_partner,safe_active,US,United States,https://ror.org/01ynb8e46,Mills College,active,5378538,Oakland,California,37.80437,-122.2708,safe_active_exact_name_site_agreement
8104,fta_partner,unmatched,US,United States,,,,,,,,,unmatched
8105,fta_partner,safe_active,US,United States,https://ror.org/031ew8w25,Milwaukee Institute of Art & Design,active,5263045,Milwaukee,Wisconsin,43.0389,-87.90647,safe_active_exact_name_site_agreement
8106,fta_partner,safe_active,US,United States,https://ror.org/04h7cfr36,Milwaukee School of Engineering,active,5263045,Milwaukee,Wisconsin,43.0389,-87.90647,safe_active_exact_name_site_agreement
8107,fta_partner,safe_active,US,United States,https://ror.org/05mra7z37,Minneapolis College of Art and Design,active,5037649,Minneapolis,Minnesota,44.97997,-93.26384,safe_active_exact_name_site_agreement
8108,fta_partner,inactive_history,US,United States,,,,,,,,,held_inactive_exact_name
8109,fta_partner,unmatched,US,United States,,,,,,,,,unmatched
8110,fta_partner,safe_active,US,United States,https://ror.org/051j7cj03,Minot State University,active,5690532,Minot,North Dakota,48.23251,-101.29627,safe_active_exact_name_only
8111,fta_partner,safe_active,US,United States,https://ror.org/01p7j6t08,Mississippi College,active,4422133,Clinton,Mississippi,32.34153,-90.32176,safe_active_exact_name_site_agreement
8112,fta_partner,safe_active,US,United States,https://ror.org/0432jq872,Mississippi State University,active,4447161,Starkville,Mississippi,33.45049,-88.81961,safe_active_exact_name_site_agreement
8113,fta_partner,safe_active,US,United States,https://ror.org/01hs43g67,Mississippi University for Women,active,4422442,Columbus,Mississippi,33.49567,-88.42726,safe_active_exact_name_site_agreement
8114,fta_partner,safe_active,US,United States,https://ror.org/00rz5xc38,Mississippi Valley State University,active,4431280,Itta Bena,Mississippi,33.49512,-90.31981,safe_active_exact_name_site_agreement
8115,fta_partner,safe_active,US,United States,https://ror.org/05wfyqn93,Missouri Baptist University,active,4407066,St Louis,Missouri,38.62727,-90.19789,safe_active_exact_name_site_agreement
8116,fta_partner,review,US,United States,,,,,,,,,held-alias-without-clean-domain-agreement
8117,fta_partner,unmatched,US,United States,,,,,,,,,unmatched
8118,fta_partner,safe_active,US,United States,https://ror.org/00scwqd12,Missouri University of Science and Technology,active,4406282,Rolla,Missouri,37.95143,-91.77127,safe_active_exact_name_site_agreement
8119,fta_partner,safe_active,US,United States,https://ror.org/02msncq66,Missouri Valley College,active,4397211,Marshall,Missouri,39.12308,-93.19687,safe_active_exact_name_only
8120,fta_partner,unmatched,US,United States,,,,,,,,,unmatched
8121,fta_partner,safe_active,US,United States,https://ror.org/0277z0p27,Molloy College,active,5134203,Rockville Centre,New York,40.65871,-73.64124,safe_active_exact_name_site_agreement
8122,fta_partner,safe_active,US,United States,https://ror.org/01d6qxv05,Monmouth University,active,5106275,West Long Branch,New Jersey,40.29039,-74.01764,safe_active_exact_name_site_agreement
8123,fta_partner,safe_active,US,United States,https://ror.org/02w0trx84,Montana State University,active,5641727,Bozeman,Montana,45.67965,-111.03856,safe_active_exact_name_site_agreement
8124,fta_partner,safe_active,US,United States,https://ror.org/01tj58m37,Montana State University Billings,active,5640350,Billings,Montana,45.78329,-108.50069,safe_active_exact_name_site_agreement
8125,fta_partner,safe_active,US,United States,https://ror.org/04ygywa46,Montana State University–Northern,active,5656497,Havre,Montana,48.55,-109.68409,safe_active_exact_name_site_agreement
8126,fta_partner,safe_active,US,United States,https://ror.org/03ttqt747,Montana Technological University,active,5642934,Butte,Montana,46.00382,-112.53474,safe_active_exact_name_site_agreement
8127,fta_partner,safe_active,US,United States,https://ror.org/01nxc2t48,Montclair State University,active,5101334,Montclair,New Jersey,40.82593,-74.20903,safe_active_exact_name_site_agreement
8128,fta_partner,review,US,United States,,,,,,,,,held-alias-without-clean-domain-agreement
8129,fta_partner,safe_active,US,United States,https://ror.org/0330w1668,Montreat College,active,4453066,Asheville,North Carolina,35.60095,-82.55402,safe_active_exact_name_site_agreement
8130,fta_partner,safe_active,US,United States,https://ror.org/03c9c1383,Montserrat College of Art,active,4930511,Beverly Cove,Massachusetts,42.55343,-70.85366,safe_active_exact_name_site_agreement
8131,fta_partner,safe_active,US,United States,https://ror.org/05wffnp93,Moody Bible Institute,active,4887398,Chicago,Illinois,41.85003,-87.65005,safe_active_exact_name_site_agreement
8132,fta_partner,safe_active,US,United States,https://ror.org/01nh53a98,Moore College of Art and Design,active,4560349,Philadelphia,Pennsylvania,39.95238,-75.16362,safe_active_exact_name_site_agreement
8133,fta_partner,review,US,United States,,,,,,,,,held-alias-without-clean-domain-agreement
8134,fta_partner,safe_active,US,United States,https://ror.org/02revdf05,Moraine Valley Community College,active,4905263,Palos Hills,Illinois,41.6967,-87.817,safe_active_exact_name_site_agreement
8135,fta_partner,safe_active,US,United States,https://ror.org/048gkf592,Moravian University,active,5180225,Bethlehem,Pennsylvania,40.62593,-75.37046,safe_active_exact_name_site_agreement
8136,fta_partner,safe_active,US,United States,https://ror.org/018yta094,Morehead State University,active,4301307,Morehead,Kentucky,38.18397,-83.43268,safe_active_exact_name_only
8137,fta_partner,safe_active,US,United States,https://ror.org/02y9g2b52,Morehouse College,active,4180439,Atlanta,Georgia,33.749,-84.38798,safe_active_exact_name_site_agreement
8138,fta_partner,safe_active,US,United States,https://ror.org/01pbhra64,Morehouse School of Medicine,active,4180439,Atlanta,Georgia,33.749,-84.38798,safe_active_exact_name_site_agreement
8139,fta_partner,safe_active,US,United States,https://ror.org/017d8gk22,Morgan State University,active,4347778,Baltimore,Maryland,39.29038,-76.61219,safe_active_exact_name_site_agreement
8140,fta_partner,safe_active,US,United States,https://ror.org/05p556071,Morningside College,active,4876523,Sioux City,Iowa,42.49999,-96.40031,safe_active_exact_name_site_agreement
8141,fta_partner,safe_active,US,United States,https://ror.org/01cnxmm67,Morris Brown College,active,4180439,Atlanta,Georgia,33.749,-84.38798,safe_active_exact_name_site_agreement
8142,fta_partner,safe_active,US,United States,https://ror.org/05d3sbc55,Morris College,active,4597948,Sumter,South Carolina,33.92044,-80.34147,safe_active_exact_name_only
8143,fta_partner,unmatched,US,United States,,,,,,,,,unmatched
8144,fta_partner,unmatched,US,United States,,,,,,,,,unmatched
8145,fta_partner,safe_active,US,United States,https://ror.org/03gappd85,Mount Aloysius College,active,5185861,Cresson,Pennsylvania,40.45979,-78.59168,safe_active_exact_name_site_agreement
8146,fta_partner,safe_active,US,United States,https://ror.org/003fgzm76,Mount Carmel College of Nursing,active,4509177,Columbus,Ohio,39.96118,-82.99879,safe_active_exact_name_site_agreement
8147,fta_partner,safe_active,US,United States,https://ror.org/031z8pr38,Mount Holyoke College,active,4951397,South Hadley,Massachusetts,42.25842,-72.57453,safe_active_exact_name_site_agreement
8148,fta_partner,safe_active,US,United States,https://ror.org/04yz5fm13,Mount Ida College,active,4945283,Newton,Massachusetts,42.33704,-71.20922,safe_active_exact_name_site_agreement
8149,fta_partner,safe_active,US,United States,https://ror.org/00wc5s136,Mount Marty College,active,5233053,Yankton,South Dakota,42.87111,-97.39728,safe_active_exact_name_site_agreement
8150,fta_partner,safe_active,US,United States,https://ror.org/02qr05d85,Mount Mary University,active,5263045,Milwaukee,Wisconsin,43.0389,-87.90647,safe_active_exact_name_site_agreement
8151,fta_partner,review,US,United States,,,,,,,,,held_review_site_only
8152,fta_partner,unmatched,US,United States,,,,,,,,,unmatched
8153,fta_partner,unmatched,US,United States,,,,,,,,,unmatched
8154,fta_partner,safe_active,US,United States,https://ror.org/04a9tmd77,Icahn School of Medicine at Mount Sinai,active,5128581,New York,New York,40.71427,-74.00597,safe_active_exact_name_site_agreement
8155,fta_partner,unmatched,US,United States,,,,,,,,,unmatched
8156,fta_partner,review,US,United States,,,,,,,,,held_review_site_only
8157,fta_partner,unmatched,US,United States,,,,,,,,,unmatched
8158,fta_partner,review,US,United States,,,,,,,,,held_review_site_only
8159,fta_partner,review,US,United States,,,,,,,,,held_review_site_only
8160,fta_partner,review,US,United States,,,,,,,,,held_review_site_only
8161,fta_partner,unmatched,US,United States,,,,,,,,,unmatched
8162,fta_partner,safe_active,US,United States,https://ror.org/03cqsth74,Muhlenberg College,active,5178127,Allentown,Pennsylvania,40.60843,-75.49018,safe_active_exact_name_only
8163,fta_partner,safe_active,US,United States,https://ror.org/01qzkbq71,Multnomah University,active,5746545,Portland,Oregon,45.52345,-122.67621,safe_active_exact_name_site_agreement
8164,fta_partner,safe_active,US,United States,https://ror.org/01fmwcn13,Murray State University,active,4302035,Murray,Kentucky,36.61033,-88.31476,safe_active_exact_name_only
8165,fta_partner,safe_active,US,United States,https://ror.org/046410650,Muskingum University,active,4519510,New Concord,Ohio,39.99368,-81.73402,safe_active_exact_name_site_agreement
8166,fta_partner,unmatched,US,United States,,,,,,,,,unmatched
8167,fta_partner,safe_active,US,United States,https://ror.org/00qnd3z77,National American University,active,5768233,Rapid City,South Dakota,44.08054,-103.23101,safe_active_exact_name_site_agreement
8168,fta_partner,review,US,United States,,,,,,,,,held_review_site_only
8169,fta_partner,review,US,United States,,,,,,,,,held_review_site_only
8170,fta_partner,review,US,United States,,,,,,,,,held_review_site_only
8171,fta_partner,review,US,United States,,,,,,,,,held_review_site_only
8172,fta_partner,review,US,United States,,,,,,,,,held_review_site_only
8173,fta_partner,review,US,United States,,,,,,,,,held_review_site_only
8174,fta_partner,unmatched,US,United States,,,,,,,,,unmatched
8175,fta_partner,review,US,United States,,,,,,,,,held-alias-without-clean-domain-agreement
8176,fta_partner,safe_active,US,United States,https://ror.org/01nqk4x38,National Defense University,active,4140963,Washington,District of Columbia,38.89511,-77.03637,safe_active_exact_name_site_agreement
8177,fta_partner,safe_active,US,United States,https://ror.org/04zbkyt39,National Hispanic University,active,5392171,San Jose,California,37.33939,-121.89496,safe_active_exact_name_site_agreement
8178,fta_partner,safe_active,US,United States,https://ror.org/0374c0d66,National Louis University,active,4887398,Chicago,Illinois,41.85003,-87.65005,safe_active_exact_name_site_agreement
8179,fta_partner,unmatched,US,United States,,,,,,,,,unmatched
8180,fta_partner,unmatched,US,United States,,,,,,,,,unmatched
8181,fta_partner,safe_active,US,United States,https://ror.org/01zjrck77,National University,active,5363943,La Jolla,California,32.84727,-117.2742,safe_active_exact_name_site_agreement
8182,fta_partner,safe_active,US,United States,https://ror.org/033yfkj90,Naval Postgraduate School,active,5374361,Monterey,California,36.60024,-121.89468,safe_active_exact_name_only
8183,fta_partner,safe_active,US,United States,https://ror.org/05q8ckj10,Nazarene Bible College,active,5417598,Colorado Springs,Colorado,38.83388,-104.82136,safe_active_exact_name_site_agreement
8184,fta_partner,review,US,United States,,,,,,,,,held_ambiguous_active_exact_name
8185,fta_partner,safe_active,US,United States,https://ror.org/02ctkg564,Nebraska Christian College,active,5074792,Papillion,Nebraska,41.15444,-96.04224,safe_active_exact_name_site_agreement
8186,fta_partner,safe_active,US,United States,https://ror.org/02cj8qz82,Nebraska Methodist College,active,5074472,Omaha,Nebraska,41.25626,-95.94043,safe_active_exact_name_site_agreement
8187,fta_partner,safe_active,US,United States,https://ror.org/03xp4dz54,Nebraska Wesleyan University,active,5072006,Lincoln,Nebraska,40.8,-96.66696,safe_active_exact_name_site_agreement
8188,fta_partner,review,US,United States,,,,,,,,,held_review_site_only
8189,fta_partner,safe_active,US,United States,https://ror.org/0577pn814,Newberry College,active,4589207,Newberry,South Carolina,34.27458,-81.61872,safe_active_exact_name_site_agreement
8190,fta_partner,unmatched,US,United States,,,,,,,,,unmatched
8191,fta_partner,safe_active,US,United States,https://ror.org/01cbya385,New College of Florida,active,4172131,Sarasota,Florida,27.33643,-82.53065,safe_active_exact_name_site_agreement
8192,fta_partner,safe_active,US,United States,https://ror.org/059aewc73,New England College,active,5087365,Henniker,New Hampshire,43.1798,-71.8223,safe_active_exact_name_site_agreement
8193,fta_partner,safe_active,US,United States,https://ror.org/02t110213,New England College of Optometry,active,4930956,Boston,Massachusetts,42.35843,-71.05977,safe_active_exact_name_only
8194,fta_partner,safe_active,US,United States,https://ror.org/04v5m9m10,New England Conservatory of Music,active,4930956,Boston,Massachusetts,42.35843,-71.05977,safe_active_exact_name_only
8195,fta_partner,safe_active,US,United States,https://ror.org/05pmf3t53,New England Institute of Technology,active,5221875,East Greenwich,Rhode Island,41.66038,-71.45589,safe_active_exact_name_site_agreement
8196,fta_partner,review,US,United States,,,,,,,,,held_review_site_only
8197,fta_partner,unmatched,US,United States,,,,,,,,,unmatched
8198,fta_partner,safe_active,US,United States,https://ror.org/019mrv168,New England Law,active,4930956,Boston,Massachusetts,42.35843,-71.05977,safe_active_exact_name_site_agreement
8199,fta_partner,unmatched,US,United States,,,,,,,,,unmatched
8200,fta_partner,safe_active,US,United States,https://ror.org/0546wew42,New Jersey City University,active,5099836,Jersey City,New Jersey,40.72816,-74.07764,safe_active_exact_name_site_agreement
8201,fta_partner,safe_active,US,United States,https://ror.org/05e74xb87,New Jersey Institute of Technology,active,5101798,Newark,New Jersey,40.73566,-74.17237,safe_active_exact_name_site_agreement
8202,fta_partner,safe_active,US,United States,https://ror.org/0038gz437,Newman University,active,4281730,Wichita,Kansas,37.69224,-97.33754,safe_active_exact_name_only
8203,fta_partner,safe_active,US,United States,https://ror.org/016tyxe19,New Mexico Highlands University,active,5475433,Las Vegas,New Mexico,35.59393,-105.2239,safe_active_exact_name_site_agreement
8204,fta_partner,safe_active,US,United States,https://ror.org/005p9kw61,New Mexico Institute of Mining and Technology,active,5491999,Socorro,New Mexico,34.0584,-106.89142,safe_active_exact_name_site_agreement
8205,fta_partner,safe_active,US,United States,https://ror.org/00hpz7z43,New Mexico State University,active,5475352,Las Cruces,New Mexico,32.31232,-106.77834,safe_active_exact_name_site_agreement
8206,fta_partner,safe_active,US,United States,https://ror.org/05jn4y223,NewSchool of Architecture and Design,active,5391811,San Diego,California,32.71571,-117.16472,safe_active_exact_name_site_agreement
8207,fta_partner,review,US,United States,,,,,,,,,held_review_site_only
8208,fta_partner,safe_active,US,United States,https://ror.org/054ztz556,New York Chiropractic College,active,5137622,Seneca Falls,New York,42.91062,-76.79662,safe_active_exact_name_site_agreement
8209,fta_partner,safe_active,US,United States,https://ror.org/004q7z165,New York College of Podiatric Medicine,active,5128581,New York,New York,40.71427,-74.00597,safe_active_exact_name_site_agreement
8210,fta_partner,safe_active,US,United States,https://ror.org/01pckwj65,New York Film Academy,active,5128581,New York,New York,40.71427,-74.00597,safe_active_exact_name_site_agreement
8211,fta_partner,safe_active,US,United States,https://ror.org/01bghzb51,New York Institute of Technology,active,5128581,New York,New York,40.71427,-74.00597,safe_active_exact_name_site_agreement
8212,fta_partner,safe_active,US,United States,https://ror.org/011yp0a52,New York Law School,active,5128581,New York,New York,40.71427,-74.00597,safe_active_exact_name_site_agreement
8213,fta_partner,safe_active,US,United States,https://ror.org/03dkvy735,New York Medical College,active,5142090,Valhalla,New York,41.07482,-73.77513,safe_active_exact_name_site_agreement
8214,fta_partner,safe_active,US,United States,https://ror.org/02a1nbm25,New York School of Interior Design,active,5128581,New York,New York,40.71427,-74.00597,safe_active_exact_name_site_agreement
8215,fta_partner,safe_active,US,United States,https://ror.org/0190ak572,New York University,active,5128581,New York,New York,40.71427,-74.00597,safe_active_exact_name_site_agreement
8216,fta_partner,safe_active,US,United States,https://ror.org/05309tf52,Niagara University,active,5124307,Lewiston,New York,43.17256,-79.03588,safe_active_exact_name_site_agreement
8217,fta_partner,safe_active,US,United States,https://ror.org/04pq5x672,Nicholls State University,active,4343429,Thibodaux,Louisiana,29.79576,-90.82287,safe_active_exact_name_site_agreement
8218,fta_partner,safe_active,US,United States,https://ror.org/03tx62s72,Nichols College,active,4935125,Dudley,Massachusetts,42.0451,-71.93007,safe_active_exact_name_site_agreement
8219,fta_partner,safe_active,US,United States,https://ror.org/030pydv62,Norfolk State University,active,4776222,Norfolk,Virginia,36.84681,-76.28522,safe_active_exact_name_site_agreement
8220,fta_partner,safe_active,US,United States,https://ror.org/02aze4h65,North Carolina Agricultural and Technical State University,active,4469146,Greensboro,North Carolina,36.07264,-79.79198,safe_active_exact_name_site_agreement
8221,fta_partner,safe_active,US,United States,https://ror.org/051r3tx83,North Carolina Central University,active,4464368,Durham,North Carolina,35.99403,-78.89862,safe_active_exact_name_site_agreement
8222,fta_partner,review,US,United States,,,,,,,,,held-alias-without-clean-domain-agreement
8223,fta_partner,safe_active,US,United States,https://ror.org/04tj63d06,North Carolina State University,active,4487042,Raleigh,North Carolina,35.7721,-78.63861,safe_active_exact_name_site_agreement
8224,fta_partner,safe_active,US,United States,https://ror.org/05x8hy709,North Carolina Wesleyan College,active,4488762,Rocky Mount,North Carolina,35.93821,-77.79053,safe_active_exact_name_site_agreement
8225,fta_partner,unmatched,US,United States,,,,,,,,,unmatched
8226,fta_partner,safe_active,US,United States,https://ror.org/02ehan050,North Central College,active,4903279,Naperville,Illinois,41.78586,-88.14729,safe_active_exact_name_only
8227,fta_partner,safe_active,US,United States,https://ror.org/04xf6c905,Northcentral University,active,5391811,San Diego,California,32.71571,-117.16472,safe_active_exact_name_site_agreement
8228,fta_partner,safe_active,US,United States,https://ror.org/05h1bnb22,North Dakota State University,active,5059163,Fargo,North Dakota,46.87719,-96.7898,safe_active_exact_name_only
8229,fta_partner,safe_active,US,United States,https://ror.org/04edns687,Northeastern Illinois University,active,4887398,Chicago,Illinois,41.85003,-87.65005,safe_active_exact_name_site_agreement
8230,fta_partner,unmatched,US,United States,,,,,,,,,unmatched
8231,fta_partner,safe_active,US,United States,https://ror.org/01z7kzb45,Northeastern State University,active,4552707,Tahlequah,Oklahoma,35.91537,-94.96996,safe_active_exact_name_site_agreement
8232,fta_partner,safe_active,US,United States,https://ror.org/04t5xt781,Northeastern University,active,4930956,Boston,Massachusetts,42.35843,-71.05977,safe_active_exact_name_only
8233,fta_partner,safe_active,US,United States,https://ror.org/0272j5188,Northern Arizona University,active,5294810,Flagstaff,Arizona,35.19807,-111.65127,safe_active_exact_name_site_agreement
8234,fta_partner,safe_active,US,United States,https://ror.org/012wxa772,Northern Illinois University,active,4889553,DeKalb,Illinois,41.92947,-88.75036,safe_active_exact_name_site_agreement
8235,fta_partner,safe_active,US,United States,https://ror.org/01k44g025,Northern Kentucky University,active,4294788,Highland Heights,Kentucky,39.03312,-84.45189,safe_active_exact_name_site_agreement
8236,fta_partner,safe_active,US,United States,https://ror.org/01epvyf46,Northern Michigan University,active,5000947,Marquette,Michigan,46.54354,-87.39542,safe_active_exact_name_site_agreement
8237,fta_partner,safe_active,US,United States,https://ror.org/01kwgrb31,Northern State University,active,5225857,Aberdeen,South Dakota,45.4647,-98.48648,safe_active_exact_name_site_agreement
8238,fta_partner,safe_active,US,United States,https://ror.org/04wzh0d51,Northern Virginia Community College,active,4744468,Annandale,Virginia,38.83039,-77.19637,safe_active_exact_name_only
8239,fta_partner,unmatched,US,United States,,,,,,,,,unmatched
8240,fta_partner,unmatched,US,United States,,,,,,,,,unmatched
8241,fta_partner,unmatched,US,United States,,,,,,,,,unmatched
8242,fta_partner,safe_active,US,United States,https://ror.org/01hmaf534,Northland College,active,5244247,Ashland,Wisconsin,46.59244,-90.8838,safe_active_exact_name_site_agreement
8243,fta_partner,safe_active,US,United States,https://ror.org/004sxt390,North Park University,active,4887398,Chicago,Illinois,41.85003,-87.65005,safe_active_exact_name_site_agreement
8244,fta_partner,review,US,United States,,,,,,,,,held_review_site_only
8245,fta_partner,unmatched,US,United States,,,,,,,,,unmatched
8246,fta_partner,safe_active,US,United States,https://ror.org/05x31d492,Northwestern College - Iowa,active,4870083,Orange City,Iowa,43.00721,-96.05835,safe_active_exact_name_site_agreement
8247,fta_partner,unmatched,US,United States,,,,,,,,,unmatched
8248,fta_partner,review,US,United States,,,,,,,,,held_review_site_only
8249,fta_partner,safe_active,US,United States,https://ror.org/02mr7vz40,Northwestern Oklahoma State University,active,4529308,Alva,Oklahoma,36.80499,-98.66718,safe_active_exact_name_only
8250,fta_partner,review,US,United States,,,,,,,,,held_review_site_only
8251,fta_partner,safe_active,US,United States,https://ror.org/000e0be47,Northwestern University,active,4891382,Evanston,Illinois,42.04114,-87.69006,safe_active_exact_name_only
8252,fta_partner,safe_active,US,United States,https://ror.org/05maved80,Northwest Missouri State University,active,5056172,Maryville,Missouri,40.3461,-94.87247,safe_active_exact_name_site_agreement
8253,fta_partner,safe_active,US,United States,https://ror.org/01bry7z39,Northwest Nazarene University,active,5601933,Nampa,Idaho,43.54072,-116.56346,safe_active_exact_name_site_agreement
8254,fta_partner,safe_active,US,United States,https://ror.org/00y7snj24,Northwest University,active,5799841,Kirkland,Washington,47.68149,-122.20874,safe_active_exact_name_site_agreement
8255,fta_partner,safe_active,US,United States,https://ror.org/01hk15q16,Northwood University,active,5001929,Midland,Michigan,43.61558,-84.24721,safe_active_exact_name_site_agreement
8256,fta_partner,review,US,United States,,,,,,,,,held_review_site_only
8257,fta_partner,review,US,United States,,,,,,,,,held_review_site_only
8258,fta_partner,safe_active,US,United States,https://ror.org/04we7d902,Norwich University,active,5239281,Northfield,Vermont,44.15117,-72.6565,safe_active_exact_name_site_agreement
8259,fta_partner,safe_active,US,United States,https://ror.org/02wmjtd85,Notre Dame College,active,5172485,South Euclid,Ohio,41.52311,-81.51846,safe_active_exact_name_only
8260,fta_partner,review,US,United States,,,,,,,,,held-alias-without-clean-domain-agreement
8261,fta_partner,safe_active,US,United States,https://ror.org/03qvjfg54,Notre Dame de Namur University,active,5327455,Belmont,California,37.52021,-122.2758,safe_active_exact_name_site_agreement
8262,fta_partner,safe_active,US,United States,https://ror.org/042bbge36,Nova Southeastern University,active,4155966,Fort Lauderdale,Florida,26.12231,-80.14338,safe_active_exact_name_site_agreement
8263,fta_partner,inactive_history,US,United States,,,,,,,,,held_inactive_exact_name
8264,fta_partner,safe_active,US,United States,https://ror.org/0453rg493,Oakland City University,active,4262425,Oakland City,Indiana,38.33866,-87.34501,safe_active_exact_name_site_agreement
8265,fta_partner,safe_active,US,United States,https://ror.org/01ythxj32,Oakland University,active,5007400,Rochester,Michigan,42.68059,-83.13382,safe_active_exact_name_site_agreement
8266,fta_partner,safe_active,US,United States,https://ror.org/020bcb226,Oakton Community College,active,4889772,Des Plaines,Illinois,42.03336,-87.8834,safe_active_exact_name_site_agreement
8267,fta_partner,review,US,United States,,,,,,,,,held_review_site_only
8268,fta_partner,safe_active,US,United States,https://ror.org/05ac26z88,Oberlin College,active,5165445,Oberlin,Ohio,41.29394,-82.21738,safe_active_exact_name_site_agreement
8269,fta_partner,safe_active,US,United States,https://ror.org/01mxmpy39,Occidental College,active,5368361,Los Angeles,California,34.05223,-118.24368,safe_active_exact_name_site_agreement
8270,fta_partner,safe_active,US,United States,https://ror.org/012y1mj37,Oglala Lakota College,active,5767610,Oglala,South Dakota,43.18859,-102.73962,safe_active_exact_name_site_agreement
8271,fta_partner,safe_active,US,United States,https://ror.org/05rvey468,Oglethorpe University,active,4180439,Atlanta,Georgia,33.749,-84.38798,safe_active_exact_name_site_agreement
8272,fta_partner,unmatched,US,United States,,,,,,,,,unmatched
8273,fta_partner,unmatched,US,United States,,,,,,,,,unmatched
8274,fta_partner,safe_active,US,United States,https://ror.org/052963a64,Ohio Northern University,active,5145374,Ada,Ohio,40.7695,-83.82271,safe_active_exact_name_site_agreement
8275,fta_partner,unmatched,US,United States,,,,,,,,,unmatched
8276,fta_partner,unmatched,US,United States,,,,,,,,,unmatched
8277,fta_partner,unmatched,US,United States,,,,,,,,,unmatched
8278,fta_partner,unmatched,US,United States,,,,,,,,,unmatched
8279,fta_partner,unmatched,US,United States,,,,,,,,,unmatched
8280,fta_partner,safe_active,US,United States,https://ror.org/01jr3y717,Ohio University,active,4505542,Athens,Ohio,39.32924,-82.10126,safe_active_exact_name_only
8281,fta_partner,safe_active,US,United States,https://ror.org/05fxqx152,Ohio University Chillicothe,active,4828890,Chillicothe,Ohio,39.33312,-82.9824,safe_active_exact_name_only
8282,fta_partner,safe_active,US,United States,https://ror.org/006hbbw23,Ohio University Eastern,active,5169130,Saint Clairsville,Ohio,40.08063,-80.90009,safe_active_exact_name_only
8283,fta_partner,safe_active,US,United States,https://ror.org/03kf4rc21,Ohio University Lancaster,active,4516233,Lancaster,Ohio,39.71368,-82.59933,safe_active_exact_name_only
8284,fta_partner,safe_active,US,United States,https://ror.org/039eaqm23,Ohio University Southern,active,4515247,Ironton,Ohio,38.53675,-82.68294,safe_active_exact_name_only
8285,fta_partner,safe_active,US,United States,https://ror.org/05qv7ha25,Ohio University Zanesville,active,4528923,Zanesville,Ohio,39.94035,-82.01319,safe_active_exact_name_only
8286,fta_partner,review,US,United States,,,,,,,,,held-alias-without-clean-domain-agreement
8287,fta_partner,safe_active,US,United States,https://ror.org/02qj9qr34,Ohio Wesleyan University,active,5151891,Delaware,Ohio,40.29867,-83.06797,safe_active_exact_name_site_agreement
8288,fta_partner,safe_active,US,United States,https://ror.org/04nwm7739,Oklahoma Baptist University,active,4551177,Shawnee,Oklahoma,35.32729,-96.9253,safe_active_exact_name_site_agreement
8289,fta_partner,safe_active,US,United States,https://ror.org/02vbtbv10,Oklahoma Christian University,active,4535740,Edmond,Oklahoma,35.65283,-97.4781,safe_active_exact_name_site_agreement
8290,fta_partner,safe_active,US,United States,https://ror.org/02bs0cv29,Oklahoma City University,active,4544349,Oklahoma City,Oklahoma,35.46756,-97.51643,safe_active_exact_name_site_agreement
8291,fta_partner,safe_active,US,United States,https://ror.org/0446zdv37,Oklahoma Panhandle State University,active,5515734,Goodwell,Oklahoma,36.5953,-101.63655,safe_active_exact_name_site_agreement
8292,fta_partner,review,US,United States,,,,,,,,,held_site_name_conflict
8293,fta_partner,unmatched,US,United States,,,,,,,,,unmatched
8294,fta_partner,safe_active,US,United States,https://ror.org/04eqy7d03,Oklahoma State University Institute of Technology,active,4544383,Okmulgee,Oklahoma,35.62344,-95.96055,safe_active_exact_name_site_agreement
8295,fta_partner,safe_active,US,United States,https://ror.org/03y1zyv86,Oklahoma State University Oklahoma City,active,4544349,Oklahoma City,Oklahoma,35.46756,-97.51643,safe_active_exact_name_site_agreement
8296,fta_partner,review,US,United States,,,,,,,,,held_review_site_only
8297,fta_partner,safe_active,US,United States,https://ror.org/04zjtrb98,Old Dominion University,active,4776222,Norfolk,Virginia,36.84681,-76.28522,safe_active_exact_name_site_agreement
8298,fta_partner,safe_active,US,United States,https://ror.org/01wsre374,Olive–Harvey College,active,4887398,Chicago,Illinois,41.85003,-87.65005,safe_active_exact_name_site_agreement
8299,fta_partner,safe_active,US,United States,https://ror.org/0499es143,Olivet College,active,5004454,Olivet,Michigan,42.44143,-84.92415,safe_active_exact_name_site_agreement
8300,fta_partner,safe_active,US,United States,https://ror.org/038nb9c73,Olivet Nazarene University,active,4885342,Bourbonnais,Illinois,41.15376,-87.88754,safe_active_exact_name_site_agreement
8301,fta_partner,safe_active,US,United States,https://ror.org/012fga139,O'More College of Design,active,4623560,Franklin,Tennessee,35.92506,-86.86889,safe_active_exact_name_site_agreement
8302,fta_partner,safe_active,US,United States,https://ror.org/058hnhf91,Oral Roberts University,active,4553433,Tulsa,Oklahoma,36.15398,-95.99277,safe_active_exact_name_site_agreement
8303,fta_partner,review,US,United States,,,,,,,,,held_review_site_only
8304,fta_partner,unmatched,US,United States,,,,,,,,,unmatched
8305,fta_partner,safe_active,US,United States,https://ror.org/009avj582,Oregon Health & Science University,active,5746545,Portland,Oregon,45.52345,-122.67621,safe_active_exact_name_site_agreement
8306,fta_partner,safe_active,US,United States,https://ror.org/03c36x865,Oregon Institute of Technology,active,5735238,Klamath Falls,Oregon,42.22487,-121.78167,safe_active_exact_name_site_agreement
8307,fta_partner,safe_active,US,United States,https://ror.org/00ysfqy60,Oregon State University,active,5720727,Corvallis,Oregon,44.56457,-123.26204,safe_active_exact_name_only
8308,fta_partner,safe_active,US,United States,https://ror.org/01qs45p40,Otis College of Art and Design,active,5368361,Los Angeles,California,34.05223,-118.24368,safe_active_exact_name_only
8309,fta_partner,safe_active,US,United States,https://ror.org/04jscf286,Ottawa University,active,4276816,Ottawa,Kansas,38.61557,-95.26775,safe_active_exact_name_site_agreement
8310,fta_partner,review,US,United States,,,,,,,,,held_review_site_only
8311,fta_partner,safe_active,US,United States,https://ror.org/044r07286,Ouachita Baptist University,active,4099647,Arkadelphia,Arkansas,34.12093,-93.05378,safe_active_exact_name_site_agreement
8312,fta_partner,review,US,United States,,,,,,,,,held-alias-without-clean-domain-agreement
8313,fta_partner,safe_active,US,United States,https://ror.org/029wb5j17,Our Lady of the Lake University,active,4726206,San Antonio,Texas,29.42412,-98.49363,safe_active_exact_name_site_agreement
8314,fta_partner,safe_active,US,United States,https://ror.org/05ezpsg97,Ozark Christian College,active,4392768,Joplin,Missouri,37.08423,-94.51328,safe_active_exact_name_site_agreement
8315,fta_partner,safe_active,US,United States,https://ror.org/047p7y759,Pace University,active,5128581,New York,New York,40.71427,-74.00597,safe_active_exact_name_site_agreement
8316,fta_partner,review,US,United States,,,,,,,,,held_review_site_only
8317,fta_partner,safe_active,US,United States,https://ror.org/011bhgb43,Pacifica Graduate Institute,active,5334423,Carpinteria,California,34.39888,-119.51846,safe_active_exact_name_site_agreement
8318,fta_partner,safe_active,US,United States,https://ror.org/05p275942,Pacific College of Oriental Medicine,active,5391811,San Diego,California,32.71571,-117.16472,safe_active_exact_name_only
8319,fta_partner,unmatched,US,United States,,,,,,,,,unmatched
8320,fta_partner,safe_active,US,United States,https://ror.org/01vh5nd96,Pacific Lutheran University,active,5812944,Tacoma,Washington,47.25288,-122.44429,safe_active_exact_name_site_agreement
8321,fta_partner,safe_active,US,United States,https://ror.org/04sr9vb86,Pacific Northwest College of Art,active,5746545,Portland,Oregon,45.52345,-122.67621,safe_active_exact_name_site_agreement
8322,fta_partner,safe_active,US,United States,https://ror.org/02pj6m510,Pacific Oaks College,active,5381396,Pasadena,California,34.14778,-118.14452,safe_active_exact_name_site_agreement
8323,fta_partner,safe_active,US,United States,https://ror.org/0576nnr74,Pacific Union College,active,5324040,Angwin,California,38.57574,-122.44998,safe_active_exact_name_site_agreement
8324,fta_partner,safe_active,US,United States,https://ror.org/059z5w858,Pacific University,active,5727190,Forest Grove,Oregon,45.51984,-123.11066,safe_active_exact_name_site_agreement
8325,fta_partner,unmatched,US,United States,,,,,,,,,unmatched
8326,fta_partner,safe_active,US,United States,https://ror.org/00hveka38,Paine College,active,4180531,Augusta,Georgia,33.47097,-81.97484,safe_active_exact_name_site_agreement
8327,fta_partner,safe_active,US,United States,https://ror.org/04hexmg17,Palm Beach Atlantic University,active,4177887,West Palm Beach,Florida,26.71534,-80.05337,safe_active_exact_name_site_agreement
8328,fta_partner,safe_active,US,United States,https://ror.org/02t3wzq80,Palm Beach State College,active,4161422,Lake Worth,Florida,26.61708,-80.07231,safe_active_exact_name_site_agreement
8329,fta_partner,safe_active,US,United States,https://ror.org/02yta1w47,Palmer College of Chiropractic,active,4853423,Davenport,Iowa,41.52364,-90.57764,safe_active_exact_name_site_agreement
8330,fta_partner,review,US,United States,,,,,,,,,held_review_site_only
8331,fta_partner,review,US,United States,,,,,,,,,held_review_site_only
8332,fta_partner,safe_active,US,United States,https://ror.org/02cmz8k74,Parsons School of Design,active,5128581,New York,New York,40.71427,-74.00597,safe_active_exact_name_only
8333,fta_partner,safe_active,US,United States,https://ror.org/03v2fas56,Paul Quinn College,active,4684888,Dallas,Texas,32.78306,-96.80667,safe_active_exact_name_site_agreement
8334,fta_partner,safe_active,US,United States,https://ror.org/04j59hx92,William Peace University,active,4487042,Raleigh,North Carolina,35.7721,-78.63861,safe_active_exact_name_site_agreement
8335,fta_partner,unmatched,US,United States,,,,,,,,,unmatched
8336,fta_partner,unmatched,US,United States,,,,,,,,,unmatched
8337,fta_partner,unmatched,US,United States,,,,,,,,,unmatched
8338,fta_partner,safe_active,US,United States,https://ror.org/02zmzxn38,Pennsylvania Institute of Technology,active,4559575,Media,Pennsylvania,39.91678,-75.38769,safe_active_exact_name_site_agreement
8339,fta_partner,safe_active,US,United States,https://ror.org/04p491231,Pennsylvania State University,active,5213681,State College,Pennsylvania,40.79339,-77.86,safe_active_exact_name_site_agreement
8340,fta_partner,inactive_history,US,United States,,,,,,,,,held_inactive_site_only
8341,fta_partner,unmatched,US,United States,,,,,,,,,unmatched
8342,fta_partner,unmatched,US,United States,,,,,,,,,unmatched
8343,fta_partner,unmatched,US,United States,,,,,,,,,unmatched
8344,fta_partner,inactive_history,US,United States,,,,,,,,,held_inactive_site_only
8345,fta_partner,unmatched,US,United States,,,,,,,,,unmatched
8346,fta_partner,unmatched,US,United States,,,,,,,,,unmatched
8347,fta_partner,unmatched,US,United States,,,,,,,,,unmatched
8348,fta_partner,unmatched,US,United States,,,,,,,,,unmatched
8349,fta_partner,inactive_history,US,United States,,,,,,,,,held_inactive_site_only
8350,fta_partner,safe_active,US,United States,https://ror.org/0529ybh43,Pepperdine University,active,5369906,Malibu,California,34.02577,-118.7804,safe_active_exact_name_site_agreement
8351,fta_partner,safe_active,US,United States,https://ror.org/031vg5s58,Peru State College,active,5075014,Peru,Nebraska,40.47417,-95.73361,safe_active_exact_name_site_agreement
8352,fta_partner,safe_active,US,United States,https://ror.org/02k46bn27,Pfeiffer University,active,4461574,Concord,North Carolina,35.40888,-80.58158,safe_active_exact_name_site_agreement
8353,fta_partner,unmatched,US,United States,,,,,,,,,unmatched
8354,fta_partner,safe_active,US,United States,https://ror.org/00m9c2804,Philadelphia College of Osteopathic Medicine,active,4560349,Philadelphia,Pennsylvania,39.95238,-75.16362,safe_active_exact_name_site_agreement
8355,fta_partner,safe_active,US,United States,https://ror.org/03zzmyz63,Philadelphia University,active,4560349,Philadelphia,Pennsylvania,39.95238,-75.16362,safe_active_exact_name_site_agreement
8356,fta_partner,safe_active,US,United States,https://ror.org/0056x7z10,Philander Smith College,active,4119403,Little Rock,Arkansas,34.74648,-92.28959,safe_active_exact_name_site_agreement
8357,fta_partner,safe_active,US,United States,https://ror.org/03wqd2h57,Phillips Graduate Institute,active,5336054,Chatsworth,California,34.25723,-118.6012,safe_active_exact_name_only
8358,fta_partner,review,US,United States,,,,,,,,,held_ambiguous_active_exact_name
8359,fta_partner,unmatched,US,United States,,,,,,,,,unmatched
8360,fta_partner,safe_active,US,United States,https://ror.org/04ggv2982,Piedmont College,active,4191294,Demorest,Georgia,34.5651,-83.54517,safe_active_exact_name_site_agreement
8361,fta_partner,review,US,United States,,,,,,,,,held-alias-without-clean-domain-agreement
8362,fta_partner,unmatched,US,United States,,,,,,,,,unmatched
8363,fta_partner,safe_active,US,United States,https://ror.org/04hteea03,Pittsburg State University,active,4277241,Pittsburg,Kansas,37.41088,-94.70496,safe_active_exact_name_site_agreement
8364,fta_partner,safe_active,US,United States,https://ror.org/0197n2v40,Pitzer College,active,5337696,Claremont,California,34.09668,-117.71978,safe_active_exact_name_site_agreement
8365,fta_partner,safe_active,US,United States,https://ror.org/00fpz4c36,Plymouth State University,active,5091310,Plymouth,New Hampshire,43.75702,-71.68813,safe_active_exact_name_site_agreement
8366,fta_partner,review,US,United States,,,,,,,,,held-alias-without-clean-domain-agreement
8367,fta_partner,unmatched,US,United States,,,,,,,,,unmatched
8368,fta_partner,unmatched,US,United States,,,,,,,,,unmatched
8369,fta_partner,unmatched,US,United States,,,,,,,,,unmatched
8370,fta_partner,unmatched,US,United States,,,,,,,,,unmatched
8371,fta_partner,safe_active,US,United States,https://ror.org/0074grg94,Pomona College,active,5337696,Claremont,California,34.09668,-117.71978,safe_active_exact_name_site_agreement
8372,fta_partner,safe_active,US,United States,https://ror.org/01e4pq504,Portland Community College,active,5746545,Portland,Oregon,45.52345,-122.67621,safe_active_exact_name_site_agreement
8373,fta_partner,safe_active,US,United States,https://ror.org/00yn2fy02,Portland State University,active,5746545,Portland,Oregon,45.52345,-122.67621,safe_active_exact_name_site_agreement
8374,fta_partner,review,US,United States,,,,,,,,,held_review_site_only
8375,fta_partner,review,US,United States,,,,,,,,,held_review_site_only
8376,fta_partner,unmatched,US,United States,,,,,,,,,unmatched
8377,fta_partner,safe_active,US,United States,https://ror.org/01s9sxm36,Presbyterian College,active,4575028,Clinton,South Carolina,34.47263,-81.88066,safe_active_exact_name_site_agreement
8378,fta_partner,safe_active,US,United States,https://ror.org/05crd7855,Prescott College,active,5309842,Prescott,Arizona,34.54002,-112.4685,safe_active_exact_name_site_agreement
8379,fta_partner,safe_active,US,United States,https://ror.org/02pepyh86,Preston University,active,5368361,Los Angeles,California,34.05223,-118.24368,safe_active_exact_name_site_agreement
8380,fta_partner,safe_active,US,United States,https://ror.org/00hx57361,Princeton University,active,5102922,Princeton,New Jersey,40.34872,-74.65905,safe_active_exact_name_site_agreement
8381,fta_partner,safe_active,US,United States,https://ror.org/02venxm51,Principia College,active,4237889,Elsah,Illinois,38.95616,-90.35984,safe_active_exact_name_only
8382,fta_partner,safe_active,US,United States,https://ror.org/00rxpqe74,Providence College,active,5224151,Providence,Rhode Island,41.82399,-71.41283,safe_active_exact_name_site_agreement
8383,fta_partner,unmatched,US,United States,,,,,,,,,unmatched
8384,fta_partner,review,US,United States,,,,,,,,,held_review_shared_site_only
8385,fta_partner,review,US,United States,,,,,,,,,held-alias-without-clean-domain-agreement
8386,fta_partner,review,US,United States,,,,,,,,,held-alias-without-clean-domain-agreement
8387,fta_partner,unmatched,US,United States,,,,,,,,,unmatched
8388,fta_partner,safe_active,US,United States,https://ror.org/02nf34254,Queens University of Charlotte,active,4460243,Charlotte,North Carolina,35.22709,-80.84313,safe_active_exact_name_site_agreement
8389,fta_partner,safe_active,US,United States,https://ror.org/043d4x248,Quincy University,active,4247703,Quincy,Illinois,39.9356,-91.40987,safe_active_exact_name_site_agreement
8390,fta_partner,review,US,United States,,,,,,,,,held_review_site_only
8391,fta_partner,safe_active,US,United States,https://ror.org/04647g470,Radford University,active,4780837,Radford,Virginia,37.13179,-80.57645,safe_active_exact_name_only
8392,fta_partner,review,US,United States,,,,,,,,,held_review_site_only
8393,fta_partner,unmatched,US,United States,,,,,,,,,unmatched
8394,fta_partner,safe_active,US,United States,https://ror.org/03zstcc67,Randolph–Macon College,active,4744905,Ashland,Virginia,37.75903,-77.47998,safe_active_exact_name_site_agreement
8395,fta_partner,review,US,United States,,,,,,,,,held-alias-without-clean-domain-agreement
8396,fta_partner,safe_active,US,United States,https://ror.org/03f516154,Rasmussen College,active,5018739,Bloomington,Minnesota,44.8408,-93.29828,safe_active_exact_name_site_agreement
8397,fta_partner,review,US,United States,,,,,,,,,held_review_site_only
8398,fta_partner,review,US,United States,,,,,,,,,held_review_site_only
8399,fta_partner,review,US,United States,,,,,,,,,held_review_site_only
8400,fta_partner,review,US,United States,,,,,,,,,held_review_site_only
8401,fta_partner,review,US,United States,,,,,,,,,held_review_site_only
8402,fta_partner,safe_active,US,United States,https://ror.org/00a6ram87,Reed College,active,5746545,Portland,Oregon,45.52345,-122.67621,safe_active_exact_name_site_agreement
8403,fta_partner,unmatched,US,United States,,,,,,,,,unmatched
8404,fta_partner,unmatched,US,United States,,,,,,,,,unmatched
8405,fta_partner,safe_active,US,United States,https://ror.org/00jhyq802,Regent University,active,4791259,Virginia Beach,Virginia,36.85293,-75.97799,safe_active_exact_name_site_agreement
8406,fta_partner,safe_active,US,United States,https://ror.org/01t77y753,Regis College,active,4955259,Weston,Massachusetts,42.36676,-71.30311,safe_active_exact_name_site_agreement
8407,fta_partner,safe_active,US,United States,https://ror.org/043ae9h44,Regis University,active,5419384,Denver,Colorado,39.73915,-104.9847,safe_active_exact_name_site_agreement
8408,fta_partner,review,US,United States,,,,,,,,,held_review_site_only
8409,fta_partner,safe_active,US,United States,https://ror.org/01rtyzb94,Rensselaer Polytechnic Institute,active,5141502,Troy,New York,42.72841,-73.69179,safe_active_exact_name_site_agreement
8410,fta_partner,review,US,United States,,,,,,,,,held_review_site_only
8411,fta_partner,safe_active,US,United States,https://ror.org/01k5gt570,Rhode Island College,active,5224151,Providence,Rhode Island,41.82399,-71.41283,safe_active_exact_name_site_agreement
8412,fta_partner,safe_active,US,United States,https://ror.org/04mxsc976,Rhode Island School of Design,active,5224151,Providence,Rhode Island,41.82399,-71.41283,safe_active_exact_name_site_agreement
8413,fta_partner,safe_active,US,United States,https://ror.org/049xfwy04,Rhodes College,active,4641239,Memphis,Tennessee,35.14953,-90.04898,safe_active_exact_name_site_agreement
8414,fta_partner,safe_active,US,United States,https://ror.org/008zs3103,Rice University,active,4699066,Houston,Texas,29.76328,-95.36327,safe_active_exact_name_site_agreement
8415,fta_partner,safe_active,US,United States,https://ror.org/0442n1j98,Stockton University,active,7647784,Galloway,New Jersey,39.48788,-74.47598,safe_active_exact_name_site_agreement
8416,fta_partner,safe_active,US,United States,https://ror.org/01dgn5344,Rider University,active,5100356,Lawrenceville,New Jersey,40.29733,-74.7296,safe_active_exact_name_site_agreement
8417,fta_partner,safe_active,US,United States,https://ror.org/02pe14c82,Ringling College of Art and Design,active,4172131,Sarasota,Florida,27.33643,-82.53065,safe_active_exact_name_site_agreement
8418,fta_partner,safe_active,US,United States,https://ror.org/025kav035,Ripon College,active,5268955,Ripon,Wisconsin,43.8422,-88.83594,safe_active_exact_name_site_agreement
8419,fta_partner,safe_active,US,United States,https://ror.org/02s3pgd18,Rivier University,active,5090046,Nashua,New Hampshire,42.76537,-71.46757,safe_active_exact_name_site_agreement
8420,fta_partner,review,US,United States,,,,,,,,,held-alias-without-clean-domain-agreement
8421,fta_partner,safe_active,US,United States,https://ror.org/00jtk7j90,Roanoke College,active,4784112,Salem,Virginia,37.29347,-80.05476,safe_active_exact_name_site_agreement
8422,fta_partner,review,US,United States,,,,,,,,,held-alias-without-clean-domain-agreement
8423,fta_partner,unmatched,US,United States,,,,,,,,,unmatched
8424,fta_partner,safe_active,US,United States,https://ror.org/01bzgy570,Roberts Wesleyan College,active,5134086,Rochester,New York,43.15478,-77.61556,safe_active_exact_name_only
8425,fta_partner,review,US,United States,,,,,,,,,held-alias-without-clean-domain-agreement
8426,fta_partner,safe_active,US,United States,https://ror.org/00v4yb702,Rochester Institute of Technology,active,5134086,Rochester,New York,43.15478,-77.61556,safe_active_exact_name_site_agreement
8427,fta_partner,review,US,United States,,,,,,,,,held_review_site_only
8428,fta_partner,review,US,United States,,,,,,,,,held_review_site_only
8429,fta_partner,safe_active,US,United States,https://ror.org/05jtwwy05,Rock Valley College,active,4907959,Rockford,Illinois,42.27113,-89.094,safe_active_exact_name_only
8430,fta_partner,safe_active,US,United States,https://ror.org/01t9de358,Rocky Mountain College,active,5640350,Billings,Montana,45.78329,-108.50069,safe_active_exact_name_site_agreement
8431,fta_partner,safe_active,US,United States,https://ror.org/013am1j13,Rocky Mountain College of Art and Design,active,5427946,Lakewood,Colorado,39.70471,-105.08137,safe_active_exact_name_site_agreement
8432,fta_partner,safe_active,US,United States,https://ror.org/04m0bzb15,Rogers State University,active,4533580,Claremore,Oklahoma,36.3126,-95.61609,safe_active_exact_name_site_agreement
8433,fta_partner,review,US,United States,,,,,,,,,held_ambiguous_active_exact_name
8434,fta_partner,safe_active,US,United States,https://ror.org/009vh5d61,Rollins College,active,4178560,Winter Park,Florida,28.6,-81.33924,safe_active_exact_name_site_agreement
8435,fta_partner,safe_active,US,United States,https://ror.org/020vmqv16,Roosevelt University,active,4887398,Chicago,Illinois,41.85003,-87.65005,safe_active_exact_name_site_agreement
8436,fta_partner,safe_active,US,United States,https://ror.org/00mp6e841,Rose–Hulman Institute of Technology,active,4265737,Terre Haute,Indiana,39.4667,-87.41391,safe_active_exact_name_site_agreement
8437,fta_partner,safe_active,US,United States,https://ror.org/01v75b264,Rosemont College,active,5209023,Rosemont,Pennsylvania,40.02567,-75.3238,safe_active_exact_name_site_agreement
8438,fta_partner,inactive_history,US,United States,,,,,,,,,held_inactive_exact_name
8439,fta_partner,safe_active,US,United States,https://ror.org/049v69k10,Rowan University,active,4501931,Glassboro,New Jersey,39.70289,-75.11184,safe_active_exact_name_site_agreement
8440,fta_partner,safe_active,US,United States,https://ror.org/01k9xac83,Rush University,active,4887398,Chicago,Illinois,41.85003,-87.65005,safe_active_exact_name_site_agreement
8441,fta_partner,review,US,United States,,,,,,,,,held_review_shared_site_only
8442,fta_partner,safe_active,US,United States,https://ror.org/02t6r9161,Rust College,active,4430103,Holly Springs,Mississippi,31.31573,-89.97786,safe_active_exact_name_site_agreement
8443,fta_partner,safe_active,US,United States,https://ror.org/05vt9qd57,"Rutgers, The State University of New Jersey",active,5101717,New Brunswick,New Jersey,40.48622,-74.45182,safe_active_exact_name_site_agreement
8444,fta_partner,unmatched,US,United States,,,,,,,,,unmatched
8445,fta_partner,unmatched,US,United States,,,,,,,,,unmatched
8446,fta_partner,safe_active,US,United States,https://ror.org/0085j8z36,Sacred Heart University,active,4834157,Fairfield,Connecticut,41.14121,-73.26373,safe_active_exact_name_site_agreement
8447,fta_partner,review,US,United States,,,,,,,,,held_review_shared_site_only
8448,fta_partner,safe_active,US,United States,https://ror.org/01y7m0485,Saginaw Valley State University,active,4985180,Bay City,Michigan,43.59447,-83.88886,safe_active_exact_name_site_agreement
8449,fta_partner,safe_active,US,United States,https://ror.org/00aq42n63,Salem College,active,4499612,Winston-Salem,North Carolina,36.09986,-80.24422,safe_active_exact_name_site_agreement
8450,fta_partner,unmatched,US,United States,,,,,,,,,unmatched
8451,fta_partner,unmatched,US,United States,,,,,,,,,unmatched
8452,fta_partner,unmatched,US,United States,,,,,,,,,unmatched
8453,fta_partner,review,US,United States,,,,,,,,,held_review_site_only
8454,fta_partner,safe_active,US,United States,https://ror.org/004qfsw40,Salve Regina University,active,5223593,Newport,Rhode Island,41.4901,-71.31283,safe_active_exact_name_site_agreement
8455,fta_partner,safe_active,US,United States,https://ror.org/0040cz635,Samford University,active,4049979,Birmingham,Alabama,33.52066,-86.80249,safe_active_exact_name_site_agreement
8456,fta_partner,safe_active,US,United States,https://ror.org/00yh3cz06,Sam Houston State University,active,4699540,Huntsville,Texas,30.72353,-95.55078,safe_active_exact_name_site_agreement
8457,fta_partner,safe_active,US,United States,https://ror.org/040jk5g10,Samuel Merritt University,active,5378538,Oakland,California,37.80437,-122.2708,safe_active_exact_name_site_agreement
8458,fta_partner,safe_active,US,United States,https://ror.org/0264fdx42,San Diego State University,active,5391811,San Diego,California,32.71571,-117.16472,safe_active_exact_name_site_agreement
8459,fta_partner,unmatched,US,United States,,,,,,,,,unmatched
8460,fta_partner,unmatched,US,United States,,,,,,,,,unmatched
8461,fta_partner,safe_active,US,United States,https://ror.org/036qcm975,San Francisco Art Institute,active,5391959,San Francisco,California,37.77493,-122.41942,safe_active_exact_name_site_agreement
8462,fta_partner,safe_active,US,United States,https://ror.org/016gc3g35,San Francisco Conservatory of Music,active,5391959,San Francisco,California,37.77493,-122.41942,safe_active_exact_name_site_agreement
8463,fta_partner,safe_active,US,United States,https://ror.org/05ykr0121,San Francisco State University,active,5391959,San Francisco,California,37.77493,-122.41942,safe_active_exact_name_site_agreement
8464,fta_partner,safe_active,US,United States,https://ror.org/01p7x7924,San Joaquin College of Law,active,5338122,Clovis,California,36.82523,-119.70292,safe_active_exact_name_only
8465,fta_partner,review,US,United States,,,,,,,,,held-alias-without-clean-domain-agreement
8466,fta_partner,safe_active,US,United States,https://ror.org/04qyvz380,San Jose State University,active,5392171,San Jose,California,37.33939,-121.89496,safe_active_exact_name_site_agreement
8467,fta_partner,safe_active,US,United States,https://ror.org/03ypqe447,Santa Clara University,active,5393015,Santa Clara,California,37.35411,-121.95524,safe_active_exact_name_site_agreement
8468,fta_partner,safe_active,US,United States,https://ror.org/04sxj4848,Sarah Lawrence College,active,5110269,Bronxville,New York,40.93815,-73.83208,safe_active_exact_name_only
8469,fta_partner,safe_active,US,United States,https://ror.org/04yhjzf92,Savannah College of Art and Design,active,4221552,Savannah,Georgia,32.08354,-81.09983,safe_active_exact_name_site_agreement
8470,fta_partner,safe_active,US,United States,https://ror.org/00mns7k70,Savannah State University,active,4221552,Savannah,Georgia,32.08354,-81.09983,safe_active_exact_name_only
8471,fta_partner,unmatched,US,United States,,,,,,,,,unmatched
8472,fta_partner,safe_active,US,United States,https://ror.org/01mx1hz05,Schiller International University,active,4161580,Largo,Florida,27.90979,-82.78842,safe_active_exact_name_site_agreement
8473,fta_partner,unmatched,US,United States,,,,,,,,,unmatched
8474,fta_partner,review,US,United States,,,,,,,,,held-alias-without-clean-domain-agreement
8475,fta_partner,safe_active,US,United States,https://ror.org/01ja11s84,School of the Museum of Fine Arts,active,4930956,Boston,Massachusetts,42.35843,-71.05977,safe_active_exact_name_site_agreement
8476,fta_partner,unmatched,US,United States,,,,,,,,,unmatched
8477,fta_partner,safe_active,US,United States,https://ror.org/00ep9v282,Schreiner University,active,4703078,Kerrville,Texas,30.04743,-99.14032,safe_active_exact_name_site_agreement
8478,fta_partner,safe_active,US,United States,https://ror.org/00p55jd14,Scripps College,active,5337696,Claremont,California,34.09668,-117.71978,safe_active_exact_name_only
8479,fta_partner,safe_active,US,United States,https://ror.org/02gzbg991,Seattle Pacific University,active,5809844,Seattle,Washington,47.60621,-122.33207,safe_active_exact_name_site_agreement
8480,fta_partner,safe_active,US,United States,https://ror.org/02jqc0m91,Seattle University,active,5809844,Seattle,Washington,47.60621,-122.33207,safe_active_exact_name_site_agreement
8481,fta_partner,safe_active,US,United States,https://ror.org/007tn5k56,Seton Hall University,active,5104836,South Orange,New Jersey,40.74899,-74.26126,safe_active_exact_name_site_agreement
8482,fta_partner,review,US,United States,,,,,,,,,held_review_site_only
8483,fta_partner,safe_active,US,United States,https://ror.org/02p038k52,Shawnee Community College,active,4251646,Ullin,Illinois,37.27699,-89.18341,safe_active_exact_name_only
8484,fta_partner,safe_active,US,United States,https://ror.org/0095r2297,Shawnee State University,active,4521816,Portsmouth,Ohio,38.73174,-82.99767,safe_active_exact_name_site_agreement
8485,fta_partner,safe_active,US,United States,https://ror.org/049x01c36,Shaw University,active,4487042,Raleigh,North Carolina,35.7721,-78.63861,safe_active_exact_name_only
8486,fta_partner,safe_active,US,United States,https://ror.org/0315wyw46,Sheldon Jackson College,active,5557293,Sitka,Alaska,57.05315,-135.33088,safe_active_exact_name_only
8487,fta_partner,safe_active,US,United States,https://ror.org/05w0p9h92,Shenandoah University,active,4794120,Winchester,Virginia,39.18566,-78.16333,safe_active_exact_name_site_agreement
8488,fta_partner,safe_active,US,United States,https://ror.org/00y93ak93,Shepherd University,active,4821983,Shepherdstown,West Virginia,39.4301,-77.80416,safe_active_exact_name_site_agreement
8489,fta_partner,safe_active,US,United States,https://ror.org/036adea75,Sherman College of Chiropractic,active,4597200,Spartanburg,South Carolina,34.94957,-81.93205,safe_active_exact_name_site_agreement
8490,fta_partner,safe_active,US,United States,https://ror.org/00w4hrb54,Shimer College,active,4887398,Chicago,Illinois,41.85003,-87.65005,safe_active_exact_name_site_agreement
8491,fta_partner,safe_active,US,United States,https://ror.org/048arep70,Shippensburg University,active,5212038,Shippensburg,Pennsylvania,40.05065,-77.52026,safe_active_exact_name_site_agreement
8492,fta_partner,safe_active,US,United States,https://ror.org/03ybzg790,Shoreline Community College,active,5810301,Shoreline,Washington,47.75565,-122.34152,safe_active_exact_name_site_agreement
8493,fta_partner,safe_active,US,United States,https://ror.org/05gmsjx02,Shorter College,active,4124112,North Little Rock,Arkansas,34.76954,-92.26709,safe_active_exact_name_only
8494,fta_partner,safe_active,US,United States,https://ror.org/01v62m802,Siena College,active,5106834,Albany,New York,42.65258,-73.75623,safe_active_exact_name_site_agreement
8495,fta_partner,safe_active,US,United States,https://ror.org/02p2msn36,Siena Heights University,active,4983811,Adrian,Michigan,41.89755,-84.03717,safe_active_exact_name_only
8496,fta_partner,safe_active,US,United States,https://ror.org/039fwv620,Sierra Nevada College,active,5505963,Incline Village,Nevada,39.2513,-119.97297,safe_active_exact_name_site_agreement
8497,fta_partner,safe_active,US,United States,https://ror.org/05sv2w840,Silver Lake College,active,5261585,Manitowoc,Wisconsin,44.08861,-87.65758,safe_active_exact_name_site_agreement
8498,fta_partner,safe_active,US,United States,https://ror.org/04mbfgm16,Simmons University,active,4930956,Boston,Massachusetts,42.35843,-71.05977,safe_active_exact_name_site_agreement
8499,fta_partner,review,US,United States,,,,,,,,,held_review_site_only
8500,fta_partner,safe_active,US,United States,https://ror.org/04jjn8965,Simpson College,active,4861719,Indianola,Iowa,41.35805,-93.55744,safe_active_exact_name_only
8501,fta_partner,review,US,United States,,,,,,,,,held_review_site_only
8502,fta_partner,safe_active,US,United States,https://ror.org/02q2dn726,Sinte Gleska University,active,5767144,Mission,South Dakota,43.30584,-100.65819,safe_active_exact_name_only
8503,fta_partner,unmatched,US,United States,,,,,,,,,unmatched
8504,fta_partner,safe_active,US,United States,https://ror.org/04nzrzs08,Skidmore College,active,5136334,Saratoga Springs,New York,43.08313,-73.78457,safe_active_exact_name_site_agreement
8505,fta_partner,safe_active,US,United States,https://ror.org/0369st156,Slippery Rock University,active,5212532,Slippery Rock,Pennsylvania,41.06395,-80.05645,safe_active_exact_name_site_agreement
8506,fta_partner,safe_active,US,United States,https://ror.org/0497crr92,Smith College,active,4945819,Northampton,Massachusetts,42.32509,-72.6412,safe_active_exact_name_site_agreement
8507,fta_partner,unmatched,US,United States,,,,,,,,,unmatched
8508,fta_partner,safe_active,US,United States,https://ror.org/03rr7xb36,Soka University of America,active,5323163,Aliso Viejo,California,33.56504,-117.72712,safe_active_exact_name_site_agreement
8509,fta_partner,safe_active,US,United States,https://ror.org/04wjxkk25,Sonoma State University,active,5388564,Rohnert Park,California,38.33964,-122.7011,safe_active_exact_name_site_agreement
8510,fta_partner,safe_active,US,United States,https://ror.org/00520ze08,South Carolina State University,active,4590184,Orangeburg,South Carolina,33.49182,-80.85565,safe_active_exact_name_site_agreement
8511,fta_partner,safe_active,US,United States,https://ror.org/00ch7yk27,South Dakota School of Mines and Technology,active,5768233,Rapid City,South Dakota,44.08054,-103.23101,safe_active_exact_name_site_agreement
8512,fta_partner,safe_active,US,United States,https://ror.org/015jmes13,South Dakota State University,active,5226534,Brookings,South Dakota,44.31136,-96.79839,safe_active_exact_name_site_agreement
8513,fta_partner,safe_active,US,United States,https://ror.org/02f5k2623,Southeastern Baptist College,active,4433039,Laurel,Mississippi,31.69405,-89.13061,safe_active_exact_name_site_agreement
8514,fta_partner,safe_active,US,United States,https://ror.org/001r6dj72,Southeastern Bible College,active,4049979,Birmingham,Alabama,33.52066,-86.80249,safe_active_exact_name_site_agreement
8515,fta_partner,unmatched,US,United States,,,,,,,,,unmatched
8516,fta_partner,safe_active,US,United States,https://ror.org/0531xck41,Southeastern Louisiana University,active,4326868,Hammond,Louisiana,30.50463,-90.46293,safe_active_exact_name_site_agreement
8517,fta_partner,safe_active,US,United States,https://ror.org/01aryec24,Southeastern Oklahoma State University,active,4535414,Durant,Oklahoma,33.99399,-96.37082,safe_active_exact_name_only
8518,fta_partner,safe_active,US,United States,https://ror.org/01b25wz12,Southeastern University,active,4161438,Lakeland,Florida,28.03947,-81.9498,safe_active_exact_name_site_agreement
8519,fta_partner,safe_active,US,United States,https://ror.org/010n41y16,Southeast Missouri State University,active,4379966,Cape Girardeau,Missouri,37.30588,-89.51815,safe_active_exact_name_site_agreement
8520,fta_partner,safe_active,US,United States,https://ror.org/04xafps82,Southern Adventist University,active,4614720,Collegedale,Tennessee,35.05313,-85.05023,safe_active_exact_name_only
8521,fta_partner,safe_active,US,United States,https://ror.org/036sak533,Southern Arkansas University,active,4120323,Magnolia,Arkansas,33.26707,-93.23933,safe_active_exact_name_only
8522,fta_partner,unmatched,US,United States,,,,,,,,,unmatched
8523,fta_partner,unmatched,US,United States,,,,,,,,,unmatched
8524,fta_partner,safe_active,US,United States,https://ror.org/02xsn7259,Southern California Institute of Architecture,active,5368361,Los Angeles,California,34.05223,-118.24368,safe_active_exact_name_site_agreement
8525,fta_partner,safe_active,US,United States,https://ror.org/02xrwdh93,Southern College of Optometry,active,4641239,Memphis,Tennessee,35.14953,-90.04898,safe_active_exact_name_site_agreement
8526,fta_partner,safe_active,US,United States,https://ror.org/00ramkd50,Southern Connecticut State University,active,4839366,New Haven,Connecticut,41.30815,-72.92816,safe_active_exact_name_only
8527,fta_partner,review,US,United States,,,,,,,,,held_review_site_only
8528,fta_partner,review,US,United States,,,,,,,,,held_review_site_only
8529,fta_partner,safe_active,US,United States,https://ror.org/042tdr378,Southern Methodist University,active,4684888,Dallas,Texas,32.78306,-96.80667,safe_active_exact_name_site_agreement
8530,fta_partner,safe_active,US,United States,https://ror.org/005zah758,Southern Nazarene University,active,4530372,Bethany,Oklahoma,35.51867,-97.63226,safe_active_exact_name_site_agreement
8531,fta_partner,safe_active,US,United States,https://ror.org/04t718460,Southern New Hampshire University,active,5089178,Manchester,New Hampshire,42.99564,-71.45479,safe_active_exact_name_site_agreement
8532,fta_partner,safe_active,US,United States,https://ror.org/010kva064,Southern Oregon University,active,5711789,Ashland,Oregon,42.19458,-122.70948,safe_active_exact_name_site_agreement
8533,fta_partner,review,US,United States,,,,,,,,,held_review_site_only
8534,fta_partner,review,US,United States,,,,,,,,,held_review_site_only
8535,fta_partner,review,US,United States,,,,,,,,,held_review_site_only
8536,fta_partner,review,US,United States,,,,,,,,,held_review_site_only
8537,fta_partner,safe_active,US,United States,https://ror.org/04gfeaw48,Southern Utah University,active,5536630,Cedar City,Utah,37.67748,-113.06189,safe_active_exact_name_site_agreement
8538,fta_partner,safe_active,US,United States,https://ror.org/042h3a043,Southern Vermont College,active,5233742,Bennington,Vermont,42.87813,-73.19677,safe_active_exact_name_site_agreement
8539,fta_partner,safe_active,US,United States,https://ror.org/03cf36w49,Southern Wesleyan University,active,4574153,Central,South Carolina,34.72427,-82.78125,safe_active_exact_name_site_agreement
8540,fta_partner,safe_active,US,United States,https://ror.org/014dwa961,South Florida Bible College & Theological Seminary,active,4153071,Deerfield Beach,Florida,26.31841,-80.09977,safe_active_exact_name_site_agreement
8541,fta_partner,safe_active,US,United States,https://ror.org/04wgp8f82,South Texas College of Law,active,4699066,Houston,Texas,29.76328,-95.36327,safe_active_exact_name_site_agreement
8542,fta_partner,safe_active,US,United States,https://ror.org/02dgbcj80,Southwest Baptist University,active,4377835,Bolivar,Missouri,37.61448,-93.41047,safe_active_exact_name_site_agreement
8543,fta_partner,safe_active,US,United States,https://ror.org/01n7wr636,Southwestern Adventist University,active,4702785,Keene,Texas,32.39681,-97.3239,safe_active_exact_name_site_agreement
8544,fta_partner,review,US,United States,,,,,,,,,held-alias-without-clean-domain-agreement
8545,fta_partner,safe_active,US,United States,https://ror.org/0132gqh60,Southwestern Baptist Theological Seminary,active,4691930,Fort Worth,Texas,32.72541,-97.32085,safe_active_exact_name_site_agreement
8546,fta_partner,safe_active,US,United States,https://ror.org/045mf8339,Southwestern Christian College,active,4736028,Terrell,Texas,32.73596,-96.27526,safe_active_exact_name_only
8547,fta_partner,safe_active,US,United States,https://ror.org/05qj15q72,Southwestern Christian University,active,4530372,Bethany,Oklahoma,35.51867,-97.63226,safe_active_exact_name_site_agreement
8548,fta_partner,safe_active,US,United States,https://ror.org/04t104d61,Southwestern College - Kansas,active,4281897,Winfield,Kansas,37.23975,-96.99559,safe_active_exact_name_site_agreement
8549,fta_partner,review,US,United States,,,,,,,,,held_review_site_only
8550,fta_partner,safe_active,US,United States,https://ror.org/01y8xtk20,Southwestern Oklahoma State University,active,4554858,Weatherford,Oklahoma,35.52616,-98.70757,safe_active_exact_name_site_agreement
8551,fta_partner,safe_active,US,United States,https://ror.org/05gj63w50,Southwestern University,active,4693342,Georgetown,Texas,30.63269,-97.67723,safe_active_exact_name_site_agreement
8552,fta_partner,safe_active,US,United States,https://ror.org/011wpwt21,Southwestern Law School,active,5368361,Los Angeles,California,34.05223,-118.24368,safe_active_exact_name_site_agreement
8553,fta_partner,review,US,United States,,,,,,,,,held_site_name_conflict
8554,fta_partner,unmatched,US,United States,,,,,,,,,unmatched
8555,fta_partner,unmatched,US,United States,,,,,,,,,unmatched
8556,fta_partner,unmatched,US,United States,,,,,,,,,unmatched
8557,fta_partner,unmatched,US,United States,,,,,,,,,unmatched
8558,fta_partner,safe_active,US,United States,https://ror.org/026492508,Spalding University,active,4299276,Louisville,Kentucky,38.25424,-85.75941,safe_active_exact_name_site_agreement
8559,fta_partner,safe_active,US,United States,https://ror.org/02fvaj957,Spelman College,active,4180439,Atlanta,Georgia,33.749,-84.38798,safe_active_exact_name_site_agreement
8560,fta_partner,review,US,United States,,,,,,,,,held_review_site_only
8561,fta_partner,review,US,United States,,,,,,,,,held_review_site_only
8562,fta_partner,review,US,United States,,,,,,,,,held_ambiguous_active_exact_name
8563,fta_partner,safe_active,US,United States,https://ror.org/043fzsj95,Spring Hill College,active,4076598,Mobile,Alabama,30.69436,-88.04305,safe_active_exact_name_site_agreement
8564,fta_partner,review,US,United States,,,,,,,,,held_review_site_only
8565,fta_partner,unmatched,US,United States,,,,,,,,,unmatched
8566,fta_partner,unmatched,US,United States,,,,,,,,,unmatched
8567,fta_partner,unmatched,US,United States,,,,,,,,,unmatched
8568,fta_partner,safe_active,US,United States,https://ror.org/00f54p054,Stanford University,active,5398563,Stanford,California,37.42411,-122.16608,safe_active_exact_name_site_agreement
8569,fta_partner,review,US,United States,,,,,,,,,held_review_site_only
8570,fta_partner,review,US,United States,,,,,,,,,held_review_site_only
8571,fta_partner,review,US,United States,,,,,,,,,held_review_site_only
8572,fta_partner,review,US,United States,,,,,,,,,held_review_site_only
8573,fta_partner,review,US,United States,,,,,,,,,held_review_site_only
8574,fta_partner,safe_active,US,United States,https://ror.org/03j3dv688,SUNY New Paltz,active,5128539,New Paltz,New York,41.74759,-74.08681,safe_active_exact_name_site_agreement
8575,fta_partner,safe_active,US,United States,https://ror.org/01597g643,State University of New York at Oswego,active,5130081,Oswego,New York,43.45535,-76.5105,safe_active_exact_name_site_agreement
8576,fta_partner,unmatched,US,United States,,,,,,,,,unmatched
8577,fta_partner,review,US,United States,,,,,,,,,held_review_site_only
8578,fta_partner,safe_active,US,United States,https://ror.org/05a4pj207,SUNY Cortland,active,5113790,Cortland,New York,42.60118,-76.18048,safe_active_exact_name_site_agreement
8579,fta_partner,review,US,United States,,,,,,,,,held_review_site_only
8580,fta_partner,safe_active,US,United States,https://ror.org/03g1q6c06,SUNY Geneseo,active,5118394,Geneseo,New York,42.7959,-77.81695,safe_active_exact_name_site_agreement
8581,fta_partner,safe_active,US,United States,https://ror.org/02rrhsz92,SUNY Old Westbury,active,5129770,Old Westbury,New York,40.78871,-73.59957,safe_active_exact_name_site_agreement
8582,fta_partner,unmatched,US,United States,,,,,,,,,unmatched
8583,fta_partner,review,US,United States,,,,,,,,,held_review_site_only
8584,fta_partner,review,US,United States,,,,,,,,,held_review_site_only
8585,fta_partner,review,US,United States,,,,,,,,,held_review_site_only
8586,fta_partner,safe_active,US,United States,https://ror.org/02sgpe757,SUNY Cobleskill,active,5113095,Cobleskill,New York,42.67785,-74.48542,safe_active_exact_name_site_agreement
8587,fta_partner,safe_active,US,United States,https://ror.org/00qv0tw17,SUNY College of Environmental Science and Forestry,active,5140405,Syracuse,New York,43.04812,-76.14742,safe_active_exact_name_site_agreement
8588,fta_partner,safe_active,US,United States,https://ror.org/02v9m6h26,SUNY College of Optometry,active,5128581,New York,New York,40.71427,-74.00597,safe_active_exact_name_site_agreement
8589,fta_partner,review,US,United States,,,,,,,,,held-alias-without-clean-domain-agreement
8590,fta_partner,review,US,United States,,,,,,,,,held_review_site_only
8591,fta_partner,unmatched,US,United States,,,,,,,,,unmatched
8592,fta_partner,unmatched,US,United States,,,,,,,,,unmatched
8593,fta_partner,unmatched,US,United States,,,,,,,,,unmatched
8594,fta_partner,unmatched,US,United States,,,,,,,,,unmatched
8595,fta_partner,safe_active,US,United States,https://ror.org/02d4maz67,SUNY Maritime College,active,5140945,Throgs Neck,New York,40.8226,-73.81958,safe_active_exact_name_site_agreement
8596,fta_partner,unmatched,US,United States,,,,,,,,,unmatched
8597,fta_partner,unmatched,US,United States,,,,,,,,,unmatched
8598,fta_partner,safe_active,US,United States,https://ror.org/040kfrw16,SUNY Upstate Medical University,active,5140405,Syracuse,New York,43.04812,-76.14742,safe_active_exact_name_site_agreement
8599,fta_partner,review,US,United States,,,,,,,,,held_review_site_only
8600,fta_partner,review,US,United States,,,,,,,,,held_review_site_only
8601,fta_partner,unmatched,US,United States,,,,,,,,,unmatched
8602,fta_partner,safe_active,US,United States,https://ror.org/026bv4494,St. Bonaventure University,active,5106994,Allegany,New York,42.09006,-78.49419,safe_active_exact_name_site_agreement
8603,fta_partner,safe_active,US,United States,https://ror.org/016czhx14,St. Cloud State University,active,5044407,Saint Cloud,Minnesota,45.5608,-94.16249,safe_active_exact_name_site_agreement
8604,fta_partner,review,US,United States,,,,,,,,,held_review_site_only
8605,fta_partner,safe_active,US,United States,https://ror.org/01xmtac13,Stefan University,active,5363943,La Jolla,California,32.84727,-117.2742,safe_active_exact_name_site_agreement
8606,fta_partner,safe_active,US,United States,https://ror.org/00hq0e369,Stephen F. Austin State University,active,4713735,Nacogdoches,Texas,31.60351,-94.65549,safe_active_exact_name_site_agreement
8607,fta_partner,safe_active,US,United States,https://ror.org/0305v8773,Stephens College,active,4381982,Columbia,Missouri,38.95171,-92.33407,safe_active_exact_name_site_agreement
8608,fta_partner,review,US,United States,,,,,,,,,held_review_site_only
8609,fta_partner,safe_active,US,United States,https://ror.org/01efrfk30,Stetson University,active,4152890,DeLand,Florida,29.02832,-81.30312,safe_active_exact_name_site_agreement
8610,fta_partner,safe_active,US,United States,https://ror.org/02z43xh36,Stevens Institute of Technology,active,5099133,Hoboken,New Jersey,40.74399,-74.03236,safe_active_exact_name_only
8611,fta_partner,unmatched,US,United States,,,,,,,,,unmatched
8612,fta_partner,review,US,United States,,,,,,,,,held_review_site_only
8613,fta_partner,unmatched,US,United States,,,,,,,,,unmatched
8614,fta_partner,unmatched,US,United States,,,,,,,,,unmatched
8615,fta_partner,unmatched,US,United States,,,,,,,,,unmatched
8616,fta_partner,safe_active,US,United States,https://ror.org/03tj9dz52,Stillman College,active,4094455,Tuscaloosa,Alabama,33.20984,-87.56917,safe_active_exact_name_site_agreement
8617,fta_partner,safe_active,US,United States,https://ror.org/05ech9204,St. John Fisher College,active,5134086,Rochester,New York,43.15478,-77.61556,safe_active_exact_name_site_agreement
8618,fta_partner,unmatched,US,United States,,,,,,,,,unmatched
8619,fta_partner,unmatched,US,United States,,,,,,,,,unmatched
8620,fta_partner,safe_active,US,United States,https://ror.org/04rxyz404,St. John's Seminary,active,5333180,Camarillo,California,34.21639,-119.0376,safe_active_exact_name_site_agreement
8621,fta_partner,safe_active,US,United States,https://ror.org/00bgtad15,St. John's University,active,5128581,New York,New York,40.71427,-74.00597,safe_active_exact_name_site_agreement
8622,fta_partner,review,US,United States,,,,,,,,,held_review_site_only
8623,fta_partner,review,US,United States,,,,,,,,,held_review_site_only
8624,fta_partner,review,US,United States,,,,,,,,,held_review_site_only
8625,fta_partner,review,US,United States,,,,,,,,,held-alias-without-clean-domain-agreement
8626,fta_partner,unmatched,US,United States,,,,,,,,,unmatched
8627,fta_partner,review,US,United States,,,,,,,,,held_review_site_only
8628,fta_partner,review,US,United States,,,,,,,,,held_site_name_conflict
8629,fta_partner,safe_active,US,United States,https://ror.org/05pvqha70,St. Lawrence University,active,5111484,Canton,New York,44.59562,-75.16909,safe_active_exact_name_site_agreement
8630,fta_partner,review,US,United States,,,,,,,,,held_review_site_only
8631,fta_partner,safe_active,US,United States,https://ror.org/0169by476,St. Louis Christian College,active,4386802,Florissant,Missouri,38.78922,-90.32261,safe_active_exact_name_only
8632,fta_partner,review,US,United States,,,,,,,,,held-alias-without-clean-domain-agreement
8633,fta_partner,review,US,United States,,,,,,,,,held_review_site_only
8634,fta_partner,unmatched,US,United States,,,,,,,,,unmatched
8635,fta_partner,review,US,United States,,,,,,,,,held_review_site_only
8636,fta_partner,unmatched,US,United States,,,,,,,,,unmatched
8637,fta_partner,review,US,United States,,,,,,,,,held_review_site_only
8638,fta_partner,review,US,United States,,,,,,,,,held_review_site_only
8639,fta_partner,review,US,United States,,,,,,,,,held_review_site_only
8640,fta_partner,safe_active,US,United States,https://ror.org/01y2d1w05,St. Mary's College of Maryland,active,4370265,Saint Marys City,Maryland,38.18707,-76.4344,safe_active_exact_name_site_agreement
8641,fta_partner,review,US,United States,,,,,,,,,held_review_site_only
8642,fta_partner,review,US,United States,,,,,,,,,held_review_site_only
8643,fta_partner,review,US,United States,,,,,,,,,held_review_site_only
8644,fta_partner,review,US,United States,,,,,,,,,held_review_site_only
8645,fta_partner,safe_active,US,United States,https://ror.org/01hw93t68,St. Norbert College,active,5250201,De Pere,Wisconsin,44.44888,-88.06038,safe_active_exact_name_site_agreement
8646,fta_partner,safe_active,US,United States,https://ror.org/01q7w1f47,St. Olaf College,active,5039675,Northfield,Minnesota,44.4583,-93.1616,safe_active_exact_name_site_agreement
8647,fta_partner,safe_active,US,United States,https://ror.org/023288525,Stonehill College,active,4935623,Easton,Massachusetts,42.02454,-71.12866,safe_active_exact_name_site_agreement
8648,fta_partner,unmatched,US,United States,,,,,,,,,unmatched
8649,fta_partner,safe_active,US,United States,https://ror.org/00vrgpy91,St. Petersburg College,active,4171563,St. Petersburg,Florida,27.77086,-82.67927,safe_active_exact_name_site_agreement
8650,fta_partner,unmatched,US,United States,,,,,,,,,unmatched
8651,fta_partner,safe_active,US,United States,https://ror.org/00fdnsr88,Strayer University,active,4140963,Washington,District of Columbia,38.89511,-77.03637,safe_active_exact_name_site_agreement
8652,fta_partner,safe_active,US,United States,https://ror.org/027b9hx20,St. Thomas Aquinas College,active,5139097,Sparkill,New York,41.03121,-73.92708,safe_active_exact_name_site_agreement
8653,fta_partner,safe_active,US,United States,https://ror.org/02bmams93,St. Thomas University,active,4164167,Miami Gardens,Florida,25.94204,-80.2456,safe_active_exact_name_site_agreement
8654,fta_partner,review,US,United States,,,,,,,,,held_review_site_only
8655,fta_partner,review,US,United States,,,,,,,,,held_review_site_only
8656,fta_partner,safe_active,US,United States,https://ror.org/05y50nr98,Suffolk University,active,4930956,Boston,Massachusetts,42.35843,-71.05977,safe_active_exact_name_site_agreement
8657,fta_partner,review,US,United States,,,,,,,,,held_review_site_only
8658,fta_partner,safe_active,US,United States,https://ror.org/03x7qhw59,Sul Ross State University,active,5516203,Alpine,Texas,30.35862,-103.66206,safe_active_exact_name_site_agreement
8659,fta_partner,safe_active,US,United States,https://ror.org/02nmnpn85,Susquehanna University,active,5211411,Selinsgrove,Pennsylvania,40.79897,-76.86219,safe_active_exact_name_site_agreement
8660,fta_partner,safe_active,US,United States,https://ror.org/012dg8a96,Swarthmore College,active,4561628,Swarthmore,Pennsylvania,39.90206,-75.34991,safe_active_exact_name_site_agreement
8661,fta_partner,safe_active,US,United States,https://ror.org/05e3rkh95,Sweet Briar College,active,4744326,Amherst,Virginia,37.58514,-79.05141,safe_active_exact_name_site_agreement
8662,fta_partner,safe_active,US,United States,https://ror.org/025r5qe02,Syracuse University,active,5140405,Syracuse,New York,43.04812,-76.14742,safe_active_exact_name_site_agreement
8663,fta_partner,safe_active,US,United States,https://ror.org/00zvm9z02,Tabor College,active,4273003,Hillsboro,Kansas,38.35196,-97.20447,safe_active_exact_name_site_agreement
8664,fta_partner,safe_active,US,United States,https://ror.org/01dswgm35,Talladega College,active,4092788,Talladega,Alabama,33.43594,-86.1058,safe_active_exact_name_only
8665,fta_partner,safe_active,US,United States,https://ror.org/0263v9e25,Tarleton State University,active,4734350,Stephenville,Texas,32.2207,-98.20226,safe_active_exact_name_site_agreement
8666,fta_partner,safe_active,US,United States,https://ror.org/005aghs32,Taylor University,active,4927510,Upland,Indiana,40.4756,-85.49442,safe_active_exact_name_only
8667,fta_partner,unmatched,US,United States,,,,,,,,,unmatched
8668,fta_partner,unmatched,US,United States,,,,,,,,,unmatched
8669,fta_partner,safe_active,US,United States,https://ror.org/00kx1jb78,Temple University,active,4560349,Philadelphia,Pennsylvania,39.95238,-75.16362,safe_active_exact_name_site_agreement
8670,fta_partner,unmatched,US,United States,,,,,,,,,unmatched
8671,fta_partner,safe_active,US,United States,https://ror.org/01fpczx89,Tennessee State University,active,4644585,Nashville,Tennessee,36.16589,-86.78444,safe_active_exact_name_site_agreement
8672,fta_partner,safe_active,US,United States,https://ror.org/05drmrq39,Tennessee Technological University,active,4615145,Cookeville,Tennessee,36.16284,-85.50164,safe_active_exact_name_site_agreement
8673,fta_partner,safe_active,US,United States,https://ror.org/04hdj2902,Tennessee Temple University,active,4612862,Chattanooga,Tennessee,35.04563,-85.30968,safe_active_exact_name_site_agreement
8674,fta_partner,safe_active,US,United States,https://ror.org/0563nxn44,Tennessee Wesleyan College,active,4603284,Athens,Tennessee,35.44285,-84.59299,safe_active_exact_name_only
8675,fta_partner,safe_active,US,United States,https://ror.org/028861t28,Texas A&M International University,active,4705349,Laredo,Texas,27.50641,-99.50754,safe_active_exact_name_site_agreement
8676,fta_partner,safe_active,US,United States,https://ror.org/01f5ytq51,Texas A&M University,active,4682464,College Station,Texas,30.62798,-96.33441,safe_active_exact_name_site_agreement
8677,fta_partner,review,US,United States,,,,,,,,,held-alias-without-clean-domain-agreement
8678,fta_partner,safe_active,US,United States,https://ror.org/01mrfdz82,Texas A&M University – Corpus Christi,active,4683416,Corpus Christi,Texas,27.80058,-97.39638,safe_active_exact_name_site_agreement
8679,fta_partner,unmatched,US,United States,,,,,,,,,unmatched
8680,fta_partner,safe_active,US,United States,https://ror.org/05abs3w97,Texas A&M University – Kingsville,active,4703384,Kingsville,Texas,27.51587,-97.85611,safe_active_exact_name_site_agreement
8681,fta_partner,safe_active,US,United States,https://ror.org/01x3z9745,Texas A&M University – Texarkana,active,4736096,Texarkana,Texas,33.42513,-94.04769,safe_active_exact_name_site_agreement
8682,fta_partner,safe_active,US,United States,https://ror.org/02vtff553,Texas Chiropractic College,active,4717782,Pasadena,Texas,29.69106,-95.2091,safe_active_exact_name_site_agreement
8683,fta_partner,safe_active,US,United States,https://ror.org/054b0b564,Texas Christian University,active,4691930,Fort Worth,Texas,32.72541,-97.32085,safe_active_exact_name_site_agreement
8684,fta_partner,safe_active,US,United States,https://ror.org/04fsb1973,Texas College,active,4738214,Tyler,Texas,32.35126,-95.30106,safe_active_exact_name_site_agreement
8685,fta_partner,unmatched,US,United States,,,,,,,,,unmatched
8686,fta_partner,safe_active,US,United States,https://ror.org/03gsa2724,Texas Lutheran University,active,4727756,Seguin,Texas,29.56884,-97.96473,safe_active_exact_name_only
8687,fta_partner,safe_active,US,United States,https://ror.org/05ch0aw77,Texas Southern University,active,4699066,Houston,Texas,29.76328,-95.36327,safe_active_exact_name_site_agreement
8688,fta_partner,safe_active,US,United States,https://ror.org/0405mnx93,Texas Tech University,active,5525577,Lubbock,Texas,33.57786,-101.85517,safe_active_exact_name_site_agreement
8689,fta_partner,review,US,United States,,,,,,,,,held_review_site_only
8690,fta_partner,safe_active,US,United States,https://ror.org/03vdm5c68,Texas Wesleyan University,active,4691930,Fort Worth,Texas,32.72541,-97.32085,safe_active_exact_name_only
8691,fta_partner,safe_active,US,United States,https://ror.org/04dyzkj40,Texas Woman's University,active,4685907,Denton,Texas,33.21484,-97.13307,safe_active_exact_name_site_agreement
8692,fta_partner,review,US,United States,,,,,,,,,held-alias-without-clean-domain-agreement
8693,fta_partner,unmatched,US,United States,,,,,,,,,unmatched
8694,fta_partner,unmatched,US,United States,,,,,,,,,unmatched
8695,fta_partner,unmatched,US,United States,,,,,,,,,unmatched
8696,fta_partner,review,US,United States,,,,,,,,,held_review_site_only
8697,fta_partner,review,US,United States,,,,,,,,,held_review_site_only
8698,fta_partner,review,US,United States,,,,,,,,,held-alias-without-clean-domain-agreement
8699,fta_partner,unmatched,US,United States,,,,,,,,,unmatched
8700,fta_partner,unmatched,US,United States,,,,,,,,,unmatched
8701,fta_partner,unmatched,US,United States,,,,,,,,,unmatched
8702,fta_partner,review,US,United States,,,,,,,,,held_review_site_only
8703,fta_partner,review,US,United States,,,,,,,,,held_review_site_only
8704,fta_partner,review,US,United States,,,,,,,,,held_review_site_only
8705,fta_partner,safe_active,US,United States,https://ror.org/05pbkcd34,Cooper Union,active,5128581,New York,New York,40.71427,-74.00597,safe_active_exact_name_site_agreement
8706,fta_partner,unmatched,US,United States,,,,,,,,,unmatched
8707,fta_partner,review,US,United States,,,,,,,,,held_review_site_only
8708,fta_partner,review,US,United States,,,,,,,,,held_review_site_only
8709,fta_partner,unmatched,US,United States,,,,,,,,,unmatched
8710,fta_partner,unmatched,US,United States,,,,,,,,,unmatched
8711,fta_partner,review,US,United States,,,,,,,,,held_review_site_only
8712,fta_partner,review,US,United States,,,,,,,,,held_review_site_only
8713,fta_partner,unmatched,US,United States,,,,,,,,,unmatched
8714,fta_partner,review,US,United States,,,,,,,,,held_review_site_only
8715,fta_partner,review,US,United States,,,,,,,,,held_review_site_only
8716,fta_partner,unmatched,US,United States,,,,,,,,,unmatched
8717,fta_partner,review,US,United States,,,,,,,,,held_review_site_only
8718,fta_partner,review,US,United States,,,,,,,,,held_review_shared_site_only
8719,fta_partner,review,US,United States,,,,,,,,,held_review_site_only
8720,fta_partner,unmatched,US,United States,,,,,,,,,unmatched
8721,fta_partner,unmatched,US,United States,,,,,,,,,unmatched
8722,fta_partner,unmatched,US,United States,,,,,,,,,unmatched
8723,fta_partner,review,US,United States,,,,,,,,,held_review_site_only
8724,fta_partner,unmatched,US,United States,,,,,,,,,unmatched
8725,fta_partner,safe_active,US,United States,https://ror.org/01m006041,Thiel College,active,5192019,Greenville,Pennsylvania,41.4045,-80.39118,safe_active_exact_name_site_agreement
8726,fta_partner,unmatched,US,United States,,,,,,,,,unmatched
8727,fta_partner,safe_active,US,United States,https://ror.org/03mnd3q76,Thomas Aquinas College,active,5393245,Santa Paula,California,34.35417,-119.05927,safe_active_exact_name_site_agreement
8728,fta_partner,review,US,United States,,,,,,,,,held_review_site_only
8729,fta_partner,safe_active,US,United States,https://ror.org/00ysqcn41,Thomas Jefferson University,active,4560349,Philadelphia,Pennsylvania,39.95238,-75.16362,safe_active_exact_name_only
8730,fta_partner,safe_active,US,United States,https://ror.org/01bxnaj63,Thomas More University,active,4289040,Crestview Hills,Kentucky,39.02728,-84.58494,safe_active_exact_name_site_agreement
8731,fta_partner,safe_active,US,United States,https://ror.org/008f09676,Thomas More College of Liberal Arts,active,5089478,Merrimack,New Hampshire,42.86509,-71.4934,safe_active_exact_name_site_agreement
8732,fta_partner,safe_active,US,United States,https://ror.org/01p18bt48,Thomas University,active,4226348,Thomasville,Georgia,30.83658,-83.97878,safe_active_exact_name_site_agreement
8733,fta_partner,unmatched,US,United States,,,,,,,,,unmatched
8734,fta_partner,safe_active,US,United States,https://ror.org/05xevhk22,Tiffin University,active,5173930,Tiffin,Ohio,41.1145,-83.17797,safe_active_exact_name_site_agreement
8735,fta_partner,safe_active,US,United States,https://ror.org/032j0xp45,Toccoa Falls College,active,4226722,Toccoa,Georgia,34.57732,-83.33239,safe_active_exact_name_only
8736,fta_partner,review,US,United States,,,,,,,,,held-alias-without-clean-domain-agreement
8737,fta_partner,safe_active,US,United States,https://ror.org/03feyt230,Tougaloo College,active,4448632,Tougaloo,Mississippi,32.39764,-90.15898,safe_active_exact_name_site_agreement
8738,fta_partner,safe_active,US,United States,https://ror.org/05hwfvk38,Touro College,active,5128581,New York,New York,40.71427,-74.00597,safe_active_exact_name_site_agreement
8739,fta_partner,review,US,United States,,,,,,,,,held_review_site_only
8740,fta_partner,safe_active,US,United States,https://ror.org/044w7a341,Towson University,active,4371582,Towson,Maryland,39.4015,-76.60191,safe_active_exact_name_site_agreement
8741,fta_partner,safe_active,US,United States,https://ror.org/01h4hqc60,Transylvania University,active,4297983,Lexington,Kentucky,37.98869,-84.47772,safe_active_exact_name_site_agreement
8742,fta_partner,safe_active,US,United States,https://ror.org/015h3ax78,Trevecca Nazarene University,active,4644585,Nashville,Tennessee,36.16589,-86.78444,safe_active_exact_name_site_agreement
8743,fta_partner,safe_active,US,United States,https://ror.org/03jx0fx25,Tri College University,active,5059163,Fargo,North Dakota,46.87719,-96.7898,safe_active_exact_name_only
8744,fta_partner,review,US,United States,,,,,,,,,held_review_site_only
8745,fta_partner,safe_active,US,United States,https://ror.org/02xhv2402,Trinity Bible College,active,5059052,Ellendale,North Dakota,46.00275,-98.52705,safe_active_exact_name_only
8746,fta_partner,safe_active,US,United States,https://ror.org/01avta769,Trinity Christian College,active,4905259,Palos Heights,Illinois,41.66809,-87.79644,safe_active_exact_name_site_agreement
8747,fta_partner,review,US,United States,,,,,,,,,held_review_site_only
8748,fta_partner,safe_active,US,United States,https://ror.org/01w466f66,Trinity College of Florida,active,4047906,Trinity,Florida,28.18085,-82.68177,safe_active_exact_name_site_agreement
8749,fta_partner,unmatched,US,United States,,,,,,,,,unmatched
8750,fta_partner,safe_active,US,United States,https://ror.org/0251ehn88,Trinity International University,active,4889668,Deerfield,Illinois,42.17114,-87.84451,safe_active_exact_name_only
8751,fta_partner,review,US,United States,,,,,,,,,held_review_site_only
8752,fta_partner,review,US,United States,,,,,,,,,held_site_name_conflict
8753,fta_partner,safe_active,US,United States,https://ror.org/00t8gz605,Trinity University,active,4726206,San Antonio,Texas,29.42412,-98.49363,safe_active_exact_name_site_agreement
8754,fta_partner,review,US,United States,,,,,,,,,held-alias-without-clean-domain-agreement
8755,fta_partner,safe_active,US,United States,https://ror.org/04x89rx63,Triton College,active,4907649,River Grove,Illinois,41.92586,-87.83589,safe_active_exact_name_only
8756,fta_partner,safe_active,US,United States,https://ror.org/029jj9438,Troy University,active,4094163,Troy,Alabama,31.80877,-85.96995,safe_active_exact_name_site_agreement
8757,fta_partner,unmatched,US,United States,,,,,,,,,unmatched
8758,fta_partner,unmatched,US,United States,,,,,,,,,unmatched
8759,fta_partner,unmatched,US,United States,,,,,,,,,unmatched
8760,fta_partner,unmatched,US,United States,,,,,,,,,unmatched
8761,fta_partner,review,US,United States,,,,,,,,,held-alias-without-clean-domain-agreement
8762,fta_partner,safe_active,US,United States,https://ror.org/0396bvs97,Truman State University,active,5055787,Kirksville,Missouri,40.19475,-92.58325,safe_active_exact_name_site_agreement
8763,fta_partner,safe_active,US,United States,https://ror.org/05wvpxv85,Tufts University,active,4943629,Medford,Massachusetts,42.41843,-71.10616,safe_active_exact_name_site_agreement
8764,fta_partner,unmatched,US,United States,,,,,,,,,unmatched
8765,fta_partner,safe_active,US,United States,https://ror.org/04snwmr98,Tusculum College,active,4663737,Tusculum,Tennessee,36.1751,-82.75876,safe_active_exact_name_only
8766,fta_partner,safe_active,US,United States,https://ror.org/0137n4m74,Tuskegee University,active,4094490,Tuskegee,Alabama,32.42415,-85.69096,safe_active_exact_name_only
8767,fta_partner,unmatched,US,United States,,,,,,,,,unmatched
8768,fta_partner,safe_active,US,United States,https://ror.org/058w5nk68,Union College,active,5136454,Schenectady,New York,42.81424,-73.93957,safe_active_exact_name_site_agreement
8769,fta_partner,safe_active,US,United States,https://ror.org/04n5aqd27,Union College - Kentucky,active,4283128,Barbourville,Kentucky,36.86648,-83.88881,safe_active_exact_name_site_agreement
8770,fta_partner,review,US,United States,,,,,,,,,held-alias-without-clean-domain-agreement
8771,fta_partner,unmatched,US,United States,,,,,,,,,unmatched
8772,fta_partner,safe_active,US,United States,https://ror.org/02c561939,Union University,active,4632595,Jackson,Tennessee,35.61452,-88.81395,safe_active_exact_name_site_agreement
8773,fta_partner,unmatched,US,United States,,,,,,,,,unmatched
8774,fta_partner,safe_active,US,United States,https://ror.org/01y922f71,United States Coast Guard Academy,active,4839416,New London,Connecticut,41.35565,-72.09952,safe_active_exact_name_site_agreement
8775,fta_partner,review,US,United States,,,,,,,,,held-alias-without-clean-domain-agreement
8776,fta_partner,safe_active,US,United States,https://ror.org/02vzf2422,United States Merchant Marine Academy,active,5123459,Kings Point,New York,40.81982,-73.73513,safe_active_exact_name_site_agreement
8777,fta_partner,safe_active,US,United States,https://ror.org/01jepya76,United States Military Academy,active,5143966,West Point,New York,41.39148,-73.95597,safe_active_exact_name_only
8778,fta_partner,safe_active,US,United States,https://ror.org/00znex860,United States Naval Academy,active,4347242,Annapolis,Maryland,38.97859,-76.49184,safe_active_exact_name_site_agreement
8779,fta_partner,safe_active,US,United States,https://ror.org/02dphc844,United States Sports Academy,active,4058219,Daphne,Alabama,30.60353,-87.9036,safe_active_exact_name_only
8780,fta_partner,safe_active,US,United States,https://ror.org/00zda8x95,Unity College,active,4981512,Unity,Maine,44.61118,-69.33449,safe_active_exact_name_site_agreement
8781,fta_partner,review,US,United States,,,,,,,,,held_review_site_only
8782,fta_partner,safe_active,US,United States,https://ror.org/02kyckx55,University of Akron,active,5145476,Akron,Ohio,41.08144,-81.51901,safe_active_exact_name_site_agreement
8783,fta_partner,review,US,United States,,,,,,,,,held_review_site_only
8784,fta_partner,review,US,United States,,,,,,,,,held_review_site_only
8785,fta_partner,review,US,United States,,,,,,,,,held_review_site_only
8786,fta_partner,review,US,United States,,,,,,,,,held_review_site_only
8787,fta_partner,safe_active,US,United States,https://ror.org/03k3c2t50,University of Alaska Anchorage,active,5879400,Anchorage,Alaska,61.21806,-149.90028,safe_active_exact_name_site_agreement
8788,fta_partner,safe_active,US,United States,https://ror.org/01j7nq853,University of Alaska Fairbanks,active,5861897,Fairbanks,Alaska,64.83778,-147.71639,safe_active_exact_name_site_agreement
8789,fta_partner,safe_active,US,United States,https://ror.org/02y8nb297,University of Alaska Southeast,active,5554072,Juneau,Alaska,58.30194,-134.41972,safe_active_exact_name_site_agreement
8790,fta_partner,safe_active,US,United States,https://ror.org/01mtkd993,University of Alaska System,active,5861897,Fairbanks,Alaska,64.83778,-147.71639,safe_active_exact_name_site_agreement
8791,fta_partner,review,US,United States,,,,,,,,,held-multiple-ror-locations
8792,fta_partner,safe_active,US,United States,https://ror.org/05jbt9m15,University of Arkansas at Fayetteville,active,4110486,Fayetteville,Arkansas,36.06258,-94.15743,safe_active_exact_name_site_agreement
8793,fta_partner,safe_active,US,United States,https://ror.org/04fttyv97,University of Arkansas at Little Rock,active,4119403,Little Rock,Arkansas,34.74648,-92.28959,safe_active_exact_name_site_agreement
8794,fta_partner,safe_active,US,United States,https://ror.org/05xn9jy83,University of Arkansas at Monticello,active,4122015,Monticello,Arkansas,33.629,-91.79096,safe_active_exact_name_site_agreement
8795,fta_partner,safe_active,US,United States,https://ror.org/03zsjhd07,University of Arkansas at Pine Bluff,active,4126226,Pine Bluff,Arkansas,34.22843,-92.0032,safe_active_exact_name_site_agreement
8796,fta_partner,safe_active,US,United States,https://ror.org/00xcryt71,University of Arkansas for Medical Sciences,active,4119403,Little Rock,Arkansas,34.74648,-92.28959,safe_active_exact_name_site_agreement
8797,fta_partner,safe_active,US,United States,https://ror.org/05vvhh982,University of Arkansas System,active,4119403,Little Rock,Arkansas,34.74648,-92.28959,safe_active_exact_name_site_agreement
8798,fta_partner,safe_active,US,United States,https://ror.org/024gw2733,University of Baltimore,active,4347778,Baltimore,Maryland,39.29038,-76.61219,safe_active_exact_name_site_agreement
8799,fta_partner,safe_active,US,United States,https://ror.org/01rf3yp57,University of Bridgeport,active,5282804,Bridgeport,Connecticut,41.17923,-73.18945,safe_active_exact_name_site_agreement
8800,fta_partner,safe_active,US,United States,https://ror.org/01an7q238,"University of California, Berkeley",active,5327684,Berkeley,California,37.87159,-122.27275,safe_active_exact_name_site_agreement
8801,fta_partner,safe_active,US,United States,https://ror.org/05rrcem69,"University of California, Davis",active,5341704,Davis,California,38.54491,-121.74052,safe_active_exact_name_site_agreement
8802,fta_partner,review,US,United States,,,,,,,,,held_review_site_only
8803,fta_partner,safe_active,US,United States,https://ror.org/04gyf1771,"University of California, Irvine",active,5359777,Irvine,California,33.66946,-117.82311,safe_active_exact_name_site_agreement
8804,fta_partner,safe_active,US,United States,https://ror.org/046rm7j60,"University of California, Los Angeles",active,5368361,Los Angeles,California,34.05223,-118.24368,safe_active_exact_name_site_agreement
8805,fta_partner,safe_active,US,United States,https://ror.org/00d9ah105,"University of California, Merced",active,5372253,Merced,California,37.30216,-120.48297,safe_active_exact_name_site_agreement
8806,fta_partner,review,US,United States,,,,,,,,,held_review_site_only
8807,fta_partner,safe_active,US,United States,https://ror.org/03nawhv43,"University of California, Riverside",active,5387877,Riverside,California,33.95335,-117.39616,safe_active_exact_name_site_agreement
8808,fta_partner,safe_active,US,United States,https://ror.org/0168r3w48,University of California San Diego,active,5391811,San Diego,California,32.71571,-117.16472,safe_active_exact_name_site_agreement
8809,fta_partner,safe_active,US,United States,https://ror.org/043mz5j54,"University of California, San Francisco",active,5391959,San Francisco,California,37.77493,-122.41942,safe_active_exact_name_site_agreement
8810,fta_partner,safe_active,US,United States,https://ror.org/02t274463,"University of California, Santa Barbara",active,5392952,Santa Barbara,California,34.42083,-119.69819,safe_active_exact_name_site_agreement
8811,fta_partner,safe_active,US,United States,https://ror.org/03s65by71,"University of California, Santa Cruz",active,5393052,Santa Cruz,California,36.97412,-122.0308,safe_active_exact_name_site_agreement
8812,fta_partner,safe_active,US,United States,https://ror.org/00pjdza24,University of California System,active,5378538,Oakland,California,37.80437,-122.2708,safe_active_exact_name_site_agreement
8813,fta_partner,safe_active,US,United States,https://ror.org/029bp0k25,University of Central Arkansas,active,4106458,Conway,Arkansas,35.0887,-92.4421,safe_active_exact_name_site_agreement
8814,fta_partner,safe_active,US,United States,https://ror.org/036nfer12,University of Central Florida,active,4167147,Orlando,Florida,28.53834,-81.37924,safe_active_exact_name_site_agreement
8815,fta_partner,safe_active,US,United States,https://ror.org/02c63wv67,University of Central Missouri,active,4413595,Warrensburg,Missouri,38.76279,-93.73605,safe_active_exact_name_site_agreement
8816,fta_partner,safe_active,US,United States,https://ror.org/02n455404,University of Central Oklahoma,active,4535740,Edmond,Oklahoma,35.65283,-97.4781,safe_active_exact_name_only
8817,fta_partner,review,US,United States,,,,,,,,,held-alias-without-clean-domain-agreement
8818,fta_partner,safe_active,US,United States,https://ror.org/02z58ft15,University of Charleston,active,4801859,Charleston,West Virginia,38.34982,-81.63262,safe_active_exact_name_only
8819,fta_partner,unmatched,US,United States,,,,,,,,,unmatched
8820,fta_partner,safe_active,US,United States,https://ror.org/024mw5h28,University of Chicago,active,4887398,Chicago,Illinois,41.85003,-87.65005,safe_active_exact_name_site_agreement
8821,fta_partner,safe_active,US,United States,https://ror.org/01e3m7079,University of Cincinnati,active,4508722,Cincinnati,Ohio,39.12711,-84.51439,safe_active_exact_name_site_agreement
8822,fta_partner,review,US,United States,,,,,,,,,held_review_site_only
8823,fta_partner,review,US,United States,,,,,,,,,held_review_site_only
8824,fta_partner,unmatched,US,United States,,,,,,,,,unmatched
8825,fta_partner,unmatched,US,United States,,,,,,,,,unmatched
8826,fta_partner,safe_active,US,United States,https://ror.org/02der9h97,University of Connecticut,active,4843786,Storrs,Connecticut,41.80843,-72.24952,safe_active_exact_name_site_agreement
8827,fta_partner,inactive_history,US,United States,,,,,,,,,held_inactive_exact_name
8828,fta_partner,unmatched,US,United States,,,,,,,,,unmatched
8829,fta_partner,unmatched,US,United States,,,,,,,,,unmatched
8830,fta_partner,unmatched,US,United States,,,,,,,,,unmatched
8831,fta_partner,unmatched,US,United States,,,,,,,,,unmatched
8832,fta_partner,safe_active,US,United States,https://ror.org/00v3ak792,University of Dallas,active,4700168,Irving,Texas,32.81402,-96.94889,safe_active_exact_name_site_agreement
8833,fta_partner,safe_active,US,United States,https://ror.org/021v3qy27,University of Dayton,active,4509884,Dayton,Ohio,39.75895,-84.19161,safe_active_exact_name_site_agreement
8834,fta_partner,safe_active,US,United States,https://ror.org/01sbq1a82,University of Delaware,active,4143861,Newark,Delaware,39.68372,-75.74966,safe_active_exact_name_site_agreement
8835,fta_partner,safe_active,US,United States,https://ror.org/04w7skc03,University of Denver,active,5419384,Denver,Colorado,39.73915,-104.9847,safe_active_exact_name_site_agreement
8836,fta_partner,safe_active,US,United States,https://ror.org/0037qsh65,University of Detroit Mercy,active,4990729,Detroit,Michigan,42.33143,-83.04575,safe_active_exact_name_site_agreement
8837,fta_partner,safe_active,US,United States,https://ror.org/00bz3ax41,University of Dubuque,active,4854529,Dubuque,Iowa,42.50056,-90.66457,safe_active_exact_name_site_agreement
8838,fta_partner,safe_active,US,United States,https://ror.org/04dt46w81,University of Evansville,active,4257227,Evansville,Indiana,37.97476,-87.55585,safe_active_exact_name_site_agreement
8839,fta_partner,safe_active,US,United States,https://ror.org/03yemaq40,University of Findlay,active,5153924,Findlay,Ohio,41.04422,-83.64993,safe_active_exact_name_site_agreement
8840,fta_partner,safe_active,US,United States,https://ror.org/02y3ad647,University of Florida,active,4156404,Gainesville,Florida,29.65163,-82.32483,safe_active_exact_name_site_agreement
8841,fta_partner,safe_active,US,United States,https://ror.org/00te3t702,University of Georgia,active,4180386,Athens,Georgia,33.96095,-83.37794,safe_active_exact_name_site_agreement
8842,fta_partner,review,US,United States,,,,,,,,,held-alias-without-clean-domain-agreement
8843,fta_partner,safe_active,US,United States,https://ror.org/034gcgd08,University of Hartford,active,4845411,West Hartford,Connecticut,41.76204,-72.74204,safe_active_exact_name_site_agreement
8844,fta_partner,unmatched,US,United States,,,,,,,,,unmatched
8845,fta_partner,unmatched,US,United States,,,,,,,,,unmatched
8846,fta_partner,safe_active,US,United States,https://ror.org/03tzaeb71,University of Hawaii System,active,5856195,Honolulu,Hawaii,21.30694,-157.85833,safe_active_exact_name_site_agreement
8847,fta_partner,safe_active,US,United States,https://ror.org/05radvt19,University of Hawaii–West Oahu,active,5856195,Honolulu,Hawaii,21.30694,-157.85833,safe_active_exact_name_site_agreement
8848,fta_partner,unmatched,US,United States,,,,,,,,,unmatched
8849,fta_partner,safe_active,US,United States,https://ror.org/048sx0r50,University of Houston,active,4699066,Houston,Texas,29.76328,-95.36327,safe_active_exact_name_site_agreement
8850,fta_partner,safe_active,US,United States,https://ror.org/01t817z14,University of Houston - Clear Lake,active,4699066,Houston,Texas,29.76328,-95.36327,safe_active_exact_name_only
8851,fta_partner,safe_active,US,United States,https://ror.org/05mj6fy81,University of Houston - Downtown,active,4699066,Houston,Texas,29.76328,-95.36327,safe_active_exact_name_only
8852,fta_partner,review,US,United States,,,,,,,,,held-alias-without-clean-domain-agreement
8853,fta_partner,safe_active,US,United States,https://ror.org/03hbp5t65,University of Idaho,active,5601538,Moscow,Idaho,46.73239,-117.00017,safe_active_exact_name_site_agreement
8854,fta_partner,review,US,United States,,,,,,,,,held_site_name_conflict
8855,fta_partner,safe_active,US,United States,https://ror.org/02mpq6x41,University of Illinois Chicago,active,4887398,Chicago,Illinois,41.85003,-87.65005,safe_active_exact_name_site_agreement
8856,fta_partner,safe_active,US,United States,https://ror.org/0126qma51,University of Illinois at Springfield,active,4250542,Springfield,Illinois,39.80172,-89.64371,safe_active_exact_name_site_agreement
8857,fta_partner,unmatched,US,United States,,,,,,,,,unmatched
8858,fta_partner,safe_active,US,United States,https://ror.org/052133d12,University of Indianapolis,active,4259418,Indianapolis,Indiana,39.76838,-86.15804,safe_active_exact_name_site_agreement
8859,fta_partner,safe_active,US,United States,https://ror.org/036jqmy94,University of Iowa,active,4862034,Iowa City,Iowa,41.66113,-91.53017,safe_active_exact_name_site_agreement
8860,fta_partner,safe_active,US,United States,https://ror.org/001tmjg57,University of Kansas,active,4274277,Lawrence,Kansas,38.97167,-95.23525,safe_active_exact_name_site_agreement
8861,fta_partner,safe_active,US,United States,https://ror.org/02k3smh20,University of Kentucky,active,4297983,Lexington,Kentucky,37.98869,-84.47772,safe_active_exact_name_site_agreement
8862,fta_partner,safe_active,US,United States,https://ror.org/02kg81z20,University of La Verne,active,5364134,La Verne,California,34.10084,-117.76784,safe_active_exact_name_only
8863,fta_partner,safe_active,US,United States,https://ror.org/01x8rc503,University of Louisiana at Lafayette,active,4330145,Lafayette,Louisiana,30.22409,-92.01984,safe_active_exact_name_site_agreement
8864,fta_partner,safe_active,US,United States,https://ror.org/02qeh3c90,University of Louisiana at Monroe,active,4333669,Monroe,Louisiana,32.50931,-92.1193,safe_active_exact_name_site_agreement
8865,fta_partner,safe_active,US,United States,https://ror.org/01ckdn478,University of Louisville,active,4299276,Louisville,Kentucky,38.25424,-85.75941,safe_active_exact_name_site_agreement
8866,fta_partner,unmatched,US,United States,,,,,,,,,unmatched
8867,fta_partner,unmatched,US,United States,,,,,,,,,unmatched
8868,fta_partner,unmatched,US,United States,,,,,,,,,unmatched
8869,fta_partner,unmatched,US,United States,,,,,,,,,unmatched
8870,fta_partner,review,US,United States,,,,,,,,,held_review_site_only
8871,fta_partner,unmatched,US,United States,,,,,,,,,unmatched
8872,fta_partner,safe_active,US,United States,https://ror.org/050qj5m48,University of Maine System,active,4957280,Bangor,Maine,44.79884,-68.77265,safe_active_exact_name_site_agreement
8873,fta_partner,safe_active,US,United States,https://ror.org/02d75a424,University of Management and Technology,active,4744709,Arlington,Virginia,38.88101,-77.10428,safe_active_exact_name_site_agreement
8874,fta_partner,safe_active,US,United States,https://ror.org/055f0jp24,University of Mary,active,5688025,Bismarck,North Dakota,46.80833,-100.78374,safe_active_exact_name_site_agreement
8875,fta_partner,safe_active,US,United States,https://ror.org/03q1dcf42,University of Mary Hardin–Baylor,active,4673425,Belton,Texas,31.05601,-97.46445,safe_active_exact_name_site_agreement
8876,fta_partner,review,US,United States,,,,,,,,,held_review_site_only
8877,fta_partner,review,US,United States,,,,,,,,,held_review_site_only
8878,fta_partner,safe_active,US,United States,https://ror.org/02qskvh78,"University of Maryland, Baltimore County",active,4347778,Baltimore,Maryland,39.29038,-76.61219,safe_active_exact_name_site_agreement
8879,fta_partner,safe_active,US,United States,https://ror.org/006cymg18,University of Maryland Eastern Shore,active,4366176,Princess Anne,Maryland,38.2029,-75.69243,safe_active_exact_name_site_agreement
8880,fta_partner,unmatched,US,United States,,,,,,,,,unmatched
8881,fta_partner,unmatched,US,United States,,,,,,,,,unmatched
8882,fta_partner,review,US,United States,,,,,,,,,held_review_site_only
8883,fta_partner,review,US,United States,,,,,,,,,held_review_shared_site_only
8884,fta_partner,review,US,United States,,,,,,,,,held_review_site_only
8885,fta_partner,review,US,United States,,,,,,,,,held_review_site_only
8886,fta_partner,review,US,United States,,,,,,,,,held_review_site_only
8887,fta_partner,unmatched,US,United States,,,,,,,,,unmatched
8888,fta_partner,safe_active,US,United States,https://ror.org/0260j1g46,University of Massachusetts System,active,4930956,Boston,Massachusetts,42.35843,-71.05977,safe_active_exact_name_site_agreement
8889,fta_partner,unmatched,US,United States,,,,,,,,,unmatched
8890,fta_partner,safe_active,US,United States,https://ror.org/01cq23130,University of Memphis,active,4641239,Memphis,Tennessee,35.14953,-90.04898,safe_active_exact_name_site_agreement
8891,fta_partner,safe_active,US,United States,https://ror.org/02dgjyy92,University of Miami,active,4151871,Coral Gables,Florida,25.72149,-80.26838,safe_active_exact_name_site_agreement
8892,fta_partner,safe_active,US,United States,https://ror.org/00jmfr291,University of Michigan,active,4984247,Ann Arbor,Michigan,42.27756,-83.74088,safe_active_exact_name_site_agreement
8893,fta_partner,safe_active,US,United States,https://ror.org/035wtm547,University of Michigan–Dearborn,active,4990510,Dearborn,Michigan,42.32226,-83.17631,safe_active_exact_name_only
8894,fta_partner,safe_active,US,United States,https://ror.org/01c3xc117,University of Michigan–Flint,active,4992982,Flint,Michigan,43.01253,-83.68746,safe_active_exact_name_only
8895,fta_partner,safe_active,US,United States,https://ror.org/04w6xt508,University of Minnesota Crookston,active,5023465,Crookston,Minnesota,47.77414,-96.60812,safe_active_exact_name_site_agreement
8896,fta_partner,safe_active,US,United States,https://ror.org/01hy4qx27,"University of Minnesota, Duluth",active,5024719,Duluth,Minnesota,46.78327,-92.10658,safe_active_exact_name_site_agreement
8897,fta_partner,safe_active,US,United States,https://ror.org/05vzqzh92,University of Minnesota Morris,active,5038252,Morris,Minnesota,45.58607,-95.91394,safe_active_exact_name_only
8898,fta_partner,unmatched,US,United States,,,,,,,,,unmatched
8899,fta_partner,safe_active,US,United States,https://ror.org/02teq1165,University of Mississippi,active,4440076,Oxford,Mississippi,34.3665,-89.51925,safe_active_exact_name_site_agreement
8900,fta_partner,unmatched,US,United States,,,,,,,,,unmatched
8901,fta_partner,safe_active,US,United States,https://ror.org/02ymw8z06,University of Missouri,active,4381982,Columbia,Missouri,38.95171,-92.33407,safe_active_exact_name_site_agreement
8902,fta_partner,safe_active,US,United States,https://ror.org/01w0d5g70,University of Missouri–Kansas City,active,4393217,Kansas City,Missouri,39.09973,-94.57857,safe_active_exact_name_site_agreement
8903,fta_partner,review,US,United States,,,,,,,,,held_review_site_only
8904,fta_partner,safe_active,US,United States,https://ror.org/03sswts20,University of Mobile,active,4076598,Mobile,Alabama,30.69436,-88.04305,safe_active_exact_name_site_agreement
8905,fta_partner,safe_active,US,United States,https://ror.org/0078xmk34,University of Montana,active,5666639,Missoula,Montana,46.87215,-113.994,safe_active_exact_name_site_agreement
8906,fta_partner,safe_active,US,United States,https://ror.org/04rr0m327,University of Montana Western,active,5648657,Dillon,Montana,45.21631,-112.63752,safe_active_exact_name_site_agreement
8907,fta_partner,safe_active,US,United States,https://ror.org/01fd8g905,University of Montevallo,active,4076771,Montevallo,Alabama,33.10067,-86.86416,safe_active_exact_name_site_agreement
8908,fta_partner,review,US,United States,,,,,,,,,held_review_site_only
8909,fta_partner,safe_active,US,United States,https://ror.org/043mer456,University of Nebraska–Lincoln,active,5072006,Lincoln,Nebraska,40.8,-96.66696,safe_active_exact_name_site_agreement
8910,fta_partner,safe_active,US,United States,https://ror.org/00thqtb16,University of Nebraska Medical Center,active,5074472,Omaha,Nebraska,41.25626,-95.94043,safe_active_exact_name_site_agreement
8911,fta_partner,review,US,United States,,,,,,,,,held_review_site_only
8912,fta_partner,safe_active,US,United States,https://ror.org/0238rvs44,University of Nebraska System,active,5072006,Lincoln,Nebraska,40.8,-96.66696,safe_active_exact_name_site_agreement
8913,fta_partner,safe_active,US,United States,https://ror.org/0406gha72,"University of Nevada, Las Vegas",active,5506956,Las Vegas,Nevada,36.17497,-115.13722,safe_active_exact_name_site_agreement
8914,fta_partner,safe_active,US,United States,https://ror.org/01keh0577,"University of Nevada, Reno",active,5511077,Reno,Nevada,39.52963,-119.8138,safe_active_exact_name_site_agreement
8915,fta_partner,safe_active,US,United States,https://ror.org/02n2ava60,University of New England,active,4958141,Biddeford,Maine,43.49258,-70.45338,safe_active_exact_name_site_agreement
8916,fta_partner,review,US,United States,,,,,,,,,held_review_site_only
8917,fta_partner,review,US,United States,,,,,,,,,held_ambiguous_active_exact_name
8918,fta_partner,review,US,United States,,,,,,,,,held_review_site_only
8919,fta_partner,safe_active,US,United States,https://ror.org/00zm4rq24,University of New Haven,active,4845419,West Haven,Connecticut,41.27065,-72.94705,safe_active_exact_name_site_agreement
8920,fta_partner,safe_active,US,United States,https://ror.org/05fs6jp91,University of New Mexico,active,5454711,Albuquerque,New Mexico,35.08449,-106.65114,safe_active_exact_name_site_agreement
8921,fta_partner,safe_active,US,United States,https://ror.org/034mtvk83,University of New Orleans,active,4335045,New Orleans,Louisiana,29.95465,-90.07507,safe_active_exact_name_site_agreement
8922,fta_partner,safe_active,US,United States,https://ror.org/0584fj407,University of North Alabama,active,4062577,Florence,Alabama,34.79981,-87.67725,safe_active_exact_name_site_agreement
8923,fta_partner,unmatched,US,United States,,,,,,,,,unmatched
8924,fta_partner,safe_active,US,United States,https://ror.org/017c6at71,University of North Carolina at Asheville,active,4453066,Asheville,North Carolina,35.60095,-82.55402,safe_active_exact_name_site_agreement
8925,fta_partner,safe_active,US,United States,https://ror.org/0130frc33,University of North Carolina at Chapel Hill,active,4460162,Chapel Hill,North Carolina,35.9132,-79.05584,safe_active_exact_name_site_agreement
8926,fta_partner,safe_active,US,United States,https://ror.org/04dawnj30,University of North Carolina at Charlotte,active,4460243,Charlotte,North Carolina,35.22709,-80.84313,safe_active_exact_name_site_agreement
8927,fta_partner,safe_active,US,United States,https://ror.org/04fnxsj42,University of North Carolina at Greensboro,active,4469146,Greensboro,North Carolina,36.07264,-79.79198,safe_active_exact_name_site_agreement
8928,fta_partner,safe_active,US,United States,https://ror.org/05pckj715,University of North Carolina at Pembroke,active,4484490,Pembroke,North Carolina,34.68016,-79.19504,safe_active_exact_name_site_agreement
8929,fta_partner,unmatched,US,United States,,,,,,,,,unmatched
8930,fta_partner,safe_active,US,United States,https://ror.org/04a5szx83,University of North Dakota,active,5059429,Grand Forks,North Dakota,47.92526,-97.03285,safe_active_exact_name_only
8931,fta_partner,safe_active,US,United States,https://ror.org/016bysn57,University of Northern Colorado,active,5577592,Greeley,Colorado,40.42331,-104.70913,safe_active_exact_name_only
8932,fta_partner,safe_active,US,United States,https://ror.org/02h4qpx12,University of Northern Iowa,active,4850699,Cedar Falls,Iowa,42.52776,-92.44547,safe_active_exact_name_site_agreement
8933,fta_partner,safe_active,US,United States,https://ror.org/017m8hp04,University of Northern Virginia,active,4744468,Annandale,Virginia,38.83039,-77.19637,safe_active_exact_name_site_agreement
8934,fta_partner,unmatched,US,United States,,,,,,,,,unmatched
8935,fta_partner,safe_active,US,United States,https://ror.org/01j903a45,University of North Florida,active,4160021,Jacksonville,Florida,30.33218,-81.65565,safe_active_exact_name_site_agreement
8936,fta_partner,safe_active,US,United States,https://ror.org/00v97ad02,University of North Texas,active,4685907,Denton,Texas,33.21484,-97.13307,safe_active_exact_name_site_agreement
8937,fta_partner,unmatched,US,United States,,,,,,,,,unmatched
8938,fta_partner,unmatched,US,United States,,,,,,,,,unmatched
8939,fta_partner,safe_active,US,United States,https://ror.org/00mkhxb43,University of Notre Dame,active,8469294,Notre Dame,Indiana,41.70019,-86.23793,safe_active_exact_name_site_agreement
8940,fta_partner,safe_active,US,United States,https://ror.org/02aqsxs83,University of Oklahoma,active,4543762,Norman,Oklahoma,35.22257,-97.43948,safe_active_exact_name_site_agreement
8941,fta_partner,unmatched,US,United States,,,,,,,,,unmatched
8942,fta_partner,safe_active,US,United States,https://ror.org/0293rh119,University of Oregon,active,5725846,Eugene,Oregon,44.05207,-123.08675,safe_active_exact_name_site_agreement
8943,fta_partner,unmatched,US,United States,,,,,,,,,unmatched
8944,fta_partner,safe_active,US,United States,https://ror.org/00b30xv10,University of Pennsylvania,active,4560349,Philadelphia,Pennsylvania,39.95238,-75.16362,safe_active_exact_name_site_agreement
8945,fta_partner,safe_active,US,United States,https://ror.org/01j0n2h15,University of Phoenix,active,5308655,Phoenix,Arizona,33.44838,-112.07404,safe_active_exact_name_site_agreement
8946,fta_partner,safe_active,US,United States,https://ror.org/01an3r305,University of Pittsburgh,active,5206379,Pittsburgh,Pennsylvania,40.44062,-79.99589,safe_active_exact_name_site_agreement
8947,fta_partner,safe_active,US,United States,https://ror.org/0019bf448,University of Pittsburgh at Bradford,active,5181407,Bradford,Pennsylvania,41.9559,-78.64392,safe_active_exact_name_site_agreement
8948,fta_partner,review,US,United States,,,,,,,,,held_site_name_conflict
8949,fta_partner,review,US,United States,,,,,,,,,held_site_name_conflict
8950,fta_partner,safe_active,US,United States,https://ror.org/01q6pmm96,University of Portland,active,5746545,Portland,Oregon,45.52345,-122.67621,safe_active_exact_name_only
8951,fta_partner,safe_active,US,United States,https://ror.org/042drmv40,University of Puget Sound,active,5812944,Tacoma,Washington,47.25288,-122.44429,safe_active_exact_name_only
8952,fta_partner,safe_active,US,United States,https://ror.org/02hfyct53,University of Redlands,active,5386754,Redlands,California,34.05557,-117.18254,safe_active_exact_name_site_agreement
8953,fta_partner,safe_active,US,United States,https://ror.org/013ckk937,University of Rhode Island,active,5223006,Kingston,Rhode Island,41.48038,-71.52256,safe_active_exact_name_site_agreement
8954,fta_partner,safe_active,US,United States,https://ror.org/03y71xh61,University of Richmond,active,4781708,Richmond,Virginia,37.55376,-77.46026,safe_active_exact_name_only
8955,fta_partner,review,US,United States,,,,,,,,,held-alias-without-clean-domain-agreement
8956,fta_partner,safe_active,US,United States,https://ror.org/022kthw22,University of Rochester,active,5134086,Rochester,New York,43.15478,-77.61556,safe_active_exact_name_site_agreement
8957,fta_partner,safe_active,US,United States,https://ror.org/03jbbze48,University of San Diego,active,5391811,San Diego,California,32.71571,-117.16472,safe_active_exact_name_site_agreement
8958,fta_partner,safe_active,US,United States,https://ror.org/029m7xn54,University of San Francisco,active,5391959,San Francisco,California,37.77493,-122.41942,safe_active_exact_name_site_agreement
8959,fta_partner,safe_active,US,United States,https://ror.org/001c9gn96,University of Science and Arts of Oklahoma,active,4533029,Chickasha,Oklahoma,35.05257,-97.93643,safe_active_exact_name_site_agreement
8960,fta_partner,safe_active,US,United States,https://ror.org/05xwb6v37,University of Scranton,active,5211303,Scranton,Pennsylvania,41.40916,-75.6649,safe_active_exact_name_only
8961,fta_partner,safe_active,US,United States,https://ror.org/05ndpad60,University of Sioux Falls,active,5231851,Sioux Falls,South Dakota,43.54997,-96.70033,safe_active_exact_name_only
8962,fta_partner,safe_active,US,United States,https://ror.org/01s7b5y08,University of South Alabama,active,4076598,Mobile,Alabama,30.69436,-88.04305,safe_active_exact_name_only
8963,fta_partner,safe_active,US,United States,https://ror.org/02b6qw903,University of South Carolina,active,4575352,Columbia,South Carolina,34.00071,-81.03481,safe_active_exact_name_site_agreement
8964,fta_partner,safe_active,US,United States,https://ror.org/02d9k9g58,University of South Carolina Aiken,active,4569067,Aiken,South Carolina,33.56042,-81.71955,safe_active_exact_name_only
8965,fta_partner,review,US,United States,,,,,,,,,held_site_name_conflict
8966,fta_partner,review,US,United States,,,,,,,,,held_site_name_conflict
8967,fta_partner,safe_active,US,United States,https://ror.org/04m6dqx50,University of South Carolina Salkehatchie,active,4569207,Allendale,South Carolina,33.00793,-81.30844,safe_active_exact_name_only
8968,fta_partner,unmatched,US,United States,,,,,,,,,unmatched
8969,fta_partner,safe_active,US,United States,https://ror.org/04nk82x68,University of South Carolina Sumter,active,4597948,Sumter,South Carolina,33.92044,-80.34147,safe_active_exact_name_site_agreement
8970,fta_partner,review,US,United States,,,,,,,,,held_site_name_conflict
8971,fta_partner,safe_active,US,United States,https://ror.org/0043h8f16,University of South Dakota,active,5232592,Vermillion,South Dakota,42.77944,-96.92921,safe_active_exact_name_site_agreement
8972,fta_partner,safe_active,US,United States,https://ror.org/03taz7m60,University of Southern California,active,5368361,Los Angeles,California,34.05223,-118.24368,safe_active_exact_name_site_agreement
8973,fta_partner,safe_active,US,United States,https://ror.org/006bmx089,University of Southern Indiana,active,4257227,Evansville,Indiana,37.97476,-87.55585,safe_active_exact_name_site_agreement
8974,fta_partner,safe_active,US,United States,https://ror.org/03ke6tv85,University of Southern Maine,active,4975802,Portland,Maine,43.65737,-70.2589,safe_active_exact_name_site_agreement
8975,fta_partner,safe_active,US,United States,https://ror.org/0270vfa57,University of Southern Mississippi,active,4429295,Hattiesburg,Mississippi,31.32712,-89.29034,safe_active_exact_name_site_agreement
8976,fta_partner,safe_active,US,United States,https://ror.org/032db5x82,University of South Florida,active,4174757,Tampa,Florida,27.94752,-82.45843,safe_active_exact_name_site_agreement
8977,fta_partner,safe_active,US,United States,https://ror.org/04nfs2483,University of St. Francis,active,4898015,Joliet,Illinois,41.52519,-88.0834,safe_active_exact_name_site_agreement
8978,fta_partner,review,US,United States,,,,,,,,,held_review_site_only
8979,fta_partner,review,US,United States,,,,,,,,,held_review_site_only
8980,fta_partner,safe_active,US,United States,https://ror.org/007h1g065,University of Tampa,active,4174757,Tampa,Florida,27.94752,-82.45843,safe_active_exact_name_only
8981,fta_partner,review,US,United States,,,,,,,,,held_review_site_only
8982,fta_partner,review,US,United States,,,,,,,,,held_review_site_only
8983,fta_partner,review,US,United States,,,,,,,,,held_review_site_only
8984,fta_partner,unmatched,US,United States,,,,,,,,,unmatched
8985,fta_partner,unmatched,US,United States,,,,,,,,,unmatched
8986,fta_partner,review,US,United States,,,,,,,,,held_review_site_only
8987,fta_partner,review,US,United States,,,,,,,,,held_review_site_only
8988,fta_partner,review,US,United States,,,,,,,,,held_review_site_only
8989,fta_partner,unmatched,US,United States,,,,,,,,,unmatched
8990,fta_partner,review,US,United States,,,,,,,,,held_review_site_only
8991,fta_partner,review,US,United States,,,,,,,,,held_review_site_only
8992,fta_partner,review,US,United States,,,,,,,,,held_review_site_only
8993,fta_partner,unmatched,US,United States,,,,,,,,,unmatched
8994,fta_partner,unmatched,US,United States,,,,,,,,,unmatched
8995,fta_partner,unmatched,US,United States,,,,,,,,,unmatched
8996,fta_partner,safe_active,US,United States,https://ror.org/02f6dcw23,The University of Texas at San Antonio Health Science Center,active,4726206,San Antonio,Texas,29.42412,-98.49363,safe_active_exact_name_site_agreement
8997,fta_partner,unmatched,US,United States,,,,,,,,,unmatched
8998,fta_partner,review,US,United States,,,,,,,,,held_review_site_only
8999,fta_partner,review,US,United States,,,,,,,,,held_review_site_only
9000,fta_partner,unmatched,US,United States,,,,,,,,,unmatched
9001,fta_partner,review,US,United States,,,,,,,,,held_review_site_only
9002,fta_partner,safe_active,US,United States,https://ror.org/040w1dr55,University of the Arts,active,4560349,Philadelphia,Pennsylvania,39.95238,-75.16362,safe_active_exact_name_site_agreement
9003,fta_partner,safe_active,US,United States,https://ror.org/037wegn60,University of the District of Columbia,active,4140963,Washington,District of Columbia,38.89511,-77.03637,safe_active_exact_name_site_agreement
9004,fta_partner,review,US,United States,,,,,,,,,held_review_site_only
9005,fta_partner,safe_active,US,United States,https://ror.org/013qt8483,University of the Ozarks,active,4105879,Clarksville,Arkansas,35.47147,-93.46657,safe_active_exact_name_site_agreement
9006,fta_partner,safe_active,US,United States,https://ror.org/05ma4gw77,University of the Pacific,active,5399020,Stockton,California,37.9577,-121.29078,safe_active_exact_name_site_agreement
9007,fta_partner,review,US,United States,,,,,,,,,held-alias-without-clean-domain-agreement
9008,fta_partner,review,US,United States,,,,,,,,,held_review_site_only
9009,fta_partner,safe_active,US,United States,https://ror.org/00ydy7x73,University of the Southwest,active,5471578,Hobbs,New Mexico,32.70261,-103.13604,safe_active_exact_name_site_agreement
9010,fta_partner,safe_active,US,United States,https://ror.org/01pbdzh19,University of Toledo,active,5174035,Toledo,Ohio,41.66394,-83.55521,safe_active_exact_name_site_agreement
9011,fta_partner,safe_active,US,United States,https://ror.org/04wn28048,University of Tulsa,active,4553433,Tulsa,Oklahoma,36.15398,-95.99277,safe_active_exact_name_site_agreement
9012,fta_partner,safe_active,US,United States,https://ror.org/03r0ha626,University of Utah,active,5780993,Salt Lake City,Utah,40.76078,-111.89105,safe_active_exact_name_site_agreement
9013,fta_partner,safe_active,US,United States,https://ror.org/0155zta11,University of Vermont,active,5234372,Burlington,Vermont,44.47588,-73.21207,safe_active_exact_name_site_agreement
9014,fta_partner,safe_active,US,United States,https://ror.org/0153tk833,University of Virginia,active,4752031,Charlottesville,Virginia,38.02931,-78.47668,safe_active_exact_name_site_agreement
9015,fta_partner,unmatched,US,United States,,,,,,,,,unmatched
9016,fta_partner,safe_active,US,United States,https://ror.org/00cvxb145,University of Washington,active,5809844,Seattle,Washington,47.60621,-122.33207,safe_active_exact_name_site_agreement
9017,fta_partner,safe_active,US,United States,https://ror.org/05n8t2628,University of Washington Tacoma,active,5812944,Tacoma,Washington,47.25288,-122.44429,safe_active_exact_name_only
9018,fta_partner,safe_active,US,United States,https://ror.org/010acrp16,University of West Alabama,active,4073383,Livingston,Alabama,32.5843,-88.18725,safe_active_exact_name_site_agreement
9019,fta_partner,safe_active,US,United States,https://ror.org/002w4zy91,University of West Florida,active,4168228,Pensacola,Florida,30.42131,-87.21691,safe_active_exact_name_site_agreement
9020,fta_partner,safe_active,US,United States,https://ror.org/045zwes19,University of West Los Angeles,active,5359488,Inglewood,California,33.96168,-118.35313,safe_active_exact_name_site_agreement
9021,fta_partner,safe_active,US,United States,https://ror.org/03mnm0t94,University of Wisconsin–Eau Claire,active,5251436,Eau Claire,Wisconsin,44.81135,-91.49849,safe_active_exact_name_site_agreement
9022,fta_partner,safe_active,US,United States,https://ror.org/05hbexn54,University of Wisconsin–Green Bay,active,5254962,Green Bay,Wisconsin,44.51916,-88.01983,safe_active_exact_name_site_agreement
9023,fta_partner,safe_active,US,United States,https://ror.org/00x8ccz20,University of Wisconsin–La Crosse,active,5258957,La Crosse,Wisconsin,43.80136,-91.23958,safe_active_exact_name_site_agreement
9024,fta_partner,safe_active,US,United States,https://ror.org/01y2jtd41,University of Wisconsin–Madison,active,5261457,Madison,Wisconsin,43.07305,-89.40123,safe_active_exact_name_site_agreement
9025,fta_partner,safe_active,US,United States,https://ror.org/031q21x57,University of Wisconsin–Milwaukee,active,5263045,Milwaukee,Wisconsin,43.0389,-87.90647,safe_active_exact_name_site_agreement
9026,fta_partner,safe_active,US,United States,https://ror.org/05w22af52,University of Wisconsin–Oshkosh,active,5265838,Oshkosh,Wisconsin,44.02471,-88.54261,safe_active_exact_name_site_agreement
9027,fta_partner,safe_active,US,United States,https://ror.org/05s9f4d27,University of Wisconsin–Parkside,active,5258393,Kenosha,Wisconsin,42.58474,-87.82119,safe_active_exact_name_site_agreement
9028,fta_partner,safe_active,US,United States,https://ror.org/02xpkhc07,University of Wisconsin–Platteville,active,5267332,Platteville,Wisconsin,42.73416,-90.47846,safe_active_exact_name_site_agreement
9029,fta_partner,safe_active,US,United States,https://ror.org/02ep9vf55,University of Wisconsin–River Falls,active,5268986,River Falls,Wisconsin,44.86136,-92.62381,safe_active_exact_name_site_agreement
9030,fta_partner,safe_active,US,United States,https://ror.org/05sv6pg41,University of Wisconsin–Stevens Point,active,5274644,Stevens Point,Wisconsin,44.52358,-89.57456,safe_active_exact_name_site_agreement
9031,fta_partner,safe_active,US,United States,https://ror.org/01gb8pc70,University of Wisconsin–Stout,active,5262634,Menomonie,Wisconsin,44.87552,-91.91934,safe_active_exact_name_site_agreement
9032,fta_partner,safe_active,US,United States,https://ror.org/00z2qhk53,University of Wisconsin–Superior,active,5275191,Superior,Wisconsin,46.72077,-92.10408,safe_active_exact_name_site_agreement
9033,fta_partner,safe_active,US,United States,https://ror.org/049hrzs50,University of Wisconsin–Whitewater,active,5278931,Whitewater,Wisconsin,42.83362,-88.73233,safe_active_exact_name_site_agreement
9034,fta_partner,safe_active,US,United States,https://ror.org/01485tq96,University of Wyoming,active,5830062,Laramie,Wyoming,41.31137,-105.5911,safe_active_exact_name_site_agreement
9035,fta_partner,safe_active,US,United States,https://ror.org/02jhx4860,Upper Iowa University,active,4856468,Fayette,Iowa,42.84193,-91.80211,safe_active_exact_name_site_agreement
9036,fta_partner,safe_active,US,United States,https://ror.org/04kp3hw27,Urbana University,active,5174897,Urbana,Ohio,40.10839,-83.75243,safe_active_exact_name_site_agreement
9037,fta_partner,safe_active,US,United States,https://ror.org/02jqn4a25,Ursinus College,active,5184966,Collegeville,Pennsylvania,40.18566,-75.45157,safe_active_exact_name_site_agreement
9038,fta_partner,safe_active,US,United States,https://ror.org/02fhmsd26,Ursuline College,active,5166438,Pepper Pike,Ohio,41.47839,-81.46373,safe_active_exact_name_site_agreement
9039,fta_partner,safe_active,US,United States,https://ror.org/00h6set76,Utah State University,active,5777544,Logan,Utah,41.73549,-111.83439,safe_active_exact_name_site_agreement
9040,fta_partner,review,US,United States,,,,,,,,,held-alias-without-clean-domain-agreement
9041,fta_partner,safe_active,US,United States,https://ror.org/002ygss10,Utica College,active,5142056,Utica,New York,43.1009,-75.23266,safe_active_exact_name_only
9042,fta_partner,safe_active,US,United States,https://ror.org/04zjcaq85,Valdosta State University,active,4228147,Valdosta,Georgia,30.83334,-83.28032,safe_active_exact_name_site_agreement
9043,fta_partner,safe_active,US,United States,https://ror.org/020wewd22,Valley City State University,active,5062292,Valley City,North Dakota,46.92331,-98.00315,safe_active_exact_name_only
9044,fta_partner,review,US,United States,,,,,,,,,held-alias-without-clean-domain-agreement
9045,fta_partner,safe_active,US,United States,https://ror.org/01pp0fx48,Valparaiso University,active,4927537,Valparaiso,Indiana,41.47309,-87.06114,safe_active_exact_name_site_agreement
9046,fta_partner,safe_active,US,United States,https://ror.org/02vm5rt34,Vanderbilt University,active,4644585,Nashville,Tennessee,36.16589,-86.78444,safe_active_exact_name_site_agreement
9047,fta_partner,safe_active,US,United States,https://ror.org/02m0g1n06,VanderCook College of Music,active,4887398,Chicago,Illinois,41.85003,-87.65005,safe_active_exact_name_site_agreement
9048,fta_partner,review,US,United States,,,,,,,,,held_review_site_only
9049,fta_partner,safe_active,US,United States,https://ror.org/022x6qg61,Vassar College,active,5132147,Town of Poughkeepsie,New York,41.66981,-73.90703,safe_active_exact_name_site_agreement
9050,fta_partner,unmatched,US,United States,,,,,,,,,unmatched
9051,fta_partner,safe_active,US,United States,https://ror.org/02gky3n02,Vermont Law and Graduate School,active,5241330,South Royalton,Vermont,43.8209,-72.52121,safe_active_exact_name_site_agreement
9052,fta_partner,inactive_history,US,United States,,,,,,,,,held_inactive_exact_name
9053,fta_partner,review,US,United States,,,,,,,,,held-alias-without-clean-domain-agreement
9054,fta_partner,safe_active,US,United States,https://ror.org/02g7kd627,Villanova University,active,5207490,Radnor,Pennsylvania,40.04622,-75.35991,safe_active_exact_name_site_agreement
9055,fta_partner,safe_active,US,United States,https://ror.org/00sqv6z18,Virginia College,active,4049979,Birmingham,Alabama,33.52066,-86.80249,safe_active_exact_name_site_agreement
9056,fta_partner,safe_active,US,United States,https://ror.org/02nkdxk79,Virginia Commonwealth University,active,4781708,Richmond,Virginia,37.55376,-77.46026,safe_active_exact_name_site_agreement
9057,fta_partner,safe_active,US,United States,https://ror.org/01459d894,Virginia Intermont College,active,4748993,Bristol,Virginia,36.59649,-82.18847,safe_active_exact_name_site_agreement
9058,fta_partner,safe_active,US,United States,https://ror.org/05pgz6x52,Virginia International University,active,4758023,Fairfax,Virginia,38.84622,-77.30637,safe_active_exact_name_site_agreement
9059,fta_partner,safe_active,US,United States,https://ror.org/01ngnm118,Virginia Military Institute,active,4769339,Lexington,Virginia,37.78402,-79.44282,safe_active_exact_name_site_agreement
9060,fta_partner,review,US,United States,,,,,,,,,held_review_site_only
9061,fta_partner,safe_active,US,United States,https://ror.org/04esvpn06,Virginia State University,active,4778626,Petersburg,Virginia,37.22793,-77.40193,safe_active_exact_name_site_agreement
9062,fta_partner,safe_active,US,United States,https://ror.org/02zwyfg51,Virginia Union University,active,4781708,Richmond,Virginia,37.55376,-77.46026,safe_active_exact_name_site_agreement
9063,fta_partner,review,US,United States,,,,,,,,,held-alias-without-clean-domain-agreement
9064,fta_partner,review,US,United States,,,,,,,,,held_review_site_only
9065,fta_partner,safe_active,US,United States,https://ror.org/02996zz79,Voorhees College,active,4576544,Denmark,South Carolina,33.32265,-81.14232,safe_active_exact_name_site_agreement
9066,fta_partner,safe_active,US,United States,https://ror.org/00p11pk44,Wabash College,active,4919381,Crawfordsville,Indiana,40.04115,-86.87445,safe_active_exact_name_site_agreement
9067,fta_partner,safe_active,US,United States,https://ror.org/03bvq6y88,Wagner College,active,5139568,Staten Island,New York,40.56233,-74.13986,safe_active_exact_name_site_agreement
9068,fta_partner,safe_active,US,United States,https://ror.org/0207ad724,Wake Forest University,active,4499612,Winston-Salem,North Carolina,36.09986,-80.24422,safe_active_exact_name_site_agreement
9069,fta_partner,safe_active,US,United States,https://ror.org/02qp2hh41,Walden University,active,5037649,Minneapolis,Minnesota,44.97997,-93.26384,safe_active_exact_name_site_agreement
9070,fta_partner,unmatched,US,United States,,,,,,,,,unmatched
9071,fta_partner,review,US,United States,,,,,,,,,held-alias-without-clean-domain-agreement
9072,fta_partner,safe_active,US,United States,https://ror.org/003ammk23,Walsh University,active,5164706,North Canton,Ohio,40.87589,-81.40234,safe_active_exact_name_site_agreement
9073,fta_partner,safe_active,US,United States,https://ror.org/03sjenh86,Warner Pacific College,active,5746545,Portland,Oregon,45.52345,-122.67621,safe_active_exact_name_site_agreement
9074,fta_partner,review,US,United States,,,,,,,,,held_review_site_only
9075,fta_partner,safe_active,US,United States,https://ror.org/04vt0z780,Warren Wilson College,active,4453066,Asheville,North Carolina,35.60095,-82.55402,safe_active_exact_name_site_agreement
9076,fta_partner,safe_active,US,United States,https://ror.org/02exxw634,Wartburg College,active,4881024,Waverly,Iowa,42.72581,-92.47546,safe_active_exact_name_site_agreement
9077,fta_partner,safe_active,US,United States,https://ror.org/04sk2ar21,Washburn University,active,4280539,Topeka,Kansas,39.04833,-95.67804,safe_active_exact_name_site_agreement
9078,fta_partner,safe_active,US,United States,https://ror.org/05r9xgf14,Washington and Lee University,active,4769339,Lexington,Virginia,37.78402,-79.44282,safe_active_exact_name_site_agreement
9079,fta_partner,unmatched,US,United States,,,,,,,,,unmatched
9080,fta_partner,review,US,United States,,,,,,,,,held_ambiguous_active_exact_name
9081,fta_partner,safe_active,US,United States,https://ror.org/05dk0ce17,Washington State University,active,5807540,Pullman,Washington,46.73127,-117.17962,safe_active_exact_name_site_agreement
9082,fta_partner,safe_active,US,United States,https://ror.org/04vfs5h36,Washington State University Spokane,active,5811696,Spokane,Washington,47.65966,-117.42908,safe_active_exact_name_site_agreement
9083,fta_partner,safe_active,US,United States,https://ror.org/02sjef319,Washington State University Tri-Cities,active,5808276,Richland,Washington,46.28569,-119.28446,safe_active_exact_name_only
9084,fta_partner,safe_active,US,United States,https://ror.org/00g2fk805,Washington State University Vancouver,active,5814616,Vancouver,Washington,45.63873,-122.66149,safe_active_exact_name_site_agreement
9085,fta_partner,safe_active,US,United States,https://ror.org/01yc7t268,Washington University in St. Louis,active,4407066,St Louis,Missouri,38.62727,-90.19789,safe_active_exact_name_site_agreement
9086,fta_partner,safe_active,US,United States,https://ror.org/024ccd889,Wayland Baptist University,active,5528450,Plainview,Texas,34.18479,-101.70684,safe_active_exact_name_site_agreement
9087,fta_partner,review,US,United States,,,,,,,,,held_review_site_only
9088,fta_partner,safe_active,US,United States,https://ror.org/02cntrd02,Wayne State College,active,5081454,Wayne,Nebraska,42.23056,-97.01782,safe_active_exact_name_site_agreement
9089,fta_partner,safe_active,US,United States,https://ror.org/01070mq45,Wayne State University,active,4990729,Detroit,Michigan,42.33143,-83.04575,safe_active_exact_name_site_agreement
9090,fta_partner,review,US,United States,,,,,,,,,held_review_site_only
9091,fta_partner,safe_active,US,United States,https://ror.org/02f29yc36,Webb Institute,active,5118626,Glen Cove,New York,40.86232,-73.63374,safe_active_exact_name_only
9092,fta_partner,safe_active,US,United States,https://ror.org/01epn2q93,Weber State University,active,5779206,Ogden,Utah,41.223,-111.97383,safe_active_exact_name_site_agreement
9093,fta_partner,safe_active,US,United States,https://ror.org/01x8j4206,Webster University,active,4407066,St Louis,Missouri,38.62727,-90.19789,safe_active_exact_name_site_agreement
9094,fta_partner,review,US,United States,,,,,,,,,held_review_site_only
9095,fta_partner,review,US,United States,,,,,,,,,held_review_site_only
9096,fta_partner,safe_active,US,United States,https://ror.org/01srpnj69,Wellesley College,active,4954738,Wellesley,Massachusetts,42.29649,-71.29256,safe_active_exact_name_site_agreement
9097,fta_partner,inactive_history,US,United States,,,,,,,,,held_inactive_exact_name
9098,fta_partner,safe_active,US,United States,https://ror.org/03tqeft14,Wentworth Institute of Technology,active,4930956,Boston,Massachusetts,42.35843,-71.05977,safe_active_exact_name_site_agreement
9099,fta_partner,safe_active,US,United States,https://ror.org/05d7pr418,Wesleyan College,active,4207400,Macon,Georgia,32.84069,-83.6324,safe_active_exact_name_only
9100,fta_partner,safe_active,US,United States,https://ror.org/05h7xva58,Wesleyan University,active,4838633,Middletown,Connecticut,41.56232,-72.65065,safe_active_exact_name_site_agreement
9101,fta_partner,safe_active,US,United States,https://ror.org/04ar26726,Wesley College,active,4142290,Dover,Delaware,39.15817,-75.52437,safe_active_exact_name_site_agreement
9102,fta_partner,unmatched,US,United States,,,,,,,,,unmatched
9103,fta_partner,safe_active,US,United States,https://ror.org/02vfebb84,Westbrook University,active,5280814,Weirton,West Virginia,40.41896,-80.58952,safe_active_exact_name_site_agreement
9104,fta_partner,review,US,United States,,,,,,,,,held_review_site_only
9105,fta_partner,safe_active,US,United States,https://ror.org/04jj38x11,West Coast University,active,5368361,Los Angeles,California,34.05223,-118.24368,safe_active_exact_name_only
9106,fta_partner,review,US,United States,,,,,,,,,held-alias-without-clean-domain-agreement
9107,fta_partner,unmatched,US,United States,,,,,,,,,unmatched
9108,fta_partner,safe_active,US,United States,https://ror.org/010h78f45,Western Carolina University,active,4462701,Cullowhee,North Carolina,35.31371,-83.17653,safe_active_exact_name_site_agreement
9109,fta_partner,safe_active,US,United States,https://ror.org/01565p617,Western Connecticut State University,active,4832353,Danbury,Connecticut,41.39482,-73.45401,safe_active_exact_name_only
9110,fta_partner,safe_active,US,United States,https://ror.org/0210dff90,Western Governors University,active,5780993,Salt Lake City,Utah,40.76078,-111.89105,safe_active_exact_name_site_agreement
9111,fta_partner,safe_active,US,United States,https://ror.org/02sshz518,Western Illinois University,active,4900817,Macomb,Illinois,40.45921,-90.6718,safe_active_exact_name_site_agreement
9112,fta_partner,inactive_history,US,United States,,,,,,,,,held_inactive_exact_name
9113,fta_partner,safe_active,US,United States,https://ror.org/0446vnd56,Western Kentucky University,active,4285268,Bowling Green,Kentucky,36.99032,-86.4436,safe_active_exact_name_site_agreement
9114,fta_partner,review,US,United States,,,,,,,,,held-alias-without-clean-domain-agreement
9115,fta_partner,safe_active,US,United States,https://ror.org/04j198w64,Western Michigan University,active,4997787,Kalamazoo,Michigan,42.29171,-85.58723,safe_active_exact_name_site_agreement
9116,fta_partner,unmatched,US,United States,,,,,,,,,unmatched
9117,fta_partner,safe_active,US,United States,https://ror.org/00r5mr697,Western New Mexico University,active,5491487,Silver City,New Mexico,32.77007,-108.28033,safe_active_exact_name_site_agreement
9118,fta_partner,safe_active,US,United States,https://ror.org/002xn4752,Western Oregon University,active,5741227,Monmouth,Oregon,44.84845,-123.23399,safe_active_exact_name_site_agreement
9119,fta_partner,review,US,United States,,,,,,,,,held_review_site_only
9120,fta_partner,review,US,United States,,,,,,,,,held-alias-without-clean-domain-agreement
9121,fta_partner,unmatched,US,United States,,,,,,,,,unmatched
9122,fta_partner,unmatched,US,United States,,,,,,,,,unmatched
9123,fta_partner,safe_active,US,United States,https://ror.org/05wn7r715,Western Washington University,active,5786899,Bellingham,Washington,48.75955,-122.48822,safe_active_exact_name_site_agreement
9124,fta_partner,review,US,United States,,,,,,,,,held-alias-without-clean-domain-agreement
9125,fta_partner,review,US,United States,,,,,,,,,held-alias-without-clean-domain-agreement
9126,fta_partner,unmatched,US,United States,,,,,,,,,unmatched
9127,fta_partner,review,US,United States,,,,,,,,,held_review_site_only
9128,fta_partner,unmatched,US,United States,,,,,,,,,unmatched
9129,fta_partner,safe_active,US,United States,https://ror.org/00xhcz327,Westmont College,active,5392952,Santa Barbara,California,34.42083,-119.69819,safe_active_exact_name_site_agreement
9130,fta_partner,review,US,United States,,,,,,,,,held-alias-without-clean-domain-agreement
9131,fta_partner,safe_active,US,United States,https://ror.org/04gnp7x40,West Texas A&M University,active,5518239,Canyon,Texas,34.98033,-101.9188,safe_active_exact_name_site_agreement
9132,fta_partner,safe_active,US,United States,https://ror.org/01s8dqw53,West Virginia School of Osteopathic Medicine,active,4812015,Lewisburg,West Virginia,37.80179,-80.44563,safe_active_exact_name_site_agreement
9133,fta_partner,unmatched,US,United States,,,,,,,,,unmatched
9134,fta_partner,safe_active,US,United States,https://ror.org/011vxgd24,West Virginia University,active,4815352,Morgantown,West Virginia,39.62953,-79.9559,safe_active_exact_name_site_agreement
9135,fta_partner,safe_active,US,United States,https://ror.org/028ebfc83,West Virginia University Institute of Technology,active,4798308,Beckley,West Virginia,37.77817,-81.18816,safe_active_exact_name_only
9136,fta_partner,safe_active,US,United States,https://ror.org/057nqxc22,West Virginia Wesleyan College,active,4800587,Buckhannon,West Virginia,38.99399,-80.23203,safe_active_exact_name_site_agreement
9137,fta_partner,safe_active,US,United States,https://ror.org/05kjfpp30,Westwood College,active,5419384,Denver,Colorado,39.73915,-104.9847,safe_active_exact_name_site_agreement
9138,fta_partner,safe_active,US,United States,https://ror.org/055ja0v85,Wheaton College - Massachusetts,active,4945911,Norton,Massachusetts,41.96677,-71.18699,safe_active_exact_name_only
9139,fta_partner,safe_active,US,United States,https://ror.org/02z310y44,Wheeling Jesuit University,active,5280854,Wheeling,West Virginia,40.06396,-80.72091,safe_active_exact_name_site_agreement
9140,fta_partner,safe_active,US,United States,https://ror.org/00mnwwq78,Wheelock College,active,4930956,Boston,Massachusetts,42.35843,-71.05977,safe_active_exact_name_site_agreement
9141,fta_partner,safe_active,US,United States,https://ror.org/05axv8155,Whitman College,active,5814916,Walla Walla,Washington,46.06458,-118.34302,safe_active_exact_name_site_agreement
9142,fta_partner,safe_active,US,United States,https://ror.org/04z664d45,Whittier College,active,5409059,Whittier,California,33.97918,-118.03284,safe_active_exact_name_site_agreement
9143,fta_partner,safe_active,US,United States,https://ror.org/04j9d0s43,Whitworth University,active,5811696,Spokane,Washington,47.65966,-117.42908,safe_active_exact_name_site_agreement
9144,fta_partner,safe_active,US,United States,https://ror.org/00c4e7y75,Wichita State University,active,4281730,Wichita,Kansas,37.69224,-97.33754,safe_active_exact_name_only
9145,fta_partner,safe_active,US,United States,https://ror.org/00nsyd297,Widener University,active,4557137,Chester,Pennsylvania,39.84753,-75.35785,safe_active_exact_name_site_agreement
9146,fta_partner,safe_active,US,United States,https://ror.org/02b50zn53,Wilberforce University,active,4528348,Wilberforce,Ohio,39.71617,-83.87771,safe_active_exact_name_site_agreement
9147,fta_partner,safe_active,US,United States,https://ror.org/030zy2k76,Wilbur Wright College,active,4887398,Chicago,Illinois,41.85003,-87.65005,safe_active_exact_name_site_agreement
9148,fta_partner,safe_active,US,United States,https://ror.org/02mhf1b49,Wiley College,active,4709272,Marshall,Texas,32.54487,-94.36742,safe_active_exact_name_site_agreement
9149,fta_partner,safe_active,US,United States,https://ror.org/054nntz49,Wilkes University,active,5219488,Wilkes-Barre,Pennsylvania,41.24591,-75.88131,safe_active_exact_name_site_agreement
9150,fta_partner,safe_active,US,United States,https://ror.org/04g9e0f44,Willamette University,active,5750162,Salem,Oregon,44.9429,-123.0351,safe_active_exact_name_site_agreement
9151,fta_partner,review,US,United States,,,,,,,,,held_review_site_only
9152,fta_partner,safe_active,US,United States,https://ror.org/037kgpk38,William Jewell College,active,4395052,Liberty,Missouri,39.24611,-94.41912,safe_active_exact_name_site_agreement
9153,fta_partner,unmatched,US,United States,,,,,,,,,unmatched
9154,fta_partner,safe_active,US,United States,https://ror.org/00k3ayt93,William Paterson University,active,5106160,Wayne,New Jersey,40.92538,-74.27654,safe_active_exact_name_site_agreement
9155,fta_partner,review,US,United States,,,,,,,,,held_review_site_only
9156,fta_partner,safe_active,US,United States,https://ror.org/03cv3dj55,Williams Baptist College,active,4135205,Walnut Ridge,Arkansas,36.0684,-90.95595,safe_active_exact_name_site_agreement
9157,fta_partner,safe_active,US,United States,https://ror.org/04avkmd49,Williams College,active,4955786,Williamstown,Massachusetts,42.71202,-73.20372,safe_active_exact_name_site_agreement
9158,fta_partner,unmatched,US,United States,,,,,,,,,unmatched
9159,fta_partner,safe_active,US,United States,https://ror.org/05ktv1y25,William Woods University,active,4387496,Fulton,Missouri,38.84671,-91.94796,safe_active_exact_name_only
9160,fta_partner,safe_active,US,United States,https://ror.org/01k08ez36,Wilmington College,active,4528463,Wilmington,Ohio,39.44534,-83.82854,safe_active_exact_name_only
9161,fta_partner,safe_active,US,United States,https://ror.org/01k08ez36,Wilmington College,active,4528463,Wilmington,Ohio,39.44534,-83.82854,safe_active_exact_name_site_agreement
9162,fta_partner,safe_active,US,United States,https://ror.org/05japer20,Wilson College,active,4557109,Chambersburg,Pennsylvania,39.93759,-77.6611,safe_active_exact_name_site_agreement
9163,fta_partner,safe_active,US,United States,https://ror.org/01yyxv878,Wingate University,active,4499573,Wingate,North Carolina,34.98432,-80.44923,safe_active_exact_name_site_agreement
9164,fta_partner,safe_active,US,United States,https://ror.org/00kmxt141,Winona State University,active,5053156,Winona,Minnesota,44.04996,-91.63932,safe_active_exact_name_only
9165,fta_partner,safe_active,US,United States,https://ror.org/049yc0897,Winston-Salem State University,active,4499612,Winston-Salem,North Carolina,36.09986,-80.24422,safe_active_exact_name_site_agreement
9166,fta_partner,safe_active,US,United States,https://ror.org/04mpzkf73,Winthrop University,active,4593142,Rock Hill,South Carolina,34.92487,-81.02508,safe_active_exact_name_site_agreement
9167,fta_partner,safe_active,US,United States,https://ror.org/00nve0j20,Wisconsin Lutheran College,active,5263045,Milwaukee,Wisconsin,43.0389,-87.90647,safe_active_exact_name_site_agreement
9168,fta_partner,safe_active,US,United States,https://ror.org/00stpsa05,Wisconsin School of Professional Psychology,active,5263045,Milwaukee,Wisconsin,43.0389,-87.90647,safe_active_exact_name_only
9169,fta_partner,safe_active,US,United States,https://ror.org/04a23br85,Wittenberg University,active,4525353,Springfield,Ohio,39.92423,-83.80882,safe_active_exact_name_site_agreement
9170,fta_partner,safe_active,US,United States,https://ror.org/04dzs7b08,Wofford College,active,4597200,Spartanburg,South Carolina,34.94957,-81.93205,safe_active_exact_name_site_agreement
9171,fta_partner,safe_active,US,United States,https://ror.org/013fs2498,Woodbury University,active,5331835,Burbank,California,34.18084,-118.30897,safe_active_exact_name_only
9172,fta_partner,safe_active,US,United States,https://ror.org/05ejpqr48,Worcester Polytechnic Institute,active,4956184,Worcester,Massachusetts,42.26259,-71.80229,safe_active_exact_name_site_agreement
9173,fta_partner,unmatched,US,United States,,,,,,,,,unmatched
9174,fta_partner,safe_active,US,United States,https://ror.org/017t4sb47,Wright Institute,active,5327684,Berkeley,California,37.87159,-122.27275,safe_active_exact_name_only
9175,fta_partner,safe_active,US,United States,https://ror.org/04qk6pt94,Wright State University,active,4509884,Dayton,Ohio,39.75895,-84.19161,safe_active_exact_name_site_agreement
9176,fta_partner,safe_active,US,United States,https://ror.org/00f266q65,Xavier University,active,4508722,Cincinnati,Ohio,39.12711,-84.51439,safe_active_exact_name_only
9177,fta_partner,safe_active,US,United States,https://ror.org/0085d9t86,Xavier University of Louisiana,active,4335045,New Orleans,Louisiana,29.95465,-90.07507,safe_active_exact_name_site_agreement
9178,fta_partner,safe_active,US,United States,https://ror.org/03v76x132,Yale University,active,4839366,New Haven,Connecticut,41.30815,-72.92816,safe_active_exact_name_site_agreement
9179,fta_partner,safe_active,US,United States,https://ror.org/045x93337,Yeshiva University,active,5128581,New York,New York,40.71427,-74.00597,safe_active_exact_name_site_agreement
9180,fta_partner,review,US,United States,,,,,,,,,held_review_site_only
9181,fta_partner,safe_active,US,United States,https://ror.org/02ssn3c97,York College of Pennsylvania,active,4562407,York,Pennsylvania,39.9626,-76.72774,safe_active_exact_name_only
9182,fta_partner,unmatched,US,United States,,,,,,,,,unmatched
9183,fta_partner,safe_active,US,United States,https://ror.org/022jz8688,York University,active,5082331,York,Nebraska,40.86807,-97.592,safe_active_exact_name_only
9184,fta_partner,safe_active,US,United States,https://ror.org/038zf2n28,Youngstown State University,active,5177568,Youngstown,Ohio,41.09978,-80.64952,safe_active_exact_name_site_agreement
9258,fta_partner,review,VN,Vietnam,,,,,,,,,held-alias-without-clean-domain-agreement
9259,fta_partner,unmatched,VN,Vietnam,,,,,,,,,unmatched
9260,fta_partner,safe_active,VN,Vietnam,https://ror.org/0071qz696,Can Tho University,active,1586203,Can Tho,Can Tho,10.03711,105.78825,safe_active_exact_name_site_agreement
9261,fta_partner,unmatched,VN,Vietnam,,,,,,,,,unmatched
9262,fta_partner,safe_active,VN,Vietnam,https://ror.org/03a8q7p75,Foreign Trade University,active,1581130,Hanoi,Hanoi,21.0245,105.84117,safe_active_exact_name_site_agreement
9263,fta_partner,safe_active,VN,Vietnam,https://ror.org/03esj4g97,FPT University,active,1581130,Hanoi,Hanoi,21.0245,105.84117,safe_active_exact_name_site_agreement
9264,fta_partner,review,VN,Vietnam,,,,,,,,,held_review_site_only
9265,fta_partner,safe_active,VN,Vietnam,https://ror.org/01n2t3x97,Hanoi Medical University,active,1581130,Hanoi,Hanoi,21.0245,105.84117,safe_active_exact_name_site_agreement
9266,fta_partner,review,VN,Vietnam,,,,,,,,,held_review_site_only
9267,fta_partner,safe_active,VN,Vietnam,https://ror.org/00gjkwr85,Hanoi Open University,active,1581130,Hanoi,Hanoi,21.0245,105.84117,safe_active_exact_name_only
9268,fta_partner,safe_active,VN,Vietnam,https://ror.org/03c8sfz84,Hanoi Architectural University,active,1581130,Hanoi,Hanoi,21.0245,105.84117,safe_active_exact_name_site_agreement
9269,fta_partner,safe_active,VN,Vietnam,https://ror.org/01351mb48,Hanoi University of Civil Engineering,active,1581130,Hanoi,Hanoi,21.0245,105.84117,safe_active_exact_name_only
9270,fta_partner,safe_active,VN,Vietnam,https://ror.org/01rw3qm79,Hanoi University of Mining and Geology,active,1581130,Hanoi,Hanoi,21.0245,105.84117,safe_active_exact_name_site_agreement
9271,fta_partner,review,VN,Vietnam,,,,,,,,,held-alias-without-clean-domain-agreement
9272,fta_partner,safe_active,VN,Vietnam,https://ror.org/04nyv3z04,Hanoi University of Science and Technology,active,1581130,Hanoi,Hanoi,21.0245,105.84117,safe_active_exact_name_only
9273,fta_partner,safe_active,VN,Vietnam,https://ror.org/00tean533,Ho Chi Minh City Open University,active,1566083,Ho Chi Minh City,Ho Chi Minh City (HCMC),10.82302,106.62965,safe_active_exact_name_site_agreement
9274,fta_partner,review,VN,Vietnam,,,,,,,,,held-alias-without-clean-domain-agreement
9275,fta_partner,safe_active,VN,Vietnam,https://ror.org/02tyvzz27,Ho Chi Minh City University of Architecture,active,1566083,Ho Chi Minh City,Ho Chi Minh,10.82302,106.62965,safe_active_exact_name_site_agreement
9276,fta_partner,review,VN,Vietnam,,,,,,,,,held_review_site_only
9277,fta_partner,safe_active,VN,Vietnam,https://ror.org/02th1pb96,Ho Chi Minh City University of Foreign Languages and Information Technology,active,1566083,Ho Chi Minh City,Ho Chi Minh,10.82302,106.62965,safe_active_exact_name_site_agreement
9278,fta_partner,safe_active,VN,Vietnam,https://ror.org/033dq6x61,Ho Chi Minh City University of Law,active,1566083,Ho Chi Minh City,Ho Chi Minh,10.82302,106.62965,safe_active_exact_name_site_agreement
9279,fta_partner,unmatched,VN,Vietnam,,,,,,,,,unmatched
9280,fta_partner,review,VN,Vietnam,,,,,,,,,held-alias-without-clean-domain-agreement
9281,fta_partner,unmatched,VN,Vietnam,,,,,,,,,unmatched
9282,fta_partner,safe_active,VN,Vietnam,https://ror.org/02c6yhw44,Ho Chi Minh City University of Social Sciences and Humanities,active,1566083,Ho Chi Minh City,Ho Chi Minh,10.82302,106.62965,safe_active_exact_name_site_agreement
9283,fta_partner,safe_active,VN,Vietnam,https://ror.org/04qva2324,Ho Chi Minh City University of Technology,active,1566083,Ho Chi Minh City,Ho Chi Minh,10.82302,106.62965,safe_active_exact_name_site_agreement
9284,fta_partner,safe_active,VN,Vietnam,https://ror.org/011c0vt04,Ho Chi Minh City University of Transport,active,1566083,Ho Chi Minh City,Ho Chi Minh,10.82302,106.62965,safe_active_exact_name_only
9285,fta_partner,unmatched,VN,Vietnam,,,,,,,,,unmatched
9286,fta_partner,review,VN,Vietnam,,,,,,,,,held_ambiguous_active_exact_name
9287,fta_partner,safe_active,VN,Vietnam,https://ror.org/025a27r74,Hue University of Agriculture and Forestry,active,8998450,Thuận Nam,Bình Thuận Province,10.85004,107.87864,safe_active_exact_name_only
9288,fta_partner,review,VN,Vietnam,,,,,,,,,held_review_site_only
9289,fta_partner,safe_active,VN,Vietnam,https://ror.org/0363rtq22,Posts and Telecommunications Institute of Technology,active,1581364,Hà Đông,Hanoi,20.97136,105.77876,safe_active_exact_name_site_agreement
9290,fta_partner,review,VN,Vietnam,,,,,,,,,held_review_site_only
9291,fta_partner,safe_active,VN,Vietnam,https://ror.org/01f1fsr30,Saigon University,active,1566083,Ho Chi Minh City,Ho Chi Minh City (HCMC),10.82302,106.62965,safe_active_exact_name_site_agreement
9292,fta_partner,safe_active,VN,Vietnam,https://ror.org/01s7bde64,Tay Nguyen University,active,1586896,Buon Ma Thuot,Dak Lak,12.66747,108.03775,safe_active_exact_name_only
9293,fta_partner,review,VN,Vietnam,,,,,,,,,held_review_site_only
9294,fta_partner,review,VN,Vietnam,,,,,,,,,held_review_site_only
9295,fta_partner,safe_active,VN,Vietnam,https://ror.org/03ecpp171,University of Da Nang,active,1583992,Da Nang,Da Nang,16.06778,108.22083,safe_active_exact_name_only
9296,fta_partner,review,VN,Vietnam,,,,,,,,,held_review_site_only
9297,fta_partner,safe_active,VN,Vietnam,https://ror.org/006qk6d61,University of Transport and Communications,active,1581130,Hanoi,Hanoi,21.0245,105.84117,safe_active_exact_name_site_agreement
9298,fta_partner,safe_active,VN,Vietnam,https://ror.org/03z9fzp04,Vietnam Maritime University,active,1581298,Haiphong,Haiphong,20.86481,106.68345,safe_active_exact_name_site_agreement
9299,fta_partner,safe_active,VN,Vietnam,https://ror.org/02jmfj006,"Vietnam National University, Hanoi",active,1581130,Hanoi,Hanoi,21.0245,105.84117,safe_active_exact_name_site_agreement
9300,fta_partner,safe_active,VN,Vietnam,https://ror.org/00waaqh38,Vietnam National University Ho Chi Minh City,active,1566083,Ho Chi Minh City,Ho Chi Minh,10.82302,106.62965,safe_active_exact_name_site_agreement
9301,fta_partner,safe_active,VN,Vietnam,https://ror.org/01abaah21,Vietnam National University of Agriculture,active,1581130,Hanoi,Hanoi,21.0245,105.84117,safe_active_exact_name_site_agreement
9302,fta_partner,review,VN,Vietnam,,,,,,,,,held-alias-without-clean-domain-agreement
9303,oceania,safe_active,WS,Samoa,https://ror.org/006pnw132,National University of Samoa,active,4035413,Apia,Tuamasaga,-13.83333,-171.76666,automatic-strict-name+domain-within-country
9304,oceania,review,WS,Samoa,,,,,,,,,manual-history-or-entity-level-candidate
